"","は","indicates sentence topic; indicates contrast with another option (stated or unstated); adds emphasis"
"","を","indicates direct object of action; indicates subject of causative expression; indicates an area traversed; indicates time (period) over which action takes place; indicates point of departure or separation of action; indicates object of desire, like, hate, etc."
"","に","at (place, time), in, on, during; to (direction, state), toward, into; for (purpose); because of (reason), for, with; by, from; as (i.e. in the role of); per, in, for, a (e.g. ""once a month""); and, in addition to; if, although"
"彼","かれ","he, him; boyfriend"
"為る","する","to do, to carry out, to perform; to cause to become, to make (into), to turn (into); to serve as, to act as, to work as; to wear (clothes, a facial expression, etc.); to judge as being, to view as being, to think of as, to treat as, to use as; to decide on, to choose; to be sensed (of a smell, noise, etc.); to be (in a state, condition, etc.); to be worth, to cost; to pass (of time), to elapse; to place, or raise, person A to a post or status B; to transform A to B, to make A into B, to exchange A for B; to make use of A for B, to view A as B, to handle A as if it were B; to feel A about B; verbalizing suffix (applies to nouns noted in this dictionary with the part of speech ""vs""); creates a humble verb (after a noun prefixed with ""o"" or ""go""); to be just about to, to be just starting to, to try to, to attempt to"
"私","わたし","I, me"
"","で","at, in; at, when; by, with"
"","と","if, when; and; with; used for quoting (thoughts, speech, etc.); promoted pawn; indicates a question"
"","か","indicates a question; or, whether or not; some- (e.g. something, someone); hmm, huh; very; -al, -ial, -ic, -ical, -ish, -y; in that way"
"","も","too, also, in addition, as well, (not) either (in a negative sentence); both A and B, A as well as B, neither A nor B (in a negative sentence); even, as much as, as many as, as far as, as long as, no less than, no fewer than; even if, even though, although, in spite of; further, more, again, another, the other"
"","よ","hey, you; hey; hey, hold on; yo, hey"
"来る","くる, クる","to come (spatially or temporally), to approach, to arrive; to come back, to do ... and come back; to come to be, to become, to get, to grow, to continue; to come from, to be caused by, to derive from; to come to (e.g. ""when it comes to spinach ..."")"
"見る","みる","to see, to look, to watch, to view, to observe; to examine, to look over, to assess, to check, to judge; to look after, to attend to, to take care of, to keep an eye on; to experience, to meet with (misfortune, success, etc.); to try ..., to have a go at ..., to give ... a try; to see (that) ..., to find (that) ..."
"其れ","それ","that, it; then, that point (in time), that time; there; you"
"居る","いる","to be (of animate objects), to exist; to stay; to be ...-ing, to have been ...-ing"
"呉れる","くれる","to give, to let (one) have; to give; to do for one, to take the trouble to do; to do to someone's disadvantage"
"","へ, ェ","to, towards, for"
"要る","いる","to be needed, to be necessary, to be required, to be wanted, to need, to want"
"時","とき","time, hour, moment; occasion, case; chance, opportunity, season; the times, the age, the day; tense"
"為れる","される","to be done (to someone or something); to do, to be doing"
"","から","from (e.g. time, place, numerical quantity), since; from (originator), by; because, since; out of (constituent, part); through (e.g. window, vestibule); after, since; expresses sympathy or warning"
"僕","ぼく, ボク","I, me; you; manservant"
"板","いた","board, plank; sheet (of metal), plate (of glass), pane, slab; cutting board, chopping board; chef (esp. of high-end Japanese cuisine), cook; stage (i.e. at a theatre)"
"前","まえ","in front (of), before (e.g. a building); before, earlier, previously, prior, ago, (minutes) to (the hour); (the) front, frontal part, fore, head (e.g. of a line); forward, ahead; (in the) presence (of), in front (of someone); previous (e.g. page), prior (e.g. engagement), first (e.g. half), former (e.g. example); portion, helping; front (of one's body or clothing), breast (of a coat, kimono, etc.); privates, private parts; criminal record, previous conviction, (a) prior"
"では無い","ではない","is not, am not, are not"
"","だ","be, is"
"中","なか","inside, interior; among, within; middle, center, centre; during, while, middle, midst, amid; interval, gap; mean, average; second (of three, e.g. sons, volumes), middle; medium grade, medium quality; red-light district"
"其の","その, そん","that, the; part (as in ""part two""); um ..., er ..., uh ..."
"言う","いう, ゆう","to say, to utter, to declare; to name, to call; to go (e.g. ""the alarm went ping""), to make a noise"
"先生","せんせい","teacher, instructor, master; sensei, title or form of address for a teacher, master, doctor, lawyer, etc.; intimate or teasing form of address; one's elder"
"見える","みえる","to be seen, to be visible, to be in sight; to look, to seem, to appear; to come"
"と言う","という, とゆう","called, named, that says, that; as many as, as much as; all ..., every single ..."
"可き","べき","should, must, ought to"
"年","ねん","year; counter for years (e.g. of an era), grades (e.g. school); period of an apprentice's contract (usu. ten years)"
"此の","この, こん","this; last (couple of years, etc.), these, past, this; you (as in ""you liar"")"
"積もり","つもり","intention, plan, purpose, expectation; belief, assumption, thought, conviction; estimate, estimation, calculation"
"男","おとこ, おっこ","man, male; fellow, guy, chap, bloke; male lover, boyfriend, man; manliness, manly honor, manly honour, manly reputation"
"思う","おもう","to think, to consider, to believe, to reckon; to think (of doing), to plan (to do); to judge, to assess, to regard; to imagine, to suppose, to dream; to expect, to look forward to; to feel, to be (in a state of mind), to desire, to want; to care (deeply) for, to yearn for, to worry about, to love; to recall, to remember"
"","には","to, for, on, in, at; in order to, for; as for, regarding; while it is (was) the case that ..., indeed ... (but), certainly ... (but)"
"行けない","いけない","bad, wrong, naughty; must not (do, be), should not, ought not to; useless, no good, bad; hopeless, beyond hope; unfortunate, a shame, a pity; unable to drink (alcohol); so as not to ..., so that ... (won't), in case ..., for fear that ..., lest ..."
"","のだ, んだ","the expectation is that ..., the reason is that ..., the fact is that ..., the explanation is that ..., it is that ..."
"","させる","to make (someone) do; to allow (someone) to do"
"悪い","わるい","bad, poor, undesirable; poor (quality), inferior, insufficient; evil, sinful; ugly, not beautiful; at fault, to blame, in the wrong; bad (at doing something); unprofitable, unbeneficial; sorry, (my) bad, unforgivable"
"様","よう","appearing ..., looking ...; way to ..., method of ...ing; form, style, design; like, similar to; thing (thought or spoken)"
"方","ほう","direction, way, side, area (in a particular direction); side (of an argument, etc.), one's part; type, category; field (of study, etc.); indicates one side of a comparison; way, method, manner, means; length (of each side of a square)"
"鋳る","いる","to cast, to mint, to coin"
"","ので, んで","that being the case, because of ..., the reason is ..., given that ..."
"町","まち","town, block, neighbourhood, neighborhood; downtown, main street; street, road"
"人々","ひとびと","people, men and women; each person, everybody"
"","にも","also, too, not ... either, as well, even; (it's not possible) no matter what, although one might wish otherwise"
"田","た","rice field"
"鳴る","なる","to sound, to ring, to resound, to echo, to roar, to rumble"
"立つ","たつ","to stand (up), to rise, to get to one's feet, to stand on end (e.g. of hairs), to stick up; to stand (in a position; of a person, tree, building, etc.), to be situated (in, on); to be (in difficulties, the lead, etc.), to put oneself (in a position or situation), to take up (a position, post, etc.), to position oneself; to leave (to do something); to depart (on a journey, trip, etc.), to leave, to set off, to start; to get stuck (into; of an arrow, thorn etc.), to pierce; to develop (of a haze, waves, etc.), to form (of steam, bubbles, etc.), to appear (of a rainbow, clouds, etc.), to rise (of smoke, waves, etc.), to begin to blow (of a wind, breeze, etc.); to spread (of a rumour, reputation, etc.), to be become widely known; to stand (for election), to run; to take action, to act, to rise (up), to rouse oneself; to have an erection, to become erect (e.g. of nipples); to be established (of a policy, plan, objective, etc.), to be formed; to be valid (of an argument, logic, etc.), to hold up, to hold water, to stand up (e.g. of evidence), to be logical, to be reasonable; to be sustained (of a living, business, etc.), to be maintained, to survive, to be preserved (of one's reputation, honour, etc.), to be saved; to start (of a season), to begin; to be held (of a market); to shut (of a door, shoji, etc.), to be shut, to be closed; to be (the result of a division)"
"日","ひ","day, days; sun, sunshine, sunlight; (the) day, daytime, daylight; date, deadline; (past) days, time (e.g. of one's childhood); case (esp. unfortunate), event"
"学生","がくせい","student (esp. a university student)"
"自分","じぶん","myself, yourself, oneself, himself, herself; I, me; you"
"","って, て","you said, he said, she said, they said; even if; do you seriously think that; I already told you, you should know by now that, of course; the said ..., said ...; says that ...; I hear that ...; as for the term ...; as for ..."
"","や","such things as ..., and ... and; the minute (that) ..., no sooner than ..., as soon as; be, is; o, oh; huh, what; hi; yes, what?; yes?, no?, is it?, isn't it?"
"","よりも","than, in comparison to; rather than, over, above"
"","である","be, is"
"酔う","よう, えう","to get drunk, to become intoxicated; to feel sick (e.g. in a vehicle), to become nauseated; to be elated, to be exalted, to be spellbound, to be in raptures"
"彼の","あの, あん","that, those, the"
"考え","かんがえ","thinking, thought, view, opinion, concept; idea, notion, imagination; intention, plan, design; consideration, judgement, deliberation, reflection; wish, hope, expectation"
"一","ひと, ひ, ひい","one; one"
"他","ほか","another place, some other place, somewhere else, outside; another (person or thing), other, different, something else, someone else, the rest, et al.; beyond (one's expectations, imagination, etc.), outside; except, but, other than, apart from; besides, in addition to, as well as, on top of"
"無い","ない","nonexistent, not being (there); unowned, not had, unpossessed; unique; not, impossible, won't happen; not; to not be, to have not"
"彼","あれ, アレ","that, that thing; that person; then, that time; that place (over there); down there (i.e. one's genitals); period, menses"
"","でも","but, however, though, nevertheless, still, yet, even so, also, as well; even; however, no matter how, even if, even though; ... or something; either ... or ..., neither ... nor ...; pseudo-, quack, in-name-only; for lack of anything better to do"
"尾","お","tail (of an animal), cauda; tail (of a kite, etc.), tail end; tail (of a comet); slope at the foot of a mountain"
"道","みち","road, path, street, lane, passage; route, way; distance, journey; road (e.g. to victory), course; way (of living, proper conduct, etc.), moral principles; teachings (esp. Confucian or Buddhist), dogma; field (e.g. of medicine), subject, speciality; means, way, method"
"決して","けっして, けして","(not) ever, (not) by any means, (not) in the least, (not) in any way, (not) at all"
"物","もの, もん, モノ","thing, object, article, stuff, substance; one's things, possessions, property, belongings; things, something, anything, everything, nothing; quality; reason, the way of things; used to emphasize emotion, judgment, etc., used to indicate a common occurrence in the past (after a verb in past tense), used to indicate a general tendency, used to indicate something that should happen; item classified as ..., item related to ..., work in the genre of ...; cause of ..., cause for ...; somehow, somewhat, for some reason; really, truly"
"頂ける","いただける","to be able to receive, to be able to take, to be able to accept; to be able to eat, to be able to drink; to be acceptable, to be satisfactory"
"","さん","Mr., Mrs., Miss, Ms., -san; politeness marker"
"人間","にんげん","human being, human, person, man, mankind, humankind; character (of a person)"
"迄","まで","until (a time), till, to, up to; to (a place or person), as far as; to (an extent), up to, so far as, even; only, merely"
"丈","だけ","only, just, merely, simply, no more than, nothing but, alone; as much as, to the extent of, enough to"
"然う","そう","in that way, thus, such; so; so?"
"止める","やめる","to stop (an activity), to cease, to discontinue, to end, to quit; to cancel, to abandon, to give up, to abolish, to abstain, to refrain"
"人","にん","counter for people"
"内","うち","inside, within; while (e.g. one is young), during, within (e.g. a day), in the course of; among, amongst, (out) of, between; in (secret, chaos, poverty, etc.), amidst, with (e.g. success); within oneself, one's feelings, inner thoughts; we, our company, our organization; one's home, one's family; my spouse, my husband, my wife; signed on behalf of (husband's name) by his wife; I, me; imperial palace grounds; emperor"
"乍ら","ながら","while, during, as; while, although, though, despite, in spite of, notwithstanding; all, both; as (e.g. ""as always"", ""as long ago""), in (e.g. ""in tears""); while doing something else (at the same time)"
"少女","しょうじょ","girl (usu. between 7 and 17), young lady; female between 17 and 20 years old (ritsuryō period)"
"知る","しる","to know, to be aware (of), to be conscious (of), to learn (of), to find out, to discover; to sense, to feel, to notice, to realize; to understand, to comprehend, to grasp, to appreciate; to remember, to be familiar with, to be acquainted with; to experience, to go through, to know (e.g. hardship); to get acquainted with (a person), to get to know; to have to do with, to be concerned with, to be one's concern, to be one's responsibility"
"知らせ","しらせ","news, word, tidings, notice, notification, information; omen, foreboding, premonition"
"顔","かお, がん","face, visage; look, expression, countenance; honor, honour, face; influence, notoriety"
"","です","be, is"
"","では","then, well, so, well then; bye then; at, in, by, with, using; if not ..., unless ..."
"氏","し","Mr, Mrs, Ms, Miss; clan; he, him; counter for people"
"分かる","わかる","to understand, to comprehend, to grasp, to see, to get, to follow; to become clear, to be known, to be discovered, to be realized, to be realised, to be found out; I know!, I think so too!"
"仕手","して, シテ","doer, performer; shite, protagonist, hero, leading part, main character; speculator"
"彼女","かのじょ","she, her; girlfriend"
"","とは","indicates word or phrase being defined; used for quoting (thoughts, speech, etc.); with; (not) as much as, (not) so much as; the fact that, to think that, such a thing as"
"上手","じょうず, じょうて, じょうしゅ","skillful, skilled, proficient, good (at), adept, clever; flattery"
"渡す","わたす","to ferry across (e.g. a river), to carry across, to traverse; to lay across, to build across; to hand over, to hand in, to pass, to give, to transfer"
"返る","かえる","to return, to come back, to go back; to turn over; to become extremely, to become completely"
"強い","つよい","strong, potent, competent, domineering, tough; strong, brawny, powerful, healthy, rugged; good (at), skilled, knowledgeable; being able to handle, know how to deal (with), durable (against), resistant (to), resilient; firm, rigid, solid; intense, strong, fierce, high; dependable, trustworthy"
"羽","わ, ば, ぱ","counter for birds or rabbits"
"","ホテル","hotel"
"","として","as (i.e. in the role of), for (i.e. from the viewpoint of); apart from... (used to change the topic); even (e.g. ""not even a single person""); thinking that..., trying to..."
"担う","になう","to carry on one's shoulder, to shoulder, to bear; to bear (a burden, responsibility, etc.), to take upon oneself"
"然し","しかし, しっかし","however, but"
"出る","でる","to leave, to exit, to go out, to come out, to get out; to leave (on a journey), to depart, to start out, to set out; to move forward; to come to, to get to, to lead to, to reach; to appear, to come out, to emerge, to surface, to come forth, to turn up, to be found, to be detected, to be discovered, to be exposed, to show, to be exhibited, to be on display; to appear (in print), to be published, to be announced, to be issued, to be listed, to come out; to attend, to participate, to take part, to enter (an event), to play in, to perform; to be stated, to be expressed, to come up, to be brought up, to be raised; to sell; to exceed, to go over; to stick out, to protrude; to break out, to occur, to start, to originate; to be produced; to come from, to be derived from; to be given, to get, to receive, to be offered, to be provided, to be presented, to be submitted, to be handed in, to be turned in, to be paid; to answer (phone, door, etc.), to get; to assume (an attitude), to act, to behave; to pick up (speed, etc.), to gain; to flow (e.g. tears), to run, to bleed; to graduate; to ejaculate, to cum"
"入る","いる","to enter, to go in, to get in, to come in; to set (of the sun or moon), to sink, to go down; to attain (nirvana, enlightenment, etc.), to achieve, to reach (e.g. a climax); to do fully, to do intently, to do sincerely, to do deeply, to feel keenly; to (reach a state) completely"
"考える","かんがえる","to think (about, of), to think over, to ponder, to contemplate, to reflect (on), to meditate (on); to consider, to bear in mind, to allow for, to take into consideration; to think (that), to believe, to hold (a view), to judge, to conclude, to suspect; to intend (to do), to think of (doing), to plan; to predict, to anticipate, to expect, to imagine; to come up with, to think up, to contrive, to devise; to consider (as), to regard (as), to look on (as), to take, to view"
"而して","そして, しかして","and, and then, thus, and now, and finally"
"","クラス","class"
"又","また","again, once more, once again, another time, some other time; also, too, as well, likewise; on the other hand, while; and, in addition, besides, moreover, furthermore; or, otherwise; really, how, (what, why) on earth; some time (in the future); indirect"
"","しか","nothing but, except, no more than"
"違う","ちがう","to differ (from), to be different, to be distinct, to be unlike, to vary, to disagree (with); to be wrong, to be incorrect, to be mistaken; to become abnormal, to go wrong; isn't it?, wasn't it?"
"山","やま, ヤマ","mountain, hill; mine; (mountain) forest; heap, pile, stack, mountain; protruding or high part of an object, crown (of a hat), thread (of a screw), tread (of a tire); climax, peak, critical point; guess, speculation, gamble; (criminal) case, crime; mountain climbing, mountaineering; festival float (esp. one mounted with a decorative halberd); deck (from which players draw cards), draw pile, stock; wall, wall tile; wild"
"","でしょうか","don't you think?, indicates question"
"","だが","but, however, (and) yet, nevertheless, still, for all that"
"声","こえ","voice; singing (of a bird), chirping (of an insect), hoot; voice, opinion (as expressed in words), view, wish, attitude, will; sound; sense (of something's arrival), feeling; voice, voiced sound"
"夜","よる, よ","night, evening; dinner"
"","わ","indicates emotion or admiration; indicates emphasis; I, me; wah!; boo!"
"昨夜","ゆうべ, ゆんべ, よべ","last night, yesterday evening"
"舌","した","tongue; tongue-like object, clapper (of a bell), talon (of a lock), reed (of a musical instrument)"
"怒る","おこる","to get angry, to get mad, to lose one's temper; to scold, to tell (someone) off"
"","そんな","such, that sort of, that kind of, like that; no way!, never!"
"夏","なつ","summer"
"等","など","et cetera, etc., and the like, and so forth; or something; the likes of; for example, for instance, for one"
"今","いま","now, the present time, just now, soon, immediately; another, more"
"間違い","まちがい","mistake, error, blunder; accident, mishap, trouble; improper conduct (e.g. between man and woman), indiscretion"
"目","め","eye, eyeball; eyesight, sight, vision; look, stare, gaze, glance; notice, attention, observation, eyes (of the world, public, etc.); an experience; viewpoint; discrimination, discernment, judgement, eye (e.g. for quality); (an) appearance; chance (of success), possibility (of a good result); spacing (between crossed strands of a net, mesh, etc.), opening, stitch, texture, weave; grain (of wood, paper); eye (of a storm, needle, etc.); intersection (on a go board), square (on a chessboard); dot (on a dice), pip, rolled number; graduation, division (of a scale); tooth (of a saw, comb, etc.); ordinal number suffix; somewhat, -ish; point (e.g. of change)"
"暮れる","くれる","to get dark, to grow dark; to end (of a day, year, season, etc.), to come to an end, to close; to be sunk in (e.g. despair), to be lost in (e.g. thought), to be overcome with"
"出す","だす","to take out, to get out; to put out, to reveal, to show; to submit (e.g. thesis), to turn in; to publish, to make public; to send (e.g. letter); to produce (a sound), to start (fire); to serve (food); ... out (e.g. to jump out, to carry out); to begin ..., to start to ..., to burst into ..."
"貴方","あなた","you; dear, honey"
"聞く","きく","to hear; to listen (e.g. to music); to ask, to enquire, to query; to hear about, to hear of, to learn of; to follow (advice, order, etc.), to obey, to listen to, to comply with; to hear (e.g. a plea), to grant (a request), to accept (e.g. an argument), to give consideration to; to smell (esp. incense), to sample (a fragrance); to taste (alcohol), to try"
"妹","いもうと","younger sister"
"手","て","hand, arm; forepaw, foreleg; handle; hand, worker, help; trouble, care, effort; means, way, trick, move, technique, workmanship; hand, handwriting; kind, type, sort; one's hands, one's possession; ability to cope; hand (of cards); direction; move (in go, shogi, etc.)"
"生まれる","うまれる","to be born"
"","そう","appearing that, seeming that, looking like, having the appearance of"
"出会う","であう","to meet (by chance), to come across, to run across, to encounter, to happen upon; to meet (e.g. of rivers, highways, etc.); to emerge and engage (an enemy)"
"家","いえ","house, residence, dwelling, home; family, household; lineage, family name"
"円","えん","yen (Japanese monetary unit); circle"
"夕食","ゆうしょく","evening meal, dinner"
"","いい","good, excellent, fine, nice, pleasant, agreeable; sufficient, enough, ready, prepared; profitable (deal, business offer, etc.), beneficial; OK, all right, fine, no problem"
"溶く","とく","to dissolve (paint), to scramble (eggs), to melt (metal, etc.), to mix (water with flour, etc.)"
"此れ","これ","this, this one; this person; now, this point (in time); here; used to stress the subject of a sentence; I, me"
"流","りゅう","way, manner, style, fashion, mode; school (e.g. of flower arrangement); class, rate, rank; flow, current, stream"
"何","なに, ナニ","what; you-know-what, that thing; whatsit, whachamacallit, what's-his-name, what's-her-name; penis, (one's) thing, dick; (not) at all, (not) in the slightest; what?, huh?; hey!, come on!; oh, no (it's fine), why (it's nothing), oh (certainly not)"
"","とする","to try to ..., to be about to do ...; to decide to ...; to take as, to treat as, to regard as; to use for; to suppose that (such) is the case, to assume; to decide that, to think that; to make into, to change into; to feel (e.g. after sound symbolism or psychological experience word), to look, to feel like; to intend, to have the intention"
"","だから","so, therefore, accordingly, consequently, on those grounds, that is why, for that reason; like I said, I told you already"
"","さ","-ness; indicates assertion; come, come now"
"","だろう, だろ","seems, I think, I guess, I wonder, I hope; right?, don't you agree?, I thought you'd say that!"
"認める","みとめる","to recognize, to recognise, to observe, to notice; to deem, to judge, to assess; to approve, to deem acceptable, to allow; to admit, to accept, to confess (to a charge); to watch steadily, to observe carefully; to renown, to give renown to, to appreciate, to acknowledge"
"丁度","ちょうど","exactly, precisely, just, right, opportunely, fortunately; just (like), as if, as though"
"診る","みる","to examine (medically), to have a look at, to check (a patient's pulse)"
"方","かた","direction, way; person, lady, gentleman; method of, manner of, way of; care of ...; person in charge of ...; side (e.g. ""on my mother's side"")"
"君","きみ","you, buddy, pal; monarch, ruler, sovereign, (one's) master; he, she"
"外","そと, と","outside, exterior; the open (air); other place, somewhere else, outside one's group (family, company, etc.)"
"","すれば","if so, in that case, in that situation"
"二人","ふたり, ににん","two persons, two people, pair, couple"
"進む","すすむ","to advance, to go forward; to precede, to go ahead (of); to make progress, to improve; to deepen, to heighten; to be fast (of a clock), to be ahead; to do of one's own free will"
"","のに","although, despite, even though, and yet; whereas, while; if only, I wish; in order to"
"","のです, んです","the expectation is that ..., the reason is that ..., the fact is that ..., the explanation is that ..., it is that ..."
"戻る","もどる","to turn back (e.g. half-way); to return, to go back; to recover (e.g. something lost), to be returned; to rebound, to spring back"
"弟","おとうと, てい","younger brother, little brother, kid brother; brother-in-law (spouse's younger brother or younger sister's husband); pupil, apprentice"
"鳴く","なく","to make sound (of an animal), to call, to cry, to whine, to sing, to chirp; to make a meld call (e.g. pung, kong)"
"程","ほど","extent, degree, measure; limit, bounds; (span of) time; (a) distance; the state of, the status of, the condition of; about, around, approximately, or so; as much as ..., to the extent of ..., like ...; the more ... the more ..."
"弾く","ひく","to play (a stringed or keyboard instrument)"
"所","ところ, とこ","place, spot, scene, site; address; district, area, locality; one's house; point, aspect, side, facet; passage (in text), part; space, room; thing, matter; whereupon, as a result; about to, on the verge of; was just doing, was in the process of doing, have just done, just finished doing; approximately, around, about"
"","だろうか","don't you think?, indicates question"
"話","はなし","talk, speech, chat, conversation; topic, subject; discussions, negotiation, argument; rumor, talk, hearsay; tale, story, fable; circumstances, particulars"
"","もう, もー, もぉ","already, yet, by now, now, (not) any more, (not) any longer; soon, shortly, before long, presently; further, more, again, another, the other; jeez, geez, gee, boy, come on, damn, seriously"
"","より, ゟ","than; rather than, instead of, over, above; from, out of, since, at, on (and after); except, but, other than; more"
"持つ","もつ","to hold (in one's hand), to take, to carry; to possess, to have, to own; to maintain, to keep; to last, to be durable, to keep, to survive; to take charge of, to be in charge of; to hold (meeting, etc.), to have (opportunity, etc.); to have ""it"", to have that special something, to be blessed with good luck"
"未だ","まだ, いまだ","still, as yet, only; (not) yet; more, (more) still; at least, comparatively, relatively; unfinished, incomplete, not yet done"
"","なら, ならば","if, in case, if it is the case that, if it is true that; as for, on the topic of; if that's the case, if so, that being the case; if possible, if circumstances allow"
"何","なん","what; how many; many, a lot of; several, a few, some"
"言葉","ことば, けとば","language, dialect; word, phrase, expression, term; speech, (manner of) speaking, (use of) language; words, remark, statement, comment; learning to speak, language acquisition"
"時","じ","hour, o'clock; (specified) time, when ..., during ..."
"何か","なにか, なんか","something, some, any; somehow, for some reason; (so) what (are you trying to say)?, what (do you mean)?"
"年","とし","year; age, years; past one's prime, old age"
"自分で","じぶんで","by myself, in person, by oneself"
"嫌","いや, や, イヤ","disliking, not wanting, unwilling (to do), reluctant; unpleasant, disagreeable, nasty, horrible, disgusting, undesirable, unwelcome; no!, quit it!, stop!"
"大切","たいせつ, たいせち","important, significant, serious, crucial; precious, valuable, dear, cherished, beloved; careful"
"朝食","ちょうしょく","breakfast"
"仕舞った","しまった","darn it!, darn!, oops!, oh dear!, oh no!"
"下","した","below, down, under, younger (e.g. daughter); bottom; beneath, underneath; just after, right after; inferiority, one's inferior (i.e. one's junior); trade-in; preliminary, preparatory"
"何時","なんじ","what time, which hour"
"空","そら","sky, the air, the heavens; weather; far-off place, distant place; state of mind, feeling; (from) memory, (by) heart; falsehood, lie; somehow, vaguely; fake"
"","けど, けども","but, however, although"
"此処","ここ","here, this place; this point, here, now; these past ... (e.g. three years), these last ...; the next ... (e.g. few days), these next ..."
"湖","みずうみ","lake"
"助け","たすけ","assistance, help, aid, support, reinforcement"
"湧く","わく","to well (up), to gush out (of water), to spring out, to surge; to appear (esp. suddenly) (sweat, tears, etc.), to sweat, to cry; to feel emotions (e.g. joy, bravery, etc.), to spring up (e.g. an idea, emotions, clouds), to well up, to arise; to hatch, to breed, to propagate, to be infested (esp. of parasitic insects, etc.)"
"体","からだ","body; torso, trunk; build, physique, frame, figure; health, constitution"
"感じる","かんじる","to feel, to sense, to experience; to be moved (by), to be touched (by), to be impressed (by), to respond (to); to become infected with (an illness), to catch"
"部屋","へや","room, chamber; apartment, flat, pad; stable"
"折れる","おれる","to break, to be broken, to snap, to fracture; to be folded; to give in, to back down, to yield, to submit; to turn (a corner)"
"暗い","くらい","dark, gloomy, murky; depressed, dispirited, down in the dumps, dark (mood); dark (in colour), dull; ill-boding, dark (e.g. past), suspicious; unlikely (to succeed), hopeless, unpromising; unfamiliar (with), ignorant (of)"
"","ましょうか","shall I?; shall we?"
"席","せき","seat; location (of a gathering, etc.), place; position, post"
"開く","ひらく","to open, to undo, to unseal, to unpack; to bloom, to unfold, to spread out; to open (for business, e.g. in the morning); to be wide (gap, etc.), to widen; to hold (meeting, party, etc.), to give, to open; to found (nation, dynasty, sect, etc.), to open (a new business), to set up, to establish, to start; to open (ports, borders, etc.); to open (an account); to open up (new land, path, etc.), to clear, to develop; to open (a file, etc.); to extract (root), to reduce (equation); to cut open (fish); to change (kanji into hiragana); to flare (e.g. skirt); to slacken (into a poor posture)"
"先","さき","point, tip, end, nozzle; head (of a line), front; first, before, ahead (of); (the way) ahead, beyond; future; previous, prior, former, recent, last; destination, address, place where you do something; rest (e.g. of a story), continuation, remaining part; the other party"
"間","かん","interval, period of time; among, between, inter-; good opportunity, chance; estrangement, discord, alienation; spy, secret agent"
"行く","いく, ゆく, イク","to go, to move (towards), to head (towards), to leave (for); to move through, to travel across, to walk along (e.g. a road); to go (well, badly, etc.), to proceed, to turn out, to get along; to do (in a particular way), to go (with; a choice), to try; to pass (of time, seasons, etc.), to go by; to stream, to flow; to die, to pass away; to reach (a stage, extent, age, etc.), to get to, to go (so far as ...); to reach (of information, instructions, wind, etc.), to arrive; to continue ..., to go on ..., to (progress) steadily, to gradually ..., to progressively ...; to have an orgasm, to come, to cum; to trip, to get high, to have a drug-induced hallucination"
"橋","はし","bridge"
"只","ただ, タダ","ordinary, common, usual; free of charge; unaffected, as is, safe; only, merely, just, simply; but, however, nevertheless"
"二","に, ふた, ふ, ふう","two, 2"
"良く","よく","nicely, properly, well, skillfully, skilfully; frequently, often; I'm glad that you ..., thank you for ...; (you have) quite the nerve to, I don't know how you can ..."
"其れに","それに","besides, in addition, also, moreover"
"解く","とく","to untie, to unfasten, to unwrap, to undo, to unbind, to unpack; to unsew, to unstitch; to solve, to work out, to answer; to dispel (misunderstanding, etc.), to clear up, to remove (suspicion), to appease; to dissolve (a contract), to cancel, to remove (a prohibition), to lift (a ban), to raise (a siege); to release (from duty), to relieve, to dismiss; to comb (out), to card, to untangle (hair)"
"死ぬ","しぬ, ﾀﾋぬ","to die, to pass away; to lose spirit, to lose vigor, to look dead; to cease, to stop"
"上","うえ","above, over, up; top, summit, upper part, head (e.g. of a staircase); surface, on (top of); the above (in a piece of writing), earlier part; superior, better, higher (position, rank, etc.), upper (class); elder, older, senior; with respect to ..., in terms of, as far as ... is concerned, when (e.g. drunk); besides ..., in addition to ..., on top of ..., as well as ...; after ..., upon ..., on ..., with (e.g. full awareness), as a result of ...; since ..., now that ..., because ...; honorable, venerable, dear; emperor, sovereign, shogun, daimyo"
"笑う","わらう","to laugh; to smile; to sneer, to ridicule; to be dumbfounded, to be flabbergasted"
"件","けん","matter, affair, case, item, subject; counter for (received) emails, text messages, voicemail messages, etc.; counter for accounts (on a website, email service, etc.)"
"椅子","いす, イス","chair, seat, stool, bench; post, position, seat, office"
"火","ひ","fire, flame, blaze"
"家","うち","one's house, one's home, one's family, one's household; house"
"一つ","ひとつ","one; for one thing; only; (not) even; just (e.g. ""just try it""); some kind of, one type of"
"","とか","and the like, such as, among other things, and so on; or something, something like, a (certain); I hear that ..., people say that..., rumour has it that ...; or something, something like, or whatever"
"儘","まま, まんま, ママ","as (it is), remaining (in a state), keeping (the same), leaving (unchanged); with (e.g. one's eyes closed, the light on), while (e.g. standing, alive), as; as (one pleases, one is told, etc.), according to; sic"
"皆","みな, みんな","everyone, everybody, all; everything, all"
"頭","あたま, かしら","head; hair (on one's head); mind, brains, intellect; leader, chief, boss, captain; top, tip; beginning, start; head, person; down payment, deposit; top structural component of a kanji; pair"
"許り","ばかり, ばっかり","only, merely, nothing but, no more than; approximately, about; just (finished, etc.); as if to, (as though) about to, going to, on the point of, at any minute; indicates emphasis; always, constantly"
"市","し","city"
"","とも","certainly, of course, to be sure, surely; even if, no matter (who, what, when, where, why, how), though, although; without even, without so much as; at the (least, earliest, etc.); also (called), also as; well"
"同じ","おなじ, おんなじ","same, identical, equal, alike, equivalent; anyway, in any case, if one must ..., if one has to ..., as long as ..."
"","ぞ","adds force or indicates command"
"","なんて","things like, something like, someone like, such a thing as, (the fact) that, to think that"
"増す","ます","to increase, to grow"
"済みません","すみません, スミマセン","excuse me, pardon me, I'm sorry, I beg your pardon; thank you, you shouldn't have, it's too much"
"かも知れない","かもしれない","may, might, perhaps, may be, possibly"
"歩く","あるく","to walk"
"能力","のうりょく","ability, faculty"
"気","き","spirit, mind, heart; nature, disposition; intention, mind, will, motivation; mood, feelings; consciousness; care, attention, consideration, worry; interest; (the) air, atmosphere; ambience, atmosphere (of), air (of), mood; fragrance, aroma, flavour, taste; qi (in traditional Chinese philosophy and medicine), chi, ki"
"捕る","とる","to catch (a wild animal, fish, insect, baseball, etc.), to capture"
"誤り","あやまり","error, mistake, slip, bug"
"日","にち","Sunday; nth day (of the month); counter for days; Japan"
"哩","マイル","mile"
"姿","すがた","figure, form, shape; appearance, dress, guise; state, condition, picture, image; form (of a waka); dressed in ..., wearing ..."
"待つ","まつ","to wait; to await, to look forward to, to anticipate; to depend on, to need"
"口","くち","mouth; opening, hole, gap, orifice; mouth (of a bottle), spout, nozzle, mouthpiece; gate, door, entrance, exit; speaking, speech, talk (i.e. gossip); taste, palate; mouth (to feed); opening (i.e. vacancy), available position; invitation, summons; kind, sort, type; opening (i.e. beginning); counter for mouthfuls, shares (of money), stove burners, and swords"
"","だって","after all, because; but; even; too, as well, also; they say, I hear, you mean"
"","こんな","this sort of, this kind of, like this, such"
"答える","こたえる","to answer, to reply"
"少し","すこし","a little, a bit, a small amount, a few, some, slightly, somewhat; a little while, a short time, a moment, a minute; a little way, a short distance"
"限り","かぎり","limit, limits, bounds; degree, extent, scope; the end, the last; as long as ..., as far as ..., as much as ..., to the limits of ..., all of ...; unless ...; (not) included in ..., (not) part of ...; being very much (in a certain state), extreme amount (of a feeling, etc.); ... only (e.g. ""one time only"", ""today only""); end of one's life, final moments, death; funeral, burial"
"一寸","ちょっと, ちょと, チョット, ちょいと, チョッと","a little, a bit, slightly; just a minute, for a moment, briefly; somewhat, rather, fairly, pretty, quite; (not) easily, (not) readily; hey!, come on, excuse me; thanks, but no, not feasible, not possible"
"殊に","ことに","especially, particularly, unusually, above all; additionally"
"敵","てき","opponent, rival, adversary; menace, danger, threat, enemy"
"酒","さけ","alcohol, sake"
"肉","にく","flesh; meat; flesh (of a fruit), pulp; the physical body (as opposed to the spirit), flesh; thickness; content, substance, flesh; ink pad"
"多い","おおい","many, numerous, a lot; large amount of, large quantity of, a lot, much; frequent, common"
"動く","うごく","to move, to stir, to shift, to shake, to swing; to operate, to run, to go, to work; to make a move, to take action, to act, to go into action; to be touched, to be influenced; to change, to vary, to fluctuate, to waver; to be transferred"
"書く","かく","to write, to compose, to pen; to draw, to paint"
"乗り遅れる","のりおくれる","to miss (a train, bus, etc.); to fail to keep up with (e.g. the times), to be left behind by"
"心","こころ","mind, heart, spirit; the meaning of a phrase (riddle, etc.)"
"買う","かう","to buy, to purchase; to value (highly), to think highly of, to have a high opinion of, to appreciate, to recognize; to incur (someone's anger, displeasure, etc.), to elicit (e.g. sneers), to invite (e.g. scorn), to evoke, to arouse, to win (someone's favour); to accept, to take on, to take up; to pay for (a prostitute, geisha, etc.)"
"嗚呼","ああ, あー, あぁ, アー, アア, アァ","ah!, oh!, alas!; yes, indeed, that is correct; aah, gah, argh; hey!, yo!; uh huh, yeah yeah, right, gotcha"
"五","ご, いつ, い","five, 5"
"厳しい","きびしい","severe, strict, rigid, unsparing, relentless; hard (to do), difficult, tricky; intense (e.g. cold), harsh (weather), inclement"
"冊","さつ","counter for books; volume"
"","あっ, アッ, アっ, あ, ア","ah, oh; hey!"
"始める","はじめる","to start, to begin, to commence, to initiate, to originate; to start up (a business, society, etc.), to open (e.g. a store), to establish; to start ..., to begin to ..."
"銅","どう, あか, あかがね","copper (Cu); bronze (medal)"
"どの様に","どのように","how, in what way"
"暇","ひま, ヒマ","spare time, free time, leisure; time (it takes to do something), time required; time off, leave, vacation, holiday; dismissal, firing, severance, divorce; free, not busy, unoccupied, idle; slow (business), slack, dull; to be free, to be not busy, to be available, to be doing nothing"
"殺す","ころす","to kill, to slay, to murder, to slaughter; to suppress, to block, to hamper, to destroy (e.g. talent), to eliminate (e.g. an odour), to spoil (e.g. a flavour), to kill (e.g. one's speed); to suppress (a voice, feelings, etc.), to hold back, to stifle (a yawn, laugh, etc.), to hold (one's breath); to put out (a runner); to pawn, to put in hock"
"","みたい","-like, sort of, similar to, resembling"
"通る","とおる","to go by, to go past, to go along, to travel along, to pass through, to use (a road), to take (a route), to go via, to go by way of; to run (between; of a rail service, bus route, etc.), to operate (between), to connect; to go indoors, to go into a room, to be admitted, to be shown in, to be ushered in, to come in; to penetrate, to pierce, to skewer, to go through, to come through; to permeate, to soak into, to spread throughout; to carry (e.g. of a voice), to reach far; to be passed on (e.g. of a customer's order to the kitchen), to be relayed, to be conveyed; to pass (a test, a bill in the House, etc.), to be approved, to be accepted; to go by (a name), to be known as, to be accepted as, to have a reputation for; to be coherent, to be logical, to be reasonable, to be comprehensible, to be understandable, to make sense; to get across (e.g. of one's point), to be understood; to pass for, to come across as, to seem like; to be straight (e.g. wood grain); to be well-informed, to be wise; to do ... completely, to do ... thoroughly"
"使う","つかう","to use (a tool, method, etc.), to make use of, to put to use; to use (a person, animal, puppet, etc.), to employ, to handle, to manage, to manipulate; to use (time, money, etc.), to spend, to consume; to use (language), to speak"
"音","おと","sound, noise; (musical) note; fame"
"平和","へいわ","peace, harmony"
"話す","はなす","to talk, to speak, to converse, to chat; to tell, to explain, to narrate, to mention, to describe, to discuss; to speak (a language)"
"仕舞う","しまう","to finish, to stop, to end, to put an end to, to bring to a close; to close (a business, etc.), to close down, to shut down, to shut up; to put away, to put back, to keep, to store; to do completely, to finish; to do accidentally, to do without meaning to, to happen to do"
"折る","おる","to break, to fracture, to break off, to snap off, to pick (e.g. flowers); to fold, to bend; to make (origami); to interrupt, to end"
"女","おんな","woman, female; female lover, girlfriend, mistress, (someone's) woman"
"","たい","want to ... do something, would like to ...; indicates emphasis; very ..."
"様","さま","Mr, Mrs, Miss, Ms; makes a word more polite (usu. in fixed expressions); state, situation, appearance, manner"
"無くなる","なくなる","to be lost (e.g. luggage), to be missing; to be used up, to be run out, to be exhausted, to be consumed, to be reduced to zero, to not occur any more; to disappear (e.g. pain), to be lost (e.g. a dream, confidence)"
"柄","え","handle, grip; stalk (of a mushroom, leaf, etc.)"
"照る","てる","to shine; to look slightly upward (of a noh mask; indicating joy, etc.)"
"帰る","かえる","to return, to come home, to go home, to go back; to leave (of a guest, customer, etc.); to get home, to get to home plate"
"申し出","もうしで","proposal, offer, request, application"
"会","かい","meeting, assembly, party, gathering, conference, athletic meet; society, association, club"
"溜める","ためる","to amass, to accumulate, to store; to leave unpaid"
"相手","あいて","companion, partner, company; other party, addressee, counterparty; opponent (sports, etc.)"
"続ける","つづける","to continue, to keep up, to keep on"
"間","あいだ, あわい","space (between), gap, interval, distance, stretch; period of time (during, while), duration, interval; between (two parties or things); among (a group); relations (between), relationship; midpoint, average, halfway, middle ground; due to, because of"
"跡","あと","trace, tracks, mark, sign; site, remains, ruins; scar"
"","し","and, besides, moreover, what's more, not only ... but also; because, since; the thing is, for one thing"
"着る","きる","to wear (from the shoulders down), to put on; to take (the blame, responsibility), to bear"
"喜び","よろこび","joy, delight, rapture, pleasure, gratification, rejoicing, congratulations, felicitations"
"或る","ある","a certain ..., some ..."
"そう言う","そういう, そうゆう, そーゆー, そーいう","such, like that, that sort of"
"事","こと","thing, matter; incident, occurrence, event, something serious, trouble, crisis; circumstances, situation, state of affairs; work, business, affair; after an inflectable word, creates a noun phrase indicating something the speaker does not feel close to; nominalizing suffix; pretending to ..., playing make-believe ...; alias, also known as, otherwise known as, or; necessity, need; you should ..., I advise that you ..., it's important to ..."
"呼ぶ","よぶ","to call out (to), to call, to invoke; to summon (a doctor, etc.); to invite; to designate, to name, to brand; to garner (support, etc.), to gather; to take as one's wife"
"其れから","それから","and then, after that"
"娘","むすめ, こ","daughter; girl (i.e. a young, unmarried woman)"
"下さい","ください","please (give me); please (do for me)"
"怒り","いかり","anger, rage, fury, wrath, indignation"
"休み","やすみ","rest, recess, respite; vacation, holiday, absence, suspension; dormancy (of a silkworm prior to moulting)"
"過ぎる","すぎる","to pass through, to pass by, to go beyond; to pass (of time), to elapse; to have expired, to have ended, to be over; to exceed, to surpass, to be above; to be no more than ...; to be excessive, to be too much, to be too ..."
"見せる","みせる","to show, to display; to make (something or someone) look ..., to present an appearance of ...; to make (something) worth watching, to be entertaining; to have (something) looked at (by a specialist), to have (an antique, etc.) appraised; to have (an injury, person, etc.) looked at (by a doctor), to take (someone) to a doctor; to make a show of (doing), to do in a conspicuous manner, to do in view of others; to resolve to do, to do at any cost, to show others that one will ..."
"全て","すべて","everything, all, the whole; entirely, completely, wholly, all"
"喫煙","きつえん","smoking (tobacco)"
"","くらい, ぐらい","approximately, about, around, or so; to (about) the extent that, (almost) enough that, so ... that ..., at least; as ... as ..., like"
"お前","おまえ, おまい","you; before (a god, nobleman, etc.), in front of"
"難い","にくい, がたい","difficult to ..., hard to ..."
"何処","どこ, いずこ, いずく, いづこ, いどこ","where, what place; how much (long, far), what extent"
"国民","こくみん","people (of a country), nation, citizen, national; Democratic Party for the People"
"外","がい","outside ..., beyond ..., not included in ..."
"混む","こむ","to be crowded, to be packed, to be congested, to be thronged (with)"
"時間","じかん","time; hour; period, class, lesson"
"其れで","それで","so, therefore, and, (and) then"
"一人","ひとり, いちにん","one person; being alone, being by oneself; being single, being unmarried; by oneself, alone; just, only, simply"
"確か","たしか","sure, certain, positive, definite; reliable, trustworthy, safe, sound, firm, accurate, correct, exact; If I'm not mistaken, If I remember correctly, If I remember rightly"
"得る","うる","to be able to ..., can ...; to get, to acquire, to obtain, to procure, to earn, to win, to gain, to secure, to attain"
"星","ほし, ホシ","star (usu. excluding the Sun), planet (usu. excluding Earth), heavenly body; star (glyph, symbol, shape), asterisk; star (actor, player, etc.); dot, spot, fleck; bullseye; perp, perpetrator, culprit, offender, suspect; one's star (that determines one's fate), one's fortune; point, score; star point (intersection marked with a dot), hoshi; (pyrotechnic) star"
"胃","い","stomach; Chinese ""stomach"" constellation (one of the 28 mansions)"
"奴","やつ, ヤツ","fellow, guy, chap; thing, object; he, she, him, her"
"打つ","うつ","to hit, to strike, to knock, to beat, to punch, to slap, to tap, to bang, to clap, to pound; to strike (noon, etc.), to sound (cymbals, etc.), to beat (a drum, etc.); to beat (rhythmically, e.g. pulse, waves, etc.); to move, to impress, to touch; to drive in, to hammer in, to put in, to inject, to vaccinate; to type, to send, to transmit; to insert, to write in, to mark; to make (noodles, etc.), to prepare; to till (soil); to sprinkle, to throw, to cast; to do, to carry out, to play, to perform, to engage in (gambling, etc.); to pay (a deposit, etc.); to visit (on a pilgrimage); to line (a coat); to bind (a criminal); to drop (a piece)"
"","そうだ","that is so, that is right, it looks to me, that's my impression; people say that, it is said that, I hear that"
"大きな","おおきな","big, large, great"
"長い","ながい, ながーい, なっがい, なげー","long (distance, length); long (time), protracted, prolonged"
"白い","しろい","white"
"全く","まったく","really, truly, entirely, completely, wholly, perfectly; indeed; good grief"
"風","かぜ","wind, breeze, draught, draft; manner, behaviour, behavior; cold, influenza"
"仕事","しごと","work, job, labor, labour, business, task, assignment, occupation, employment; work"
"蟻","あり, アリ","ant"
"添う","そう","to meet (wishes, expectations, etc.), to satisfy, to comply with, to live up to; to accompany, to go with, to stay by one's side; to associate with (someone), to mix with; to marry, to wed; to be added"
"賭ける","かける","to wager, to bet, to risk, to stake, to gamble"
"","パン","bread, (sweet) pastry; staff of life, one's bread"
"語","ご","word, term; language; speech"
"子供の頃","こどものころ","(time of) one's childhood, when one was a child"
"野中","のなか","in the middle of a field"
"底","そこ","bottom, sole"
"老いる","おいる","to age, to grow old"
"","ナイフ","knife"
"過渡","かと","crossing, ferry; transient; changing old to new"
"父","ちち, ちゃん, てて, かぞ, かそ, しし, あて","father"
"床","ゆか","floor; stage (for the narrator and the shamisen player); dining platform built across a river"
"日本","にほん, にっぽん","Japan"
"後","ご","after"
"","らしい","seeming ..., appearing ...; -ish, like a ..., typical of ..., appropriate for ..., becoming of ..., worthy of the name ..."
"人気","にんき","popularity, public favor; condition (e.g. market), tone, character, nature"
"幾","いく","some, several, a few; many; how many, how much; very, so (much)"
"多様","たよう","diverse, varied"
"的","てき","-ical, -ive, -al, -ic, -y; -like, -ish, -sort of, -kind of; (something) like, along the lines of; -wise, in terms of, for, from the viewpoint of, from a ... standpoint, as far as ... is concerned; Mr., Ms., Mrs."
"強いる","しいる","to force, to compel, to coerce, to press, to impose"
"所で","ところで","by the way, incidentally, well, now; even if, no matter (what, where, how, etc.)"
"後","あと","behind, rear; after, later; remainder, the rest; more (e.g. five more minutes), left; also, in addition; descendant, successor, heir; after one's death; past, previous"
"元","もと","origin, source, beginning; basis, base, foundation, root; cause; (raw) material, ingredient, base, mix (e.g. for a cake), (soup) stock; (one's) side; capital, principal, cost price; root (of a plant), (tree) trunk; part (of a brush, chopsticks, etc.) one holds (with the hand); first three lines of a waka; counter for plants or trees; counter for falcons (in falconry)"
"","シャツ","shirt (undergarment), undershirt, singlet; shirt (outerwear; usu. with collar and buttons)"
"力","ちから","force, strength, might, vigour, vigor, energy; capability, ability, proficiency, capacity, faculty; efficacy, effect; effort, endeavours, endeavors, exertions; power, authority, influence, good offices, agency; support, help, aid, assistance; stress, emphasis; means, resources"
"枚","まい","counter for thin, flat objects (e.g. sheets of paper, plates, coins); counter for portions of gyōza or soba; counter for ranks; counter for wrestlers of a particular rank; counter for fields or rice paddies; counter for palanquin bearers"
"付ける","つける","to attach, to join, to connect, to add, to append, to affix, to stick, to glue, to fasten, to sew on, to apply (ointment), to put against; to furnish (a house with); to wear, to put on; to keep a diary, to make an entry; to appraise, to set (a price); to allot, to budget, to assign; to bring alongside; to place (under guard or doctor); to follow (someone), to shadow, to tail, to stalk; to load, to give (courage to); to keep (an eye on); to establish (relations or understanding); to turn on (a light); to produce flowers (of a plant), to produce fruit; to do intensely, to do fiercely, to do strongly; to be used to (doing), to be accustomed to"
"本当に","ほんとうに, ほんとに, ホントに, ホントーに, ホントウに","really, truly"
"何も","なにも, なんも","(not) anything, (nothing) at all, (not) any, nothing; and everything else, and all; (not) at all, (not) in the least, (not) especially, (not) to that extent"
"大人","おとな","adult, grown-up"
"熱","ねつ","heat; fever, temperature; zeal, passion, enthusiasm, mania, craze, rage"
"子供","こども","child, children"
"向かう","むかう","to face; to go towards, to head towards"
"開く","あく","to open (e.g. doors); to open (e.g. business, etc.); to be empty; to be vacant, to be available, to be free; to be open (e.g. neckline, etc.); to have been opened (of one's eyes, mouth, etc.); to come to an end; to open (one's eyes, mouth, etc.); to have a hole, to form a gap, to have an interval (between events)"
"筈","はず","should (be), bound (to be), expected (to be), must (be); nock (of a bow); nock (of an arrow); nock-shaped grip (between thumb and forefinger); wooden frame on the tip of the mast of a Japanese ship that prevents the hawser from falling out"
"母","はは, はわ, かか, おも, いろは, あも","mother"
"職","しょく, そく","job, work, employment, occupation, position; duties; trade, skill"
"為に","ために","for, for the sake of, to one's advantage, in favor of, in favour of, on behalf of; because of, as a result of"
"","すると","(and) then, and, thereupon, whereupon; in that case, then, so"
"如何して","どうして, どーして","how, in what way, by what means; why, for what reason, for what purpose, what for; cannot possibly; no way"
"神","かみ","god, deity, divinity, spirit, kami; incredible, fantastic, amazing; Emperor (of Japan); thunder"
"背","せ","back; reverse, rear side, back (e.g. of a chair), spine (of a book); height, stature; ridge (of a mountain)"
"","まあ, まー, まぁ, ま","just (e.g. ""just wait here""), come now, now, now; tolerably, passably, moderately, reasonably, fairly, rather, somewhat; well..., I think..., it would seem..., you might say..., Hmmm, I guess so...; oh!, oh dear!, oh, my!, wow!, goodness gracious!, good heavens!"
"","でしょう, でしょ","it seems, I think, I guess, I wonder; right?, don't you agree?"
"如何か","どうか","please, if you would, would you mind; somehow or other, one way or another; whether (or not), if; strange, (something is) wrong, (something is) off"
"若い","わかい","young, youthful; immature, green; low (number), small"
"誰","だれ, だあれ, だーれ","who"
"足","あし","foot, paw, arm (of an octopus, squid, etc.); leg; gait; pace; lower radical of a kanji; means of transportation, (one's) ride; money, coin"
"塩","しお","salt, common salt, table salt, sodium chloride; hardship, toil, trouble; saltiness; cold, unwelcoming, indifferent"
"車","くるま, クルマ","car, automobile, vehicle; wheel, castor, caster"
"","どんな","what kind of, what sort of, what; no matter what (kind of), whatever, any, all"
"語り","かたり","talk, recital; narration; topic"
"飲む","のむ","to drink, to swallow, to take (medicine); to smoke (tobacco); to swallow up, to engulf; to suppress (one's anger, bitter feelings, etc.), to keep down, to hold back, to swallow (one's tears), to catch (one's breath); to accept (a demand, conditions, etc.), to agree to; to make light of (someone), to think nothing of, to overwhelm, to overawe; to carry (a concealed dagger, etc.), to conceal (up one's sleeve, etc.)"
"詰まる","つまる","to be packed (with), to be filled, to be full (e.g. of a schedule); to be blocked (of a pipe, nose, etc.), to be clogged, to be stopped up; to be become shorter, to shrink, to narrow; to be at a loss (for), to be pressed (for), to be stuck (for); to come to the end, to be settled; to become a geminate consonant; to hit the bat close to the batter's hands (of a pitch), to hit off the fists, to get jammed"
"金","かね, かな","money; metal"
"ことが出来る","ことができる","to be able (to), to be possible (to)"
"傍ら","かたわら","side, edge, beside, besides, nearby; while (doing), in addition to, at the same time"
"難","なん","difficulty, trouble, hardship, shortage; accident, disaster, danger; fault, defect, flaw; criticism, charge, blame"
"内","ない","within ..., inside ..."
"意味","いみ","meaning, significance, sense"
"残る","のこる","to remain, to be left"
"に取って","にとって","to, for, from the standpoint of, as far as ... is concerned"
"新","しん","new, neo-; newness, novelty; Gregorian calendar; Xin dynasty (of China; 9-23 CE), Hsin dynasty"
"","けれど, けれども","but, however, although"
"三","さん, み","three, 3"
"去る","さる","to leave, to go away; to pass, to elapse; to be distant; to send away, to drive off, to divorce; to (do) completely; last ... (e.g. ""last April"")"
"世界","せかい","the world, society, the universe; sphere, circle, world; world-renowned, world-famous; realm governed by one Buddha, space"
"本","ほん","book, volume, script; this, present, current, ... in question, ... at issue; main, head, principal; real, genuine, regular, proper; counter for long, cylindrical things, counter for films, TV shows, etc., counter for goals, home runs, etc., counter for telephone calls"
"生きる","いきる","to live, to exist; to make a living, to subsist; to be in effect, to be in use, to function; to come to life, to be enlivened; to be safe (in baseball, go, etc.)"
"一緒に","いっしょに","together (with); at the same time; in one lump, in the same category"
"悲しみ","かなしみ","sadness, sorrow, grief; affection, love"
"若し","もし","if, in case, supposing"
"胸","むね, むな","chest, breast; breasts, bosom, bust; heart; lungs; stomach; heart, mind, feelings"
"事件","じけん","event, affair, incident, case, plot, trouble, scandal"
"","かな, かなあ, かなー, かなぁ","I wonder; should I?, is it?; I wish that, I hope that"
"読む","よむ","to read; to recite (e.g. a sutra), to chant; to predict, to guess, to forecast, to read (someone's thoughts), to see (e.g. into someone's heart), to divine; to pronounce, to read (e.g. a kanji); to decipher, to read (a meter, graph, music, etc.), to tell (the time); to count, to estimate; to read (a kanji) with its native Japanese reading"
"其処で","そこで","so, accordingly, now, then, thereupon, therefore"
"驚く","おどろく","to be surprised, to be taken aback, to be amazed, to be astonished, to be shocked; to be frightened, to be startled, to be alarmed"
"積もる","つもる","to pile up, to accumulate; to estimate"
"丸で","まるで","quite, entirely, completely, at all; as if, as though, just like"
"痛み","いたみ","pain, ache, soreness, grief, distress; damage, injury, wear, bruise, break"
"違い","ちがい","difference, distinction, discrepancy; mistake, error"
"大事","だいじ","important, serious, crucial; valuable, precious; serious matter, major incident, matter of grave concern, crisis; great undertaking, great enterprise, great thing; safe, OK"
"既に","すでに","already; previously, before; undeniably, unmistakably, in the first place"
"我々","われわれ","we"
"更に","さらに","furthermore, again, after all, more and more, moreover, even more"
"魔","ま","demon, devil, evil spirit, evil influence; -crazed person, -obsessed person, fiend; dreaded, terrible, awful, dreadful"
"直ぐに","すぐに","immediately, right away, at once, instantly"
"所が","ところが","even so, however, still, whereupon, even though, nevertheless, on the contrary, as a matter of fact, despite"
"","ぜ","I can tell you; heh"
"大丈夫","だいじょうぶ, だいじょぶ","safe, secure, sound, problem-free, without fear, all right, alright, OK, okay; certainly, surely, undoubtedly; no thanks, I'm good, that's alright; great man, fine figure of a man"
"必要","ひつよう","necessary, needed, essential, indispensable; necessity, need, requirement"
"乗る","のる, ノる","to get on (train, plane, bus, ship, etc.), to get in, to board, to take, to embark; to get on (e.g. a footstool), to step on, to jump on, to sit on, to mount; to reach, to go over, to pass; to follow, to stay (on track), to go with (the times, etc.); to take part, to participate, to join; to get into the swing (and sing, dance, etc.); to be deceived, to be taken in; to be carried, to be spread, to be scattered; to stick, to attach, to take, to go on"
"入れる","いれる","to put in, to let in, to take in, to bring in, to insert, to install (e.g. software), to set (a jewel, etc.), to ink in (e.g. tattoo); to admit, to accept, to employ, to hire; to accept, to comply, to grant, to adopt (a policy, etc.), to take (advice, etc.), to listen to, to pay attention to; to include; to pay (one's rent, etc.); to cast (a vote); to make (tea, coffee, etc.); to turn on (a switch, etc.); to send (a fax), to call"
"以上","いじょう","not less than ..., ... and over, ... and above, ... and upwards, ... or more; beyond (e.g. one's expectations), above, more than, further than; the above, the above-mentioned, the aforementioned, the foregoing; since ..., seeing that ..., now that ..., once ...; that's all, that is the end, the end"
"小さな","ちいさな","small, little, tiny"
"今度","こんど","this time, now; next time, another time, shortly, soon; recently, lately, the other day"
"効く","きく","to be effective, to take effect, to be good (for); to work, to function well; to be possible (to do, use, etc.), to be able to; to taste (alcohol), to try"
"仲間","なかま","companion, fellow, friend, mate, comrade, partner, colleague, coworker, associate; group, company, circle, set, gang; member of the same category (family, class)"
"人前","ひとまえ","presence of other people, (in) public, (in) front of others"
"黒い","くろい","black; dark, blackish, sun-tanned (skin); suspicious, criminal, illicit; darkened and dirty, sooty, covered in dirt; evil, wicked, black-hearted; inauspicious, ill-boding, unlucky"
"問題","もんだい","question (e.g. on a test), problem; problem (e.g. societal, political), question, issue, subject (e.g. of research), case, matter; question (i.e. doubt); public discussion, controversy; trouble, problem, inconvenience, difficulty"
"鹿","しか, かせぎ, か, ろく, シカ","deer (esp. the sika deer, Cervus nippon), cervid"
"叫ぶ","さけぶ","to shout, to cry (out), to scream, to shriek, to yell, to exclaim; to clamor (for or against), to advocate, to insist, to protest, to appeal"
"身","み","one's body, one's person; oneself, one's appearance; one's place (in society, etc.), one's position; main part, meat (as opposed to bone, skin, etc.), wood (as opposed to bark), blade (as opposed to its handle), container (as opposed to its lid)"
"遣る","やる, ヤる","to do, to undertake, to perform, to play (a game), to study; to send, to dispatch, to despatch; to put, to move, to turn (one's head, glance, etc.); to give (esp. to someone of equal or lower status), to let have, to present, to bestow, to confer; to make (a vehicle) go faster; to run (a business), to keep, to be engaged in, to practice (law, medicine, etc.), to practise; to have (food, drink, etc.), to eat, to drink, to smoke; to hold (a performance), to perform, to show; to ease (one's mind); to harm, to injure, to kill; to have sex, to fuck, to bang; to live, to get by, to get along; to do ... completely; to do ... broadly, to do ... to a great distance; to do ... for (someone of equal or lower status), to do ... to; to make active efforts to ..."
"区","く","ward, borough, city (in Tokyo); district (e.g. electoral), section, zone (e.g. postal)"
"何時も","いつも","always, all the time, at all times; never; usual, regular, habitual, customary"
"場所","ばしょ","place, location, spot, position, area; room, space; sumo tournament"
"","なんか","something like ..., things like ..., someone like ..., the likes of ..."
"箱","はこ, ハコ","box, case, chest, package, pack, crate; car (of a train, etc.); shamisen case, shamisen; public building, community building; man who carries a geisha's shamisen; receptacle for human waste, feces (faeces); counter for boxes (or boxed objects)"
"良い","よい, えい","good, excellent, fine, nice, pleasant, agreeable; sufficient, enough, ready, prepared; profitable (deal, business offer, etc.), beneficial; OK, all right, fine, no problem; easy to ..."
"楽","らく","comfort, ease, relief, (at) peace, relaxation; easy, simple, without trouble, without hardships; (economically) comfortable; raku pottery; sukha (happiness)"
"度","たび, たんび","time (three times, each time, etc.), times"
"","なのだ, なんだ","it is assuredly that ..., can say with confidence that ...; did not ..."
"","はい, はーい, はーーい","yes, that is correct; understood, I see, OK, okay; present, here; pardon?, what's that?, come again?; now, here, here you go; giddy-up, giddap"
"濃い","こい","deep (colour), dark; strong (flavour, smell, etc.); thick (consistency), dense; strong (possibility, etc.); thick (i.e. ""as thick as thieves""), close, deep (love, etc.)"
"","ならない, ならぬ, ならん, なりません","cannot help (feeling), unbearably, awfully, irresistibly; must not ..., should not ...; must ..., have to ..., ought to ...; cannot, unable to; not"
"走る","はしる","to run; to run (of a vehicle), to drive, to travel, to move, to sail; to rush (to), to dash, to race; to retreat, to flee, to defect (to); to run away, to abscond, to elope; to flash (of lightning), to streak, to shoot (through; e.g. of pain), to run (through), to flare, to flit (e.g. across one's face), to spread quickly (of news, shock, etc.); to go (e.g. bad, to extremes), to become, to turn, to take to (e.g. crime), to get carried away by (e.g. one's emotions), to get involved in, to get wrapped up in; to run (through; of a road, street, etc.), to extend (e.g. of a mountain range), to stretch, to lie"
"大きい","おおきい","big, large, great; loud; extensive, spacious; important, decisive, valuable; older, grown up"
"様子","ようす","state (of affairs), situation, circumstances; appearance, look(s), air, manner, behaviour, demeanor; sign, indication"
"","ドア, ドアー","door"
"門","もん, かど","gate; branch of learning based on the teachings of a single master; division, phylum; counter for cannons"
"受ける","うける, ウケる","to receive, to get; to catch (e.g. a ball); to be struck by (wind, waves, sunlight, etc.); to sustain (damage), to incur (a loss), to suffer (an injury), to feel (influence); to undergo (e.g. surgery), to take (a test), to accept (a challenge); to be given (e.g. life, talent); to find funny, to find humorous, to be amused (by); to follow, to succeed, to be descended from; to face (south, etc.); to be modified by; to obtain (a pawned item, etc.) by paying a fee; to be well-received, to become popular, to go down well"
"見込み","みこみ","hope, promise, possibility, chance, probability, likelihood; expectation, anticipation, forecast, estimate; side of a structural member"
"聞こえる","きこえる","to be heard, to be audible, to reach one's ears; to sound (like), to come across (as); to be well known, to be famous; to accept (someone's words), to agree, to understand"
"四","し, よん, よ","four, 4"
"六","ろく, む, むう","six, 6"
"新車","しんしゃ","new car"
"好き","すき","liking, being fond of, to one's liking, to one's taste, preferred, favourite; liking (romantically), being in love with, beloved; faddism, eccentricity; as one likes, as it suits one; lecherous, lustful, salacious"
"勿論","もちろん","of course, certainly, naturally"
"鼻","はな","nose"
"直ぐ","すぐ","immediately, at once, right away, directly; soon, before long, shortly; easily, readily, without difficulty; right (near), nearby, just (handy); honest, upright, frank, straightforward"
"名","な","name, given name; title; fame, renown, reputation; pretext, pretense, justification, appearance"
"様々","さまざま","various, varied, diverse, all sorts of"
"飛ぶ","とぶ","to fly, to soar; to jump, to leap, to spring, to bound, to hop; to spatter, to scatter, to splash, to fly (e.g. of sparks); to hurry, to rush; to flee, to run off, to escape; to disappear, to vanish, to fade, to thin out; to break off, to come off, to fall off, to blow (of a fuse); to be sent out (of an order), to fly (of false rumours, catcalls, etc.); to come flying (of a punch, kick, etc.); to be missing (of a page, stitch, etc.), to skip, to jump (e.g. of a conversation)"
"作る","つくる","to make, to produce, to manufacture, to build, to construct; to prepare (food), to brew (alcohol); to raise, to grow, to cultivate, to train; to till; to draw up (a document), to make out, to prepare, to write; to create (an artistic work, etc.), to compose; to coin (a phrase), to organize, to organise, to establish, to found; to have (a child); to make up (one's face, etc.); to fabricate (an excuse, etc.); to give a (false) appearance, to feign (a smile, etc.), to put on a show of emotion; to form (a line, etc.); to set (a record); to commit (a sin, etc.)"
"殆ど","ほとんど","almost, nearly, mostly, practically, virtually, basically, just about, all but; hardly, barely, scarcely, little; large majority, large proportion, greater part, most (of), almost all (of)"
"私たち","わたしたち, わたくしたち","we, us"
"罪","つみ","crime, sin, wrongdoing, indiscretion; penalty, sentence, punishment; fault, responsibility, culpability; thoughtlessness, lack of consideration"
"動かす","うごかす","to move, to shift, to stir, to budge, to change position; to inspire, to rouse, to move (e.g. feeling), to influence; to change, to alter, to deny; to operate, to set in motion, to get going; to mobilize (e.g. troops), to mobilise, to deploy; to manage (e.g. funds)"
"","フットボール","football (soccer, rugby, American football, etc.; esp. soccer)"
"２０歳","はたち, にじゅっさい, にじっさい","20 years old; twenty"
"場","ば","place, spot, space; field, discipline, sphere, realm; occasion, situation; scene (of a play, movie, etc.); session; field, table, area in which cards are laid out; round (east, south, etc.); field; field (in Gestalt psychology)"
"街","がい","street, quarter, district, area"
"やって来る","やってくる","to come along, to come around, to turn up; to arrive at the present, to get where one is, to have been doing something (for a period of time)"
"余る","あまる","to remain, to be left over, to be in excess, to be too many"
"文","ぶん","sentence; composition, text, writings; the literary arts (as opposed to the military arts), academia, literature; statement"
"忘れる","わすれる","to forget, to leave carelessly, to be forgetful of, to forget about, to forget (an article)"
"三人","さんにん, みたり","three people"
"歯","は","tooth, teeth; tooth (of a comb, saw, etc.), cog; support (of a geta)"
"際","さい","occasion, time, circumstances, (in) case (of), when"
"生む","うむ","to give birth, to bear (child), to lay (eggs); to produce, to yield, to give rise to, to deliver"
"子","こ","child, kid, teenager, youngster, young (non-adult) person; (one's) child, offspring; young woman; young (animal); offshoot; interest; new share; player who is not a dealer; young geisha, young prostitute; bird egg; -er (often of young women)"
"七","しち, なな, ひち, な","seven"
"振る","ふる","to wave, to shake, to swing; to sprinkle, to throw (dice); to cast (actor), to allocate (work); to turn down (someone), to reject, to jilt, to dump; to abandon, to give up, to ruin; to add kana indicating a reading of a word; to slightly change headings, to change directions; to extract by broiling, to prepare an infusion of, to decoct; to carry with great vigor (e.g. a portable shrine); to bring up a topic, to lead to a topic; to replace, to substitute; to set up a joke for someone else"
"此方","こちら, こっち, こち","this way, this direction; here; this (one); I, me, we, us; this person"
"辺り","あたり","(in the) neighbourhood, neighborhood, vicinity, nearby, surroundings; around, about, or thereabouts; for instance, say, such as"
"","さえ","even; (if) only, just, as long as; besides, on top of that, what's more"
"じゃ無いか","じゃないか","isn't it?; let's ..., why don't we ..., how about we ..., shouldn't we ..."
"城","しろ","castle"
"罹る","かかる","to contract (a disease), to suffer from"
"最初","さいしょ","beginning, outset, first, onset"
"表情","ひょうじょう","facial expression, countenance; look, appearance, expression (vocal, etc.)"
"","もっと","(some) more, even more, longer, further"
"光","ひかり","light; illumination, ray, beam, gleam, glow; happiness, hope; influence, power; vision, eyesight; optical fiber, optical fibre"
"高い","たかい, たかーい, たっけー, たっかーい","high, tall; expensive, high-priced; high (level), above average (in degree, quality, etc.); loud; high-pitched, shrill"
"落ちる","おちる","to fall, to drop, to come down, to crash, to collapse, to cave in, to give way; to set (of the sun or moon), to sink, to dip, to go down; to decrease (of popularity, quality, speed, sales, etc.), to fall, to drop, to go down, to decline, to deteriorate, to abate (of wind); to be inferior (to), to be not as good (as), to fall short (of); to come off (of dirt, paint, makeup, etc.), to come out (of a stain), to fade (of colour), to be removed (of an illness, possessing spirit, etc.); to disappear (of excess fat), to become thinner, to become leaner; to be left out, to be omitted, to be missing; to fail (an exam), to lose (a contest, election, etc.), to be unsuccessful; to decline (of morals, character, etc.), to become vulgar (e.g. of a conversation), to stoop (to), to sink (so low); to be ruined, to go under, to fall (into hell); to fall (in love, asleep, etc.); to fall (into someone's hands), to be accepted (of a bid), to be won (of a tender), to be honoured (of a bill); to fall into (a trap), to fall for (a trick); to give in; to confess, to own up; to come to (a conclusion, topic, etc.), to arrive at (in the end); to leave (a city, castle, etc.), to (be defeated and) flee; to sink in, to be accepted (in one's heart); to fall (to the enemy), to be defeated; to come in (of money); to fall (upon; of light, a shadow, one's gaze, etc.); to pass out (in judo), to fall unconscious; to go down (of a website, server, etc.), to crash; to log out (of an online game, chat room, etc.), to drop out, to leave, to go offline; to move to deeper water (of a fish in cold weather); to die (of an animal)"
"御","ご","honorific/polite/humble prefix; honorific suffix"
"過ぎ","すぎ","past, after; too (much), over- (e.g. eating)"
"角","かど","corner, edge; (street) corner, turning; rough edges (of one's character, words, etc.), abrasiveness, harshness, sharpness"
"故郷","ふるさと","hometown, birthplace, native place, one's old home; ruins, historic remains"
"戸","と","door (esp. Japanese-style); shutter, window shutter; entrance (to a home); narrows"
"","エンジン","engine"
"","まい","probably isn't (doesn't, won't, etc.); don't (doesn't) intend to, intend not to; must not, (when used in an imperative sentence) don't"
"では無いか","ではないか","isn't it?; let's ..., why don't we ..., how about we ..., shouldn't we ..."
"問う","とう","to ask, to inquire; to blame (someone) for, to accuse of, to pursue (question of responsibility), to charge with; to care about, to regard as important; to call into question, to doubt, to question"
"覚える","おぼえる","to memorize, to memorise, to commit to memory, to learn by heart, to bear in mind, to remember; to learn, to pick up, to acquire; to feel; to think, to regard"
"続く","つづく","to continue, to last, to go on; to continue (without a break), to be unbroken; to occur again and again; to lead to, to connect to, to adjoin; to come after, to follow, to succeed, to rank next to; to hold out, to keep, to last"
"食べる","たべる","to eat; to live on (e.g. a salary), to live off, to subsist on"
"誰か","だれか","someone, somebody"
"信じる","しんじる","to believe, to believe in, to place trust in, to confide in, to have faith in"
"地方","ちほう","district, region, area, locality; the country, countryside, the provinces, rural area; civilian society"
"犠牲","ぎせい","sacrifice; victim (esp. someone killed), casualty; sacrifice (to a deity)"
"君","くん","Mr, master, boy; Ms, miss; sir, madam"
"何処か","どこか, どっか","somewhere; in some respects, in some way"
"離れる","はなれる","to be separated, to be apart, to be distant; to leave, to go away; to leave (a job, etc.), to quit, to give up; to lose connection with, to drift away from"
"和紙","わし, わがみ","washi, Japanese paper"
"歳","さい","... years old, age (of) ..."
"軈て","やがて","before long, soon, shortly; almost, nearly; finally, in the end, eventually"
"国","くに","country, state; region; national government, central government; home (i.e. hometown, home country); province (of Japan); land, earth"
"名前","なまえ","name; given name, first name"
"電話","でんわ","telephone call, phone call; telephone (device), phone"
"手痛い","ていたい","severe, hard"
"最後","さいご","end, conclusion; last, final, latest, most recent; no sooner than, once, right after (often having negative consequences); one's final moments"
"疑い","うたがい","doubt, question, uncertainty, skepticism, scepticism, suspicion, distrust"
"台","だい","stand, rest, base, pedestal, platform, table, holder, support, rack; setting (of a gem), mounting; stock (in grafting); counter for machines and vehicles; level (e.g. price level), mark, range, decade (of one's life); tall building (with a fine view), (observation) platform; plateau, heights"
"一番","いちばん","number one, first, first place; best, most; game, round, bout; as a test, as an experiment, by way of experiment, by way of trial, tentatively; song (e.g. in noh), piece"
"頃","ころ, ごろ","(approximate) time, around, about, toward; suitable time (or condition); time of year, season"
"赤い","あかい","red, crimson, scarlet, vermilion; Red, communist"
"誇り","ほこり","pride, boast, credit (to)"
"上","じょう","from the standpoint of, from the viewpoint of, with respect to, in terms of, as a matter of, in view of, so far as ... is concerned; on, above, on top of, aboard (a ship or vehicle); the best, top, first class, first grade; first volume (of a two or three-volume set), first book; with my compliments"
"窓","まど","window"
"頂く","いただく","to receive, to get, to accept, to take, to buy; to eat, to drink; to be crowned with, to wear (on one's head), to have (on top); to have (as one's leader), to live under (a ruler), to install (a president); to get someone to do something"
"他","た","other (esp. people and abstract matters)"
"流行","りゅうこう","fashion, trend, vogue, craze, fad, popularity; prevalence (of a disease), epidemic"
"見送り","みおくり","seeing (someone) off, send-off; deferment, postponement, shelving; letting a pitch go by; wait-and-see attitude"
"詰まり","つまり","that is to say, that is, in other words, I mean, that (this, it) means; in short, in brief, to sum up, ultimately, in the end, in the long run, when all is said and done, what it all comes down to, when you get right down to it, basically; clogging, obstruction, stuffing, (degree of) blockage; shrinkage; end, conclusion; dead end, corner; distress, being at the end of one's rope"
"極めて","きわめて","exceedingly, extremely, decisively"
"","だい","is it?, isn't it?; be, is"
"女性","じょせい, にょしょう","woman, female; feminine gender"
"矢張り","やはり","as expected, sure enough, just as one thought; after all (is said and done), in the end, as one would expect, in any case; too, also, as well, likewise, (not) either; still, as before; all the same, even so, still, nonetheless"
"眺める","ながめる","to look at, to gaze at, to watch, to stare at; to look out over, to get a view of, to admire (e.g. the scenery); to look on (from the sidelines), to stand by and watch, to observe"
"存在","そんざい","existence, being, presence"
"何で","なんで","why?, what for?; how?, by what means?"
"感じ","かんじ","feeling, sense, impression"
"","キロ","kilo-, 1000; kilogram, kilogramme; kilometre, kilometer; kilo-, 1024, 2^10"
"突く","つく","to prick, to stab; to poke, to prod, to push, to thrust, to nudge, to hit, to strike; to use (a cane), to prop oneself up with, to press against (the floor, etc.); to attack; to brave (the rain, etc.)"
"","な, なあ, なー, なぁ","don't; do; hey, listen, look, say; now, ..., well, ..., I tell you!, you know; wow, ooh; right?, isn't it?, doesn't it?, don't you?, don't you think?"
"","ずっと, ずーっと, ずうっと","continuously, the whole time, all the way, throughout; much (more), (by) far, far and away, a lot, a great deal; far (away), long (ago, before, after); straight, directly"
"呟く","つぶやく","to mutter, to murmur, to grumble; to tweet, to post on Twitter"
"","ですか","indicates question"
"深い","ふかい","deep; profound; dense, thick; close (relationship); intense, strong; late"
"今日","きょう, こんにち, こんち, こんじつ","today, this day; these days, recently, nowadays"
"取る","とる","to take, to pick up, to grab, to catch, to hold; to pass, to hand, to give; to get, to obtain, to acquire, to win, to receive, to earn, to take (e.g. a vacation); to adopt (a method, proposal, etc.), to take (a measure, attitude, etc.), to choose; to remove, to get rid of, to take off; to take away, to steal, to rob; to eat, to have (e.g. lunch), to take (e.g. vitamins); to pick (e.g. flowers), to gather, to extract (e.g. juice), to catch (e.g. fish), to harvest (a crop); to take up (time, space), to occupy, to spare, to set aside; to secure, to reserve, to save, to put aside, to keep; to take (e.g. a joke), to interpret, to understand, to make out, to grasp; to record, to take down; to subscribe to (e.g. a newspaper), to take, to buy, to get; to order, to have delivered; to charge, to fine, to take (tax); to take (e.g. a wife), to take on (e.g. an apprentice), to adopt, to accept; to take control of, to take (the rudder); to compete (in sumo, cards, etc.), to play"
"王","おう","king, ruler, sovereign, monarch; tycoon, magnate, champion, master; king (of the senior player)"
"場合","ばあい","case, occasion, situation, circumstances"
"食物","しょくもつ","food, foodstuff"
"焚く","たく","to burn, to kindle, to light (a fire), to make (a fire); to heat (a bath), to light (a stove), to stoke (a boiler); to use (a camera flash)"
"腕","うで","arm; ability, skill, talent, competence; (physical) strength"
"巳","み, し","the Snake (sixth sign of the Chinese zodiac), the Serpent; hour of the Snake (around 10am, 9-11am, or 10am-12 noon); south-southeast; fourth month of the lunar calendar"
"妻","つま","wife; garnish (esp. one served with sashimi), trimmings; accompaniment, side (remark)"
"消える","きえる","to disappear, to vanish, to go out of sight, to go away, to become lost; to go out (of a fire, light, etc.), to die, to turn off (e.g. of a TV screen); to fade (of a feeling, impression, etc.), to vanish (e.g. of hope); to go away (e.g. of a smell, itchiness, sleepiness), to disappear, to fade away (e.g. of footsteps); to wear away (e.g. of an inscription), to rub out (of writing), to fade (e.g. of ink); to be lost (e.g. of a tradition), to die out, to disappear"
"然も","しかも","moreover, furthermore; nevertheless, and yet"
"何故","なぜ","why, how, for what reason"
"関係","かんけい","relation, relationship, connection; participation, involvement, concern; influence, effect; sexual relations, sexual relationship; related to, connected to"
"其れでも","それでも","but (still), and yet, nevertheless, even so, notwithstanding"
"逃げる","にげる","to run away, to flee, to get away (e.g. from danger), to escape, to break out, to leave (e.g. one's spouse); to avoid (a question, responsibility, etc.), to evade, to dodge, to shirk, to back away; to win without being overtaken, to hold off the other contenders (until the finish), to keep the lead (and win); to escape (of heat, a gas, etc.), to leak out (e.g. of a scent), to be lost (e.g. of flavor); to fail to hold an ideal posture"
"色","いろ","colour, color, hue, tint, tinge, shade; complexion, skin colour, skin color; look (on one's face), expression; appearance, air, feeling; personality, character; tone (of one's voice, etc.), tune, sound, ring; love, lust, sensuality, love affair; lover, paramour; beauty, sexiness, physical appeal; kind, type, variety"
"終わる","おわる","to end, to come to an end, to finish, to close, to be over; to finish, to complete, to conclude; to finish doing; to be past its (one's) prime; to be awful, to be terrible, to suck, to be hopeless"
"貴方","あんた","you"
"澄む","すむ","to become clear (water, air, etc.), to become transparent; to resonate clearly (e.g. voice); to become serene, to become tranquil, to be free of worries; to pronounce as an unvoiced sound"
"教える","おしえる","to teach, to instruct; to tell, to inform, to show; to preach"
"先ず","まず","first (of all), firstly, to begin with, before anything else; probably, most likely, almost certainly, virtually; more or less (satisfactory), on the whole, reasonably; anyway, at any rate, for now (at least), for the time being"
"分","ふん","minute (unit of time); fun (one tenth of a monme, 5.787 grains)"
"別","べつ, べち","distinction, difference, discrimination; separate, different, another, extra; exception, exclusion; classified by, ranked by, according to"
"","こそ","it is ... that ..., precisely, in particular, definitely, for sure, only (when, after, because, etc.); although, while, it is the case that ... but; it is precisely because ... that ..., only because ...; not at all, not in the slightest, absolutely not, never"
"巣","す","nest, rookery, breeding place, hive; den; haunt; (spider's) web"
"","はっきり, ハッキリ","clearly, plainly, distinctly; to be clear, to be definite, to be certain, to be exact, to become clear, to clear up"
"思い出す","おもいだす","to recall, to remember, to recollect"
"様にする","ようにする","to see to it that ..., to make sure that ..., to try to ..., to make an effort to ..."
"迚も","とても, とっても","very, awfully, exceedingly; (not) at all, by no means, simply (cannot)"
"左","ひだり","left, left-hand side; left hand; the left (wing), leftist; fondness for alcohol, drinker"
"自ら","みずから","oneself; oneself, for oneself, personally, in person"
"美しい","うつくしい","beautiful, pretty, lovely, sweet, pure (heart, friendship, etc.)"
"屹度","きっと, キッと","surely, undoubtedly, almost certainly, most likely (e.g. 90 percent); sternly, severely; having no slack, rigid, stiff, tight; suddenly, abruptly, instantly"
"似合う","にあう","to suit, to match, to become, to be like"
"","だけど","but, however, although"
"理由","りゆう, わけ","reason, grounds, pretext, excuse, motive"
"切る","きる","to cut, to cut through, to perform (surgery); to sever (connections, ties); to turn off (e.g. the light); to terminate (e.g. a conversation), to hang up (the phone), to disconnect; to punch (a ticket), to tear off (a stub); to open (something sealed); to start; to set (a limit), to do (something) in less or within a certain time, to issue (cheques, vouchers, etc.); to reduce, to decrease, to discount; to shake off (water, etc.), to let drip-dry, to let drain; to cross, to traverse; to criticize sharply; to act decisively, to do (something noticeable), to go first, to make (certain facial expressions, in kabuki); to turn (vehicle, steering wheel, etc.); to curl (a ball), to bend, to cut; to shuffle (cards); to discard a tile; to dismiss, to sack, to let go, to expel, to excommunicate; to dig (a groove), to cut (a stencil, on a mimeograph); to trump; to cut (the connection between two groups); to start a fire (with wood-wood friction or by striking a metal against stone); to draw (a shape) in the air (with a sword, etc.); to do completely, to finish doing; to be completely ..., to be totally ..., to be terribly ...; to do clearly, to do decisively, to do firmly"
"頼む","たのむ","to request, to beg, to ask; to call, to order, to reserve; to entrust to; to rely on; please, please do"
"其のまま","そのまま, そのまんま","without change, as is; just like, extremely similar; immediately, just after, without a pause"
"糸","いと","thread, yarn, string"
"申す","もうす","to say, to be called; to do"
"暫く","しばらく","for a moment, for a minute; for a while, for some time; for the time being, for now; it's been a long time, long time no see"
"待たせる","またせる","to keep (a person) waiting"
"面","めん","face; mask, face guard; striking the head (in kendo); surface (esp. a geometrical surface); page; aspect, facet, side; chamfer; counter for broad, flat objects, levels or stages, e.g. in a video game"
"番","ばん","number (in a series); (one's) turn; watch, guard, lookout; rank, standing, position; bout, match; pieces (in a collection)"
"７日","なのか, なぬか","7th day of the month; seven days"
"鐘","かね","bell (often a large hanging bell), chime"
"気づく","きづく, きずく","to notice, to realize, to realise, to become aware (of), to perceive, to sense, to suspect; to regain consciousness, to come to (one's senses), to come round"
"血","ち","blood; blood, ancestry, lineage, stock; (the) blood, feelings, passions"
"近く","ちかく","near, neighbourhood, neighborhood, vicinity; nearly (e.g. ""it took nearly one year""), close to; shortly, soon"
"心配","しんぱい","worry, concern, anxiety, uneasiness, fear; care, help, aid, assistance"
"流れる","ながれる","to stream, to flow (liquid, time, etc.), to run (ink); to be washed away, to be carried; to drift, to float (e.g. clouds), to wander, to stray; to sweep (e.g. rumour, fire), to spread, to circulate; to be heard (e.g. music), to be played; to lapse (e.g. into indolence, despair); to pass, to elapse, to be transmitted; to be called off, to be forfeited; to disappear, to be removed"
"樽","たる","cask, barrel"
"夫人","ふじん, ぶにん, はしかし","wife, Mrs, madam; wife of a nobleman (aristocrat, etc.); consort of the emperor"
"金","きん","gold (metal); gold (color); gold (medal), first place (prize); something of great value, something golden (e.g. silence); money, gold coin; sum (of money); Friday; karat (measure of purity of gold), carat; metal (fourth phase of Wu Xing); Jin dynasty (of China; 1115-1234), Chin dynasty, Jurchen dynasty; gold general; testicles"
"大","おお","large, big, great, major, important, serious, heavy, loud; older, senior; final, ultimate; rough, broad, general"
"","ですが","but, however, (and) yet, nevertheless, still, for all that"
"訓","くん, くに","native Japanese reading of a Chinese character; precept, lesson, one's teachings"
"舞う","まう","to dance (orig. a whirling dance); to whirl (in the wind), to flutter (about), to swirl, to fly, to circle, to wheel"
"与える","あたえる","to give (esp. to someone of lower status), to bestow, to grant, to confer, to present, to award; to provide, to afford, to offer, to supply; to assign; to cause; to pass (a variable to a function)"
"朝","あさ","morning; breakfast"
"再び","ふたたび","again, once more, a second time"
"馬","うま, ウマ","horse; horse racing; promoted bishop; knight (court card in mekuri karuta and unsun karuta)"
"","うん, うむ, ううむ","yes, yeah, uh huh; hum, hmmm, well, erm, huh?; oof"
"乞う","こう","to beg, to ask, to request, to invite; to pray, to wish"
"","でもある","to also be (implies that as well as the earlier stated this is also the case); to be ... or something"
"他に","ほかに","else, in addition, besides"
"市場","しじょう","market (financial, stock, domestic, etc.), marketplace, exchange; (street) market"
"目標","もくひょう","goal, target, aim, objective; mark, sign, landmark"
"公平","こうへい","fairness, impartiality, justice, objectivity"
"済ませる","すませる","to finish, to make an end of, to get through with, to let end; to make do (with), to manage (with); to resolve, to settle, to bring to a conclusion"
"肩","かた","shoulder"
"二つ","ふたつ","two"
"竹刀","しない, ちくとう","bamboo sword (for kendo), bamboo fencing stick; bamboo sword"
"","ゆっくり","slowly, unhurriedly, without haste, leisurely, at one's leisure; easily (e.g. in time), well, sufficiently, amply, with time to spare; well (e.g. sleep), comfortably"
"説明","せつめい","explanation, exposition, description, account, caption, legend"
"農地","のうち","agricultural land, farmland"
"太い","ふとい","fat, thick; deep (of a voice), thick, sonorous; daring, shameless, brazen, audacious"
"変わる","かわる","to change, to be transformed, to be altered, to vary; to move to; to be different, to be uncommon, to be unusual"
"黙る","だまる","to be silent, to say nothing"
"奥","おく","inner part, interior, back (of a drawer, one's throat, etc.), depths (e.g. of a forest), recesses (e.g. of a cave), heart, end (of a road, garden, etc.); living quarters (at the back of a house), inner room; recesses (of one's mind), bottom (of one's heart), behind (someone's words), mysteries (of an art)"
"事がある","ことがある","(for something) to have occurred, to have done (something); (for something) to happen on occasion"
"思い","おもい","thought; imagination, mind, heart; desire, wish, hope, expectation; love, affection; feelings, emotion, sentiment, experience"
"と言うもの","というもの","something like ..., something called ..."
"抱く","いだく","to hold in one's arms (e.g. a baby), to embrace, to hug; to have (a thought or feeling), to hold, to harbour (suspicion, doubt, etc.), to harbor, to bear (a grudge, ill will, etc.), to entertain (hope, illusions, etc.), to cherish (e.g. an ambition)"
"夫","おっと","husband"
"壁","かべ, へき","wall, partition; barrier, obstacle, hindrance, difficulty; Chinese ""Wall"" constellation (one of the 28 mansions)"
"本当","ほんとう, ほんと, ホントー, ホント, ホントウ","truth, reality, actuality, fact; proper, right, correct, official; genuine, authentic, real, natural, veritable"
"出来る","できる","to be able to do, to be possible, to be permitted (to do); to be good at, to do well, to be proficient (in), to be capable; to come into existence, to form, to appear, to come up (of a matter), to be born, to make (a friend), to get (a girlfriend, free time, etc.); to be made, to be built, to be constructed, to be formed, to be established, to be set up; to be finished, to be completed, to be done, to be ready; to grow (of a crop), to be produced; to be mature and well-balanced, to be of fine character; to be by nature, to be born ...; to become (sexually) involved (with), to become intimate (with), to take up (with someone); to get pregnant"
"早く","はやく","early, soon; quickly, swiftly, rapidly, fast"
"身体","しんたい, しんだい, しんてい","body, physical system, (the) person"
"労","ろう","labor, labour, toil, trouble, pains, work, effort, striving"
"病む","やむ","to fall ill; to suffer from (e.g. a disease), to have something wrong with (e.g. an inner organ)"
"客","きゃく, かく","guest, visitor; customer, client, shopper, spectator, audience, tourist, sightseer, passenger; counter for containers used to entertain guests"
"好み","このみ","liking, taste, fancy, fondness; wish, desire, choice, preference"
"傷つける","きずつける","to wound, to injure; to hurt someone's feelings (pride, etc.); to damage, to chip, to scratch"
"回り","まわり","rotation; making the rounds; spreading; effect, efficacy; by way of, via; round, turn; size; 12-year period, 12-year age difference"
"誰も","だれも","everyone, anyone; no one, nobody"
"生ける","いける","to arrange (flowers), to plant; living, live"
"先","さっき","a short while ago, a moment ago, just now, some time ago"
"訊く","きく","to ask, to enquire, to query"
"立てる","たてる","to stand up, to put up, to set up, to erect, to raise; to thrust into, to bury into, to dig into; to make (a noise), to start (a rumour), to raise (a cloud of dust, etc.), to cause; to make, to establish, to set up, to develop, to formulate; to put up (a political candidate), to make (one's leader); to treat with respect, to give (someone) their due, to make (someone) look good, to avoid embarrassing (someone); to sharpen, to make clear; to shut, to close; to make tea (matcha), to perform the tea ceremony; to divide by; to do ... vigorously"
"初める","そめる","to begin to"
"暮らし","くらし, ぐらし","(way of) life, living, livelihood, life circumstances"
"遊び","あそび","play, playing, game; pleasure, amusement, pastime, recreation, diversion; play (in a mechanism, e.g. a steering wheel); flexibility (in a performance, art, etc.), freedom; flyleaf"
"事になる","ことになる","to have been decided (so) that, to have been arranged (so) that; to be the result (of), to be the outcome; to be the reason (for)"
"","さあ, さー, さぁ","come (on), come now, come along, here; all right, right, okay, now, here goes; well, hmm, uh, let's see, I'm not sure; here, now, there (we go), ah, oh; about that, ..., actually, ..."
"","じゃあ, じゃ","then, well, so, well then"
"少年","しょうねん","boy; juvenile, child"
"閉まる","しまる","to be shut, to close, to be closed; to be firm (of a body, face, etc.), to be well-knit; to be locked; to tighten, to be tightened; to become sober, to become tense"
"時代","じだい","period, epoch, era, age; the times, those days; oldness, ancientness, antiquity; antique, period piece"
"欲しい","ほしい","wanting (to have), desiring, wishing for; I want (you, them, etc.) to (do)"
"事実","じじつ","fact, truth, reality"
"視線","しせん","one's line of sight, one's gaze, one's eyes (looking), glance, gaze, look"
"生活","せいかつ","life, living; livelihood, (one's) living"
"非","ひ","fault, error, mistake; going poorly, being disadvantageous, being unfavorable; un-, non-, an-"
"戦","いくさ","war, battle, campaign, fight; troops, forces"
"下手","へた, ヘタ","unskillful, poor, awkward; imprudent, untactful"
"法","ほう","law, act, principle; method; mood; dharma, law"
"生まれ","うまれ","birth, birthplace; born in (country, month, imperial era, zodiac year, etc.)"
"然うした","そうした","such"
"軽い","かるい, かろい","light (i.e. not heavy), feeling light (i.e. offering little resistance, moving easily); light (i.e. of foot), effortless, nimble, agile; non-serious, minor, unimportant, trivial; slight, small, gentle, soft, easy, lighthearted (e.g. joke); easy, simple; indiscriminate"
"に対して","にたいして","towards, against, regarding, in contrast with"
"東京","とうきょう, とうけい","Tokyo"
"耳","みみ","ear; hearing; ear (for music, etc.); edge, crust, heel (of bread or cheese), selvedge (of woven fabric), selvage; ear (of a pot, jug, etc.), handle"
"","ですから","so, therefore, accordingly, consequently, on those grounds, that is why, for that reason"
"隣","となり","next (to), adjoining, adjacent; house next door, neighbouring house, next-door neighbour, next-door neighbor"
"どう言う","どういう","what kind of, what sort of, what"
"眠る","ねむる, ねぶる","to sleep; to die, to rest (in peace), to lie (buried), to sleep (in the grave); to lie idle (e.g. of resources), to lie unused, to lie untapped, to lie untouched; to close one's eyes"
"新しい","あたらしい","new, novel, fresh, recent, latest, up-to-date, modern"
"結婚","けっこん","marriage"
"老化","ろうか","ageing, aging, senile deterioration"
"八","はち, や","eight, 8"
"寝る","ねる","to sleep (lying down); to go to bed, to lie in bed; to lie down; to sleep (with someone, i.e. have intercourse); to lie flat (e.g. of hair); to lie idle (of funds, stock, etc.); to ferment (of soy sauce, miso, etc.)"
"戦い","たたかい","battle, war, fight, conflict; fight (against time, poverty, etc.), struggle (for freedom, survival, etc.), war (e.g. on drugs), battle (e.g. against nature); contest, competition, match, game"
"寛ぐ","くつろぐ","to relax, to feel at home"
"辛い","つらい, ツライ, ツラい","painful, bitter, heart-breaking, difficult (emotionally); tough, difficult, hard (usu. of situations); cruel, harsh, cold"
"","そうです","that is so, that is right, it looks to me, that's my impression; people say that, it is said that, I hear that"
"連中","れんちゅう, れんじゅう, れんぢゅう","company, lot, people, bunch, gang, pack, guys, group, folks; troupe, company (of musicians)"
"或いは","あるいは","or, either ... or; maybe, perhaps, possibly; some ... and others ..., sometimes ... and at other times ..."
"手紙","てがみ","letter, note"
"不思議","ふしぎ","wonderful, marvelous, strange, incredible, amazing, curious, miraculous, mysterious; strangely enough, oddly enough, for some reason, curiously"
"明日","あした, あす, みょうにち","tomorrow; near future"
"色々","いろいろ","various, a variety of, all sorts of, many (different); variously, in various ways, in many ways; various things, this and that"
"注す","さす","to pour, to add (liquid), to serve (drinks); to put on (lipstick, etc.), to apply, to colour, to dye"
"","ベンチ","bench"
"兎に角","とにかく","anyway, anyhow, at any rate, in any case, at least, just; setting aside ..., regardless of ...; really, truly, certainly, definitely, undeniably"
"時には","ときには","at times, occasionally"
"実に","じつに, げに, まことに","indeed, really, absolutely, truly, actually, very, quite"
"包む","つつむ","to wrap up, to pack, to bundle, to do up; to cover, to envelop, to shroud, to engulf; to conceal (a feeling), to hide; to give (money in an envelope; as a wedding gift, funeral offering, etc.)"
"煙","けむり, けむ, けぶ, けぶり","smoke, fumes"
"貴社","きしゃ","your company; your shrine"
"夜更かし","よふかし","staying up late, sitting up late at night, keeping late hours"
"何人","なんにん","how many people, a number of people"
"敷く","しく","to spread out (e.g. a futon), to lay out; to lay down (e.g. a cushion); to impose widely (e.g. martial law), to promulgate; to pin down, to hold down; to lay (e.g. railway tracks); to deploy (e.g. troops); to spread (e.g. snow), to be propagated"
"","ものの","although, though, despite the fact that ..."
"痛い","いたい, イタイ, イタい","painful, sore; cringy, embarrassing"
"","これで","here, with this"
"海","うみ, み, わた, わだ","sea, ocean, waters"
"泣く","なく","to cry, to shed tears, to weep, to sob; to suffer (from), to be troubled (by), to face hardship; to accept (an unreasonable request, loss, etc.), to do reluctantly, to make sacrifices; to be not worth worth the name, to suffer (of a reputation), to be spoiled, to be put to shame; to lament, to bemoan, to bewail"
"送る","おくる","to send, to dispatch, to forward, to transmit, to ship, to remit; to see (someone) off, to escort, to accompany, to take; to bid farewell to (the departed), to say goodbye to, to bury; to spend (time), to pass, to lead (a life), to live; to pass (on, along), to advance (a runner); to affix (okurigana)"
"困る","こまる","to be troubled, to have difficulty, to be in a fix, to be at a loss, to be stumped, to be embarrassed; to be bothered, to be inconvenienced, to be annoyed; to be badly off, to be hard up, to be in straitened circumstances"
"致す","いたす","to do"
"調べる","しらべる","to examine, to look up, to investigate, to check up, to sense, to study, to inquire, to search"
"決する","けっする","to decide, to determine"
"静か","しずか","quiet, silent; slow, unhurried; calm, peaceful"
"一度","いちど, ひとたび","once, one time, on one occasion; temporarily, for a moment; one degree, one tone, one musical interval"
"最も","もっとも, もとも","most, extremely"
"流れ","ながれ","flow (of a fluid or gas), stream, current; flow (of people, things), passage (of time), tide, passing, (changing) trends, tendency; course (of events), (step-by-step) procedure, process; group of people who remain together after the end of an event; descent, ancestry, school; forfeiture, foreclosure; cancellation; drifting, wandering, roaming"
"残り","のこり","remainder, remnant, the rest, what is left, balance, leftovers"
"犯人","はんにん","offender, criminal, culprit"
"死","し","death; (an) out; death penalty (by strangulation or decapitation; most severe of the five ritsuryō punishments)"
"餡","あん","red bean paste, red bean jam, anko; kudzu sauce; filling (of a dumpling, etc.); filling, stuffing, inside"
"訪ねる","たずねる","to visit, to call on, to pay a visit to"
"小さい","ちいさい","small, little, tiny; slight, below average (in degree, amount, etc.), minor, small; low (e.g. sound), soft (e.g. voice); unimportant, petty, insignificant, trifling, trivial; young, juvenile"
"老人","ろうじん","old person, senior citizen, the aged, the elderly"
"開ける","あける","to open (a door, etc.), to unwrap (e.g. parcel, package), to unlock; to open (for business, etc.); to empty, to remove, to make space, to make room; to move out, to clear out; to be away from (e.g. one's house), to leave (temporarily); to dawn, to grow light; to end (of a period, season); to begin (of the New Year); to leave (one's schedule) open, to make time (for); to make (a hole), to open up (a hole)"
"此れから","これから","from now on, after this, in the future, in future; from here, from this point"
"檻","おり","cage, pen, (jail) cell"
"一帯","いったい","whole area, whole region; stretch (of land), tract, belt, zone"
"主","おも","chief, main, principal, important; main secondary or supporting role (in kyogen)"
"度","ど","degree (angle, temperature, scale, etc.); counter for occurrences; strength (of glasses), glasses prescription; alcohol content (percentage), alcohol by volume; extent, degree, limit; presence of mind, composure"
"量","りょう","quantity, amount, volume, capacity, portion (of food); generosity, magnanimity, tolerance; pramana (means by which one gains accurate and valid knowledge; in Indian philosophy)"
"掴む","つかむ","to seize, to catch, to grasp, to grip, to grab, to clutch, to hold, to catch hold of, to lay one's hands on; to obtain, to acquire, to get, to win, to capture; to understand, to grasp, to comprehend"
"昔","むかし, むかーし","the old days, the past, former times, a long time ago; the past ten years, the past decade"
"座る","すわる","to sit (down), to have a seat, to be seated, to kneel (on the floor); to assume (a position), to take on (a duty), to occupy (a post); to hold steady, to hold still"
"突然","とつぜん","abrupt, sudden, unexpected"
"３０","さんじゅう, みそ","thirty, 30; 6am"
"働く","はたらく","to work, to labor, to labour; to function, to operate, to be effective, to work (i.e. ... works), to come into play; to commit (e.g. a crime), to perpetrate, to do, to act, to practise, to practice; to be conjugated"
"主","あるじ","head (of a household), proprietor (of a store), proprietress, landlord, landlady, master (of a servant); entertaining someone as one's guest"
"別に","べつに","(not) particularly, (not) especially, (not) specially; separately, apart, additionally, extra"
"兎","うさぎ, う, ウサギ","rabbit, hare, coney, cony, lagomorph (esp. leporids)"
"徐々に","じょじょに","gradually, steadily, slowly, little by little, step by step, by degrees"
"驚き","おどろき, オドロキ","surprise, astonishment, wonder, amazement"
"手伝い","てつだい","helper, assistant; help, assistance"
"眼鏡","メガネ, めがね","glasses, eyeglasses, spectacles; judgment, judgement, discrimination, discernment, insight; four-eyes"
"悪戯","いたずら, イタズラ, いたづら","mischief, prank, trick, practical joke; mischievous, naughty; pastime, hobby; playing with (e.g. a lighter), fooling around with, messing around with, amusing oneself with, tampering with; lewd behaviour, sexual misconduct, sexual assault, molestation, rape"
"一行","いっこう","party, group, troop, company; one act, one action, one deed"
"後ろ","うしろ","back, behind, rear"
"髪","かみ","hair (on the head)"
"売る","うる","to sell; to betray, to sell out (one's friend, country, etc.); to make (oneself) known, to establish (a reputation) for oneself; to pick (a fight, quarrel, etc.), to provoke, to force on someone"
"気がつく","きがつく","to notice, to realize, to realise, to become aware (of), to perceive, to sense, to suspect; to be attentive, to be scrupulous, to be observant; to regain consciousness, to come to (one's senses), to come round"
"回る","まわる","to turn, to rotate, to revolve, to spin; to go around, to circle, to revolve around, to orbit; to make the rounds (of), to go around (several places), to travel around, to make a tour of, to patrol; to go by way of, to go via, to stop by (on the way), to take a roundabout route, to make a detour; to move around (to another place or position), to come around, to go over (e.g. to the opposing side); to come around (of one's turn), to be passed around (of a cup, circular, etc.); to function, to work well; to spread, to extend (to; e.g. of one's attention), to reach, to take effect (of alcohol, poison, etc.); to pass (a time), to turn (e.g. 5 o'clock); to earn interest; to ... around, to ... about"
"矢っ張り","やっぱり","as expected, sure enough, just as one thought; after all (is said and done), in the end, as one would expect, in any case; too, also, as well, likewise, (not) either; still, as before; all the same, even so, still, nonetheless"
"数","かず","number, amount"
"熱い","あつい, あっつい","hot (to the touch); passionate (feelings, etc.), ardent, hot (e.g. gaze); hot (e.g. temper); zealous, enthusiastic, fired up; intense, severe, extreme; hot (topic), of interest"
"矛","ほこ, とかり","long-handled Chinese spear, lance, pike; weapon, arms; grip of a bow; parade float decorated with long-handled Chinese spears"
"降りる","おりる","to descend (e.g. a mountain), to go down, to come down; to alight (e.g. from bus), to get off, to disembark, to dismount; to step down, to retire, to give up, to quit, to fold; to be granted, to be issued, to be given; to form (of frost, dew, mist, etc.); to be passed (from the body; e.g. of a roundworm)"
"邦画","ほうが","Japanese film; Japanese painting"
"住む","すむ","to live (of humans), to reside, to inhabit, to dwell, to abide"
"起きる","おきる","to get up, to rise, to blaze up (fire); to wake up, to be awake, to stay awake; to occur (usu. of unfavourable incidents), to happen, to take place"
"指","ゆび, および, おゆび","finger, toe, digit"
"残す","のこす","to leave (behind); to leave (undone), to not finish; to save, to set aside, to reserve; to leave (to someone, esp. after one's death), to bequeath; to stay (in the ring), to hold on"
"警察","けいさつ","police; police officer; police station; self-appointed enforcer (of a rule, standard, etc.), busybody, vigilante, gatekeeper"
"富む","とむ","to be rich in, to abound in, to be abundant in, to be full of; to be rich, to be wealthy"
"白","しろ","white; innocence, innocent person; blank space; white stone; white dragon tile; skewered grilled pig intestine"
"悪口","わるぐち, わるくち","(verbal) abuse, speaking ill of people, bad-mouthing, name-calling, slander, abusive language, insulting remarks"
"","ミス","mistake, error, blunder"
"返す","かえす","to return (something), to restore, to put back; to turn over, to turn upside down, to overturn; to pay back, to retaliate, to reciprocate; to respond (with), to retort, to reply, to say back; to do ... back (e.g. speak back, throw back); to do again, to do repeatedly"
"唇","くちびる","lip, lips"
"用","よう","business, task, errand, engagement; use, purpose; for the use of ..., used for ..., made for ...; call of nature, excretion"
"気持ち","きもち","feeling, sensation, mood, state of mind; preparedness, readiness, attitude; thought, sentiment, consideration, solicitude, gratitude; slightly, a bit, a little"
"成る程","なるほど","I see, that's right, indeed"
"母親","ははおや","mother"
"包む","くるむ","to wrap up (in), to roll up (in), to tuck (up)"
"","すっかり","all, completely, totally, entirely, thoroughly"
"近づく","ちかづく, ちかずく","to approach, to draw near, to get close; to get acquainted with, to get closer to, to get to know"
"第一","だいいち","first, foremost, number one; most important; best, greatest, most; above all, besides, in any case, to begin with"
"面白い","おもしろい","interesting, fascinating, intriguing, enthralling; amusing, funny, comical; enjoyable, fun, entertaining, pleasant, agreeable; good, satisfactory, favourable, desirable, encouraging"
"部","ぶ","department (in an organization, company, etc.), division, bureau, faculty; club (at a school, university, etc.), team; part, portion, region, area; category, class, division, section, heading; counter for copies of a newspaper, magazine, book, etc."
"学校","がっこう","school"
"西","にし","west"
"無礼","ぶれい","rudeness, impoliteness, discourtesy, insolence"
"種","たね, タネ","seed (e.g. of a plant), pip, kernel, stone (e.g. of a peach); progeny, offspring, issue, breed; paternal blood, lineage; sperm, semen, seed; cause, source, seed, origin; material (e.g. for an article), matter (e.g. of a story), subject (of discussion), theme, (news) copy, source (of a story); ingredient, main ingredient (of a piece of sushi), leaven; mechanism (of a magic trick, etc.), secret, trickery; 10-point card, tane, animal card"
"置く","おく","to put, to place; to leave (behind); to establish (an organization, a facility, a position, etc.), to set up; to appoint (someone to a certain position), to hire, to employ; to place (one's trust, one's faith, etc.), to bear (in mind, etc.); to put down a tool (e.g. a pen) hence stopping what one is doing with that tool; to take in (boarders, etc.), to provide lodging in one's house; to separate spatially or temporally; to do something in advance; to leave something in a certain state, to keep something in a certain state"
"実は","じつは","as a matter of fact, by the way, to tell you the truth, to be honest, frankly"
"始まる","はじまる","to begin, to start, to commence; to happen (again), to begin (anew); to date (from), to originate (in)"
"先に","さきに","previously, before, earlier, formerly, recently; first, before (something or someone else), ahead (of), earlier; beforehand, in advance, ahead of time"
"恐ろしい","おそろしい","terrible, dreadful, terrifying, frightening; surprising, startling, tremendous, amazing"
"馬鹿","ばか, バカ","idiot, moron, fool; stupid, foolish, dull, absurd, ridiculous; trivial, insignificant, disappointing; malfunctioning, defective, losing sensation; incredibly, unusually, exceptionally; fervent enthusiast, nut, person singularly obsessed with something; Mactra chinensis (species of trough shell)"
"失う","うしなう","to lose; to miss (a chance, opportunity); to lose (a loved one), to be bereaved of; to concede (goals, points, etc.)"
"一瞬","いっしゅん","instant, moment, for an instant"
"兄","あに","older brother, elder brother; brother-in-law (spouse's older brother or older sister's husband)"
"以外","いがい","excluding, except (for), apart from, other than, besides, in addition to; outside (a boundary, scope, etc.)"
"示す","しめす","to (take out and) show, to demonstrate, to tell, to exemplify, to make apparent; to point out (finger, clock hand, needle, etc.); to indicate, to show, to represent, to signify, to display"
"許す","ゆるす","to permit, to allow, to approve, to consent to; to forgive, to pardon, to excuse, to tolerate; to exempt (someone) from, to remit, to release, to let off; to acknowledge, to admit; to trust, to confide in, to let one's guard down; to give up (points in a game, distance in a race, etc.), to yield"
"急に","きゅうに","swiftly, rapidly, quickly, immediately, hastily, hurriedly; suddenly, abruptly, unexpectedly; sharply (of a slope, bend, etc.), steeply"
"履く","はく","to put on (lower-body clothing, e.g. pants, skirt, footwear), to wear; to affix (a sword to one's hip); to affix (a bowstring to a bow)"
"大変","たいへん","very, greatly, terribly, awfully; immense, enormous, great; serious, grave, dreadful, terrible; difficult, hard, challenging; major incident, disaster"
"戦う","たたかう","to make war (on), to wage war (against), to go to war (with), to fight (with), to do battle (against); to compete (against); to struggle (against adversities, etc.), to fight, to contend, to resist"
"向ける","むける","to turn (towards), to face, to point, to aim, to direct to; to head to, to go towards; to allot, to allocate; to send, to dispatch (e.g. a person); to aim for, to pursue"
"雪","ゆき","snow, snowfall"
"","としても","even if ..., even supposing that ...; also as ..., also for ..., also from the position of ..."
"知れる","しれる","to become known, to come to light, to be discovered; to be known, to be understood; to clearly not amount to much, to be insignificant; to be evident, to be obvious, to go without saying; to be very intense (of worry, hope, etc.), to be severe"
"役","やく","role, assignment, responsibility, duty, function, job, service; position (of responsibility), post, office; part (in a play, film, etc.), role, character; scoring combination, hand, yaku, meld"
"願い","ねがい","desire, wish, hope; request, entreaty, plea, appeal; prayer; (written) application"
"埃","ほこり, ホコリ","dust"
"痩せる","やせる","to become thin, to lose weight, to slim; to become impoverished (of soil), to become sterile, to become infertile, to become barren"
"","わね, わねぇ, わねー, わねえ","isn't it?, it really is"
"参る","まいる","to go, to come, to call; to be defeated, to collapse, to die; to be annoyed, to be nonplussed; to be madly in love; to visit (shrine, grave)"
"叩く","たたく","to strike, to hit, to beat, to knock, to pound, to bang, to slap, to spank, to tap, to pat, to clap (one's hands), to play (the drums); to attack, to bash, to criticize, to censure, to flame (on the Internet); to sound out (someone's views); to pound (meat or fish), to chop into small pieces; to beat down the price; to talk (big, bad, idly, etc.); to call, to invoke (e.g. a function)"
"当然","とうぜん","natural, right, proper, just, reasonable, appropriate, deserved; naturally, as a matter of course, rightly, deservedly, justly, of course"
"","ちゃんと","diligently, seriously, earnestly, reliably, steadily, legitimately; perfectly, properly, exactly, orderly, punctually, regularly, safely, in good condition; sufficiently, satisfactorily; quickly"
"変","へん","strange, odd, peculiar, weird, curious, eccentric, funny, suspicious, fishy; unexpected; change; incident, disturbance, disaster, accident, emergency; flat"
"激しい","はげしい","violent, furious, tempestuous; extreme, intense, fierce, strong; fervent, vehement; incessant, relentless; precipitous, steep"
"瞬間","しゅんかん","moment, instant, second"
"限る","かぎる","to restrict, to limit, to confine; to be restricted to, to be limited to, to be confined to; to be best (for), to be the best plan, to be the only way (to)"
"普通","ふつう, フツー","normal, ordinary, regular, usual, common, average; normally, ordinarily, usually, generally, commonly; local train, train that stops at every station"
"沈黙","ちんもく","silence, being silent, quiet, hush; reticence, inaction"
"作物","さくもつ","crop, crops, (agricultural) produce, farm products"
"伝言","でんごん","(verbal) message, word (from someone)"
"怒らせる","おこらせる, いからせる","to make (someone) angry, to anger, to offend, to rile up, to provoke (to anger); to square (one's shoulders), to raise (one's voice) in anger, to make (one's eyes) glare"
"青い","あおい","blue, azure; green; pale (facial color), gray, grey; unripe, inexperienced"
"自身","じしん","(one's) self, oneself, yourself, himself, herself"
"食う","くう","to eat; to live, to make a living, to survive; to bite, to sting (as insects do); to tease, to torment, to taunt, to make light of, to make fun of; to encroach on, to eat into, to consume; to defeat a superior, to threaten a position; to consume time, to consume resources; to receive something (usu. an unfavourable event); to have sexual relations with a woman, esp. for the first time"
"守る","まもる","to protect, to guard, to defend; to keep (i.e. a promise), to abide (by the rules), to observe, to obey, to follow"
"に対する","にたいする","regarding, in, to, towards, with regards to"
"に於いて","において","at (a time or place), in, on; in (a situation, matter, etc.), on (a point), when it comes to, regarding, with respect to, in (terms of), as to, as for; on the part of, under the authority of, in the name of"
"茶","ちゃ","tea; tea plant (Camellia sinensis); tea preparation, making tea; brown; mockery"
"","あんな","that sort of, that kind of, like that, such, so"
"助ける","たすける","to save, to rescue, to spare; to help, to assist; to support (financially), to contribute (to), to provide aid; to facilitate, to stimulate, to promote, to contribute to"
"初めて","はじめて","for the first time; only after ... is it ..., only when ... do you ..., not until ... do you ...; first time, (one's) first"
"求める","もとめる","to want, to wish for; to request, to demand, to require, to ask for; to seek, to search for, to look for, to pursue (pleasure), to hunt (a job), to find (a solution); to purchase, to buy"
"異様","いよう","strange, odd, peculiar, weird, bizarre, unusual"
"言","げん, こと","word, remark, statement"
"今まで","いままで","until now, till now, up to now, up to the present, so far"
"留める","とどめる","to stop, to stay (e.g. the night), to cease, to put an end to; to contain, to keep (in position, in place), to limit; to record (e.g. a fact), to retain"
"","どうも","thank you, thanks; much (thanks), very (sorry), quite (regret); quite, really, mostly; somehow; in spite of oneself, try as one might, no matter how hard one may try (to, not to); greetings, hello, goodbye"
"似る","にる","to resemble, to look like, to be like, to be alike, to be similar, to take after"
"夢","ゆめ","dream"
"語る","かたる","to talk about, to speak of, to tell, to narrate; to recite, to chant; to indicate, to show"
"隠す","かくす","to hide, to conceal"
"恐らく","おそらく","probably, (most) likely, in all likelihood, I suspect, I dare say, I'm afraid"
"人物","じんぶつ","person, character, figure, personage, man, woman; one's character, one's personality; able person, talented person"
"息","いき","breath, breathing; concord, harmony, rapport; steam (coming off hot food, tea, etc.), (water) vapor, vapour"
"探す","さがす","to search for, to look for, to hunt for, to seek; to search (a house, pocket, etc.), to search through, to rummage in (e.g. a drawer), to fish around"
"例","れい","example, instance, illustration, case; precedent; custom, habit, practice, usage"
"港","みなと","harbour, harbor, port"
"悪天候","あくてんこう","bad weather"
"","スケート","skating (esp. ice), skate, skates"
"分","ぶん","part, portion, share; amount, worth (as in ""two days' worth""), enough (for); one's means, one's place, one's lot, one's social position; one's duty, one's part; condition, state (of affairs), extent, rate (as in ""at this rate""); in proportion to, just as much as, to the same degree; content (e.g. alcohol), percentage; equivalent to (e.g. an old brother)"
"恵まれる","めぐまれる","to be blessed with, to be rich in, to abound in"
"","テーブル","table"
"近い","ちかい","near, close, short (distance); close (in time), soon; close (relationship), friendly, intimate; closely related; similar, almost the same, close to, nearly"
"素","す","one's nature, one's feelings, oneself; plain, unadorned, undecorated, unadulterated, au naturel; mere, poor; exceedingly"
"面","つら, ツラ","face, mug; surface; cheek meat; cheek, cheeks; surrounding area"
"慌てる","あわてる","to become confused (disconcerted, disorganized, disorganised), to be flustered, to panic; to hurry, to rush, to hasten"
"並ぶ","ならぶ","to line up, to stand in a line; to rival, to match, to equal"
"父親","ちちおや, てておや","father"
"多分","たぶん","probably, likely, perhaps, maybe; a lot of, much, many, considerable, large (amount), generous"
"命","いのち","life, life force; lifetime, lifespan; most important thing, foundation, core; paired tattoos of the ""life"" kanji on the upper arms of a man and woman (indicating unwavering love); fate, destiny, karma"
"思わず","おもわず","unconsciously, involuntarily, instinctively, reflexively, spontaneously, unintentionally, in spite of oneself"
"上手い","うまい","skillful, skilful, skilled, good, expert, clever (expression, trick, etc.), apt, appropriate; delicious, tasty, good, nice; good (deal, idea, etc.), profitable, promising, lucky, fortunate, successful, satisfactory, splendid"
"","かしら, かしらん","I wonder, do you think?, I might, how about; some kind, some stage, somehow, somewhere"
"","ベッド","bed"
"","よね, よな","isn't that right?"
"状態","じょうたい","state, condition, situation, appearance, circumstances"
"重い","おもい","heavy, weighty; heavy (feeling), depressed, gloomy, blue, uneasy; slow, sluggish, lumbering, ponderous, clumsy; important (position, responsibility, etc.), serious, grave; serious (punishment, illness, etc.), severe, critical; solid, established, dignified, sensible"
"当時","とうじ","at that time, in those days"
"","つつ","while; even though, despite"
"記憶","きおく","memory, recollection, remembrance; memory, storage"
"真面目","まじめ, マジメ","serious, earnest, sober, grave; honest, sincere"
"側","がわ, かわ","side (of something, or taking someone's side), part; (watch) case"
"","かどうか","whether or not (in phrases like ""I don't know whether or not I can come"")"
"賞","しょう","prize, award"
"追う","おう","to chase, to run after, to pursue, to follow after; to follow (a set order, a trend, etc.); to drive out, to get rid of, to oust, to expel; to drive (e.g. a herd); to be pressed (e.g. for time)"
"運ぶ","はこぶ","to carry, to transport, to move, to convey; to come, to go; to use (a brush, chopsticks, etc.), to move; to carry out, to proceed with, to arrange; to go (well, etc.), to proceed, to progress"
"影","かげ","shadow, silhouette, figure, shape; reflection, image; ominous sign; light (stars, moon); trace, shadow (of one's former self); behind, background, other side"
"可也","かなり","considerably, fairly, quite, rather, pretty"
"酷く","ひどく","terribly, awfully, dreadfully, extremely, severely, very (much)"
"冷たい","つめたい, つべたい","cold (to the touch), chilly, icy, freezing; (emotionally) cold, coldhearted, unfeeling, indifferent, unfriendly, distant"
"特に","とくに","particularly, especially, in particular, expressly"
"","なんです, なのです","it is assuredly that ..., can say with confidence that ..."
"乗せる","のせる","to place on (something); to give (someone) a ride, to give a lift, to pick up, to help on board; to load (luggage), to carry, to take on board; to send out (on the airwaves, etc.); to deceive, to take for a ride; to (sing) along with (musical accompaniment); to let (someone) take part; to excite (someone); to publish (an article), to run (an ad)"
"捨てる","すてる","to throw away, to cast away, to dump, to discard; to abandon, to desert, to leave; to give up, to resign"
"剣","けん, つるぎ","sword (esp. a large, double-edged one), blade; bayonet; swordsmanship; stinger, ovipositor, dart"
"歌","うた","song, singing; classical Japanese poem (esp. tanka); modern poetry"
"急ぐ","いそぐ","to hurry, to rush, to hasten, to make something happen sooner"
"島","しま, シマ","island; one's territory (of a sex worker, organized crime gang, etc.), one's turf"
"暮らす","くらす","to live, to get along; to spend (time)"
"結果","けっか","result, consequence, outcome, effect; as a result of ..., as a consequence of ..., after ..., following ...; bearing fruit, fruiting"
"南","みなみ","south"
"幼い","おさない","very young, little; childish, immature"
"要約","ようやく","summary, digest"
"野郎","やろう","guy, fellow, chap, buddy; bastard, asshole, arsehole, son of a bitch"
"犬","いぬ, イヌ","dog (Canis (lupus) familiaris); squealer, rat, snitch, informer, informant, spy; loser, asshole; counterfeit, inferior, useless, wasteful"
"低い","ひくい, ひっくい","low (rank, degree, value, content, quality, etc.); low (position), close to the ground; short (height); deep (voice), in a low key, low (volume)"
"何の","どの","which, what (way)"
"茣蓙","ござ","rush mat, matting, mat"
"扉","とびら","door, gate, opening; title page"
"","かも","may, might, perhaps, may be, possibly"
"全部","ぜんぶ","all, entire, whole, altogether"
"完全","かんぜん","perfect, complete"
"九","きゅう, く, ここの, この, ここ","nine, 9"
"愛","あい","love, affection, care; attachment, craving, desire; agape; Ireland"
"雨","あめ","rain; rainy day, rainy weather; the November suit (in hanafuda)"
"古い","ふるい","old, aged, ancient, antiquated, antique, timeworn; long, since long ago, time-honored; of the distant past, long-ago; stale, threadbare, hackneyed, corny; old-fashioned, outmoded, out-of-date"
"腰","こし, コシ","lower back, waist, hips, lumbar region; body (of hair, noodle, paper, etc.), resilience, spring"
"周り","まわり","circumference, girth; surroundings, neighbourhood, neighborhood, vicinity; people surrounding oneself, surrounding circumstances"
"理解","りかい","understanding, comprehension, appreciation; sympathy"
"昨日","きのう, さくじつ","yesterday"
"面","おもて, おも, も, もて","face; surface; mask (esp. a noh or kyogen mask)"
"不安","ふあん","anxiety, uneasiness, worry, apprehension, fear, insecurity, suspense"
"刑事","けいじ","(police) detective; criminal matter"
"図","ず","drawing, picture, diagram, figure, illustration, chart, graph, map; sight, scene"
"僅か","わずか","a little, a few, small, slight, trifling, meagre, meager, narrow (margin); only, just, merely, no more than"
"背中","せなか","back (of the body)"
"村","むら, そん","village"
"覗く","のぞく","to peek (through a keyhole, gap, etc.); to look down into (a ravine, etc.); to peek into (a shop, bookstore, etc.); to sneak a look at, to take a quick look at; to peep (through a telescope, microscope, etc.); to stick out (a scarf from a collar, etc.), to peek through (sky through a forest canopy, etc.); to examine (an expression), to study (a face); to face"
"薄い","うすい","thin (of an object); pale, light, faint; watery, thin, diluted; weak (taste, etc.), little (affection, etc.), not much (of a presence); slim (probability, etc.), small; sparse, patchy, scattered"
"共","ども","first-person plural (or singular); second or third person plural (implies speaker is of higher status than those referred to)"
"忠実","ちゅうじつ","faithful, devoted, loyal, honest, true"
"減らす","へらす","to abate, to decrease, to diminish, to shorten"
"役に立たない","やくにたたない","of no avail, useless"
"直に","じきに","immediately, right away, at once, soon, shortly, in a moment, before long; easily, readily"
"","ちゃん","suffix for familiar person"
"況して","まして","still more, to say nothing of, not to mention; still less"
"遊ぶ","あそぶ, あすぶ","to play (games, sports), to enjoy oneself, to have a good time; to mess about (with alcohol, gambling, philandery, etc.); to be idle, to do nothing, to be unused; to meet up (with friends), to hang out; to give oneself up (to gambling, drinking, etc.); to go to (for pleasure or for study); to tease (someone), to play (with); to intentionally throw a ball to lower the batter's concentration"
"優しい","やさしい","tender, kind, gentle, graceful, affectionate, amiable"
"連れる","つれる","to take (someone) with one, to bring along, to go with, to be accompanied by"
"意識","いしき","consciousness; becoming aware (of), awareness, sense; mano-vijnana (mental consciousness, cognizer of sensory information)"
"廊下","ろうか","corridor, hallway, passageway"
"丸い","まるい, まろい","round, circular, spherical; curved, smooth; harmonious, calm, peaceful, amiable, amicable"
"漸と","やっと","at last, finally; barely, narrowly, just, by the skin of one's teeth"
"中々","なかなか","very, considerably, easily, readily, fairly, quite, highly, rather; by no means, not readily; middle, half-way point; excellent, wonderful, very good"
"何とか","なんとか","something, something or other, so-and-so; somehow, anyhow, one way or another"
"写真","しゃしん","photograph, photo, picture, photography; moving picture, movie"
"主人","しゅじん","head (of a household), proprietor (of a store), proprietress, landlord, landlady; one's husband; (one's) employer, (one's) master; host, hostess"
"石","いし","stone, rock, pebble; jewel, precious stone; flint (in a lighter); stone; stone (in the bladder, kidney etc.), calculus"
"会社","かいしゃ","company, corporation, firm; one's workplace"
"気分","きぶん","feeling, mood"
"見つける","みつける","to find, to discover, to come across, to spot, to catch (someone doing); to be used to seeing, to be familiar with"
"合う","あう, おう","to come together, to merge, to unite, to meet; to fit, to match, to suit, to agree with, to be correct; to be profitable, to be equitable; to do ... to each other, to do ... together"
"当てる","あてる","to hit; to expose; to apply (e.g. patch), to put on, to put against, to hold on, to hold against; to allot, to call on someone (e.g. in class); to guess (an answer); to make a hit (e.g. in a lottery)"
"彼奴","あいつ","he, she, that guy; that, that one, that thing"
"無理","むり, ムリ","unreasonable, unnatural, unjustifiable; impossible; forcible, forced, compulsory; excessive (work, etc.), immoderate; to work too hard, to try too hard; no way, not a chance, never, dream on; irrational"
"想像","そうぞう","imagination, supposition, guess"
"涙","なみだ, なみた, なだ, なんだ","tear, tears, lachrymal secretion; sympathy"
"軍","ぐん","army, armed forces, troops; military authorities; team, group, troupe"
"行い","おこない","deed, act, action; conduct, behavior, behaviour; asceticism"
"一","いち","one, 1; best; first, foremost; beginning, start; a (single), one (of many); ace; bottom string (on a shamisen, etc.)"
"不図","ふと","suddenly, casually, accidentally, incidentally, unexpectedly, unintentionally"
"選ぶ","えらぶ","to choose, to select, to pick (out)"
"でも無い","でもない","is not ... either, is (neither ...) nor ..., nor is it ..., is not even ...; does not ... either, (neither ...) nor ..., does not even ..."
"漏る","もる","to leak, to run out"
"死体","したい","dead body, corpse, cadaver, carcass"
"尚","なお","still, yet; more, still more, greater, further; furthermore, in addition, moreover, note that ...; as if, just like, as though"
"木","き","tree, shrub, bush; wood, timber; wooden clappers (signalling the beginning or end of a performance)"
"右","みぎ","right, right-hand side; right hand; the above (in a piece of vertical writing), above-mentioned; the right (wing), rightist; the better (of two)"
"渡る","わたる","to cross over, to go across; to extend, to cover, to range, to span"
"女の子","おんなのこ","girl, daughter, baby girl; young woman"
"発見","はっけん","discovery, detection, finding"
"広い","ひろい","spacious, vast, wide"
"行き","いき, ゆき","the way there, outbound leg, outbound trip, departing leg; bound for ...; outbound ticket"
"もう一度","もういちど","once more, again"
"匂う","におう","to be fragrant, to smell (good); to stink, to smell (bad); to glow, to be bright; to smack of, to show hints of"
"勝つ","かつ","to win, to gain victory"
"変える","かえる","to change, to alter, to transform, to convert, to turn, to vary; to reform, to revise, to amend"
"遅れ","おくれ","delay, lag, postponement, falling behind"
"見かけ","みかけ","outward appearance; apparent"
"","カンニング","cheating (on an examination), cribbing"
"等","ら","pluralizing suffix; or so, rough indicator of direction, location, amount, etc.; nominalizing suffix"
"ような気がする","ようなきがする","I feel that ..., I feel as though ..., I have a feeling that ..., I have the impression that ..., I think that ..."
"引く","ひく","to pull, to tug, to lead (e.g. a horse); to draw (attention, sympathy, etc.), to attract (e.g. interest); to draw back (e.g. one's hand), to draw in (one's chin, stomach, etc.), to pull in; to draw (a card, mahjong tile, etc.); to draw (a line, plan, etc.); to catch (a cold); to play (a stringed or keyboard instrument); to look up (in a dictionary, phone book, etc.), to consult, to check; to haul, to pull (vehicles); to subtract, to deduct; to recede, to ebb, to fade; to be descend from, to inherit (a characteristic); to quote, to cite, to raise (as evidence); to lay on (electricity, gas, etc.), to install (e.g. a telephone), to supply (e.g. water); to hold (e.g. a note); to apply (e.g. lipstick), to oil (e.g. a pan), to wax (e.g. a floor); to move back, to draw back, to recede, to fall back, to retreat; to lessen, to subside, to ebb, to go down (e.g. of swelling); to resign, to retire, to quit; to be put off (by someone's words or behaviour), to be turned off, to recoil (in disgust, etc.), to cringe"
"達","たち","pluralizing suffix (esp. for people and animals; formerly honorific)"
"森","もり","forest; shrine grove"
"握る","にぎる","to clasp, to grasp, to grip, to clutch; to hold (the answer), to have (e.g. the solution), to be the key, to be the reason; to seize (power), to hold (the reins), to dominate, to control; to make (nigirizushi, rice ball, etc.), to form (with one's hands), to press into shape, to mold, to mould"
"一日","いちにち, いちじつ","one day; all day (long), the whole day, from morning till night; first day of the month"
"草花","くさばな, そうか","flower, flowering plant"
"闇","やみ","darkness, the dark; bewilderment, despair, hopelessness; hidden place, secrecy, oblivion; black market, shady trading, underhand transactions, illegal channels"
"息子","むすこ, ムスコ","son; penis"
"決まる","きまる, キマる","to be decided, to be settled, to be fixed, to be arranged; to be unchanging, to be the same (as always), to be fixed, to be set; to be a fixed rule, to be destined, to be a convention, to be a custom, to be common knowledge; to be well executed (of a manoeuvre in a sport, game, etc.), to go well, to succeed, to connect (of a punch); to look good (of clothing), to look sharp, to be stylish, to suit one, to be held in place (of a hairdo); to be struck and held (of a pose in kabuki)"
"米","メートル","metre (unit of length), meter; meter, gauge"
"花","はな","flower, blossom, bloom, petal; cherry blossom; beauty; blooming (esp. of cherry blossoms); ikebana; hanafuda; (the) best; glorious, lovely"
"喜ぶ","よろこぶ","to be delighted, to be glad, to be pleased, to rejoice; to congratulate; to welcome (a proposal, advice, etc.), to take kindly to; to do with pleasure, to do gladly, to be happy (to do)"
"今日は","こんにちは, こんにちわ, こにちわ, こにちは","hello, good day, good afternoon"
"響めく","どよめく","to resound, to reverberate; to make a stir"
"輝く","かがやく","to shine, to sparkle, to twinkle, to glitter, to glisten; to light up (with happiness, hope, etc.), to beam, to gleam, to glow"
"返事","へんじ","reply, answer, response"
"座","ざ","seat, place; position, status; gathering, party, company, atmosphere (of a gathering); stand, pedestal, platform; trade guild; attaches to the names of constellations; attaches to the names of theatres, cinemas and theatrical troupes; counter for theatres, deities, Buddhist images, tall mountains, and satokagura songs"
"真逆","まさか","by no means, never!, well, I never!, you don't say!, certainly (not); something unexpected, emergency; currently, for the time being, presently, for now; indeed, really, truly, unexpectedly"
"途中","とちゅう","on the way, en route; in the middle of, midway, halfway"
"何時","いつ","when, at what time, how soon; normal times, ordinary days"
"階段","かいだん","stairs, stairway, staircase"
"揉む","もむ","to rub, to crumple; to massage; to argue, to have a heated discussion; to train, to coach; to jostle, to crowd, to shake, to rock; to have various experiences (out in the world)"
"起こる","おこる","to occur, to happen"
"立ち上がる","たちあがる","to stand up, to get up, to rise (to one's feet); to recover, to regain one's energy, to rise; to (stand up and) take action, to rise up (against), to start (doing); to rise (from a crouch) and make the initial charge; to start up, to boot up; to be established, to be set up, to be formed, to be created; to rise (of steam, smoke, etc.)"
"簡単","かんたん","simple, easy, uncomplicated; brief, quick, light"
"動き","うごき","movement, move, motion; trend, development, change, fluctuation"
"申し込み","もうしこみ","application, entry, request, subscription, offer, proposal, overture, challenge"
"汚れる","よごれる","to get dirty, to become dirty; to become sullied, to become corrupted, to lose one's chastity"
"眺め","ながめ","scene, view, prospect, outlook"
"","パソコン","personal computer, PC"
"","ピカソ","Picasso"
"上る","のぼる","to ascend, to go up, to climb; to ascend (as a natural process, e.g. the Sun), to rise; to go to (the capital); to be promoted; to add up to; to advance (in price); to swim up (a river), to sail up; to come up (on the agenda)"
"午後","ごご","afternoon, p.m."
"何と","なんと","what, how; what (a) ...!, how ...!; surprisingly, to my amazement, believe it or not, why, ...!; oh my, wow; well, ..., so, ..."
"倒れる","たおれる","to fall (over, down), to collapse, to take a fall, to topple; to be destroyed (in a collapse), to collapse, to cave in, to crumble, to give away; to be confined to bed (with an illness), to come down with, to break down (e.g. from overwork); to die, to be killed; to go bankrupt (of a company, bank, etc.), to fail, to collapse, to go under; to be defeated (in a game), to lose; to fall (of a government, dictator, etc.), to be overthrown"
"遂に","ついに","finally, in the end, at last; in the end, after all, never (happened)"
"危険","きけん","danger, peril, hazard; risk"
"幾ら","いくら","how much; something over, and something, -odd; however (much), no matter how"
"結局","けっきょく","after all, in the end, ultimately, eventually; conclusion, end; end of a game of go, shogi, etc."
"字","あざ","section of village"
"寧ろ","むしろ","rather, better, instead, if anything"
"成す","なす","to form, to make, to constitute; to build up (e.g. a fortune), to create, to establish; to accomplish, to achieve, to win (fame), to gain; to change (into), to convert; to do, to commit, to carry out, to bring about; to do intentionally"
"怖い","こわい","scary, frightening, eerie, dreadful"
"腹","はら","abdomen, belly, stomach; womb; one's mind, one's real intentions, one's true motive; courage, nerve, willpower; generosity, magnanimity; feelings, emotions; wide middle part, bulging part; inside, interior, inner part; anti-node; counter for hard roe; counter for containers with bulging middles (pots, vases, etc.)"
"愛する","あいする","to love"
"伝える","つたえる","to convey, to report, to transmit, to communicate, to tell, to impart, to propagate, to teach, to bequeath"
"先輩","せんぱい","senior (at work or school), superior, elder, older graduate, progenitor, old-timer"
"方法","ほうほう","method, way, manner, process, procedure, means, measure"
"行動","こうどう","action, conduct, behaviour, behavior, mobilization, mobilisation"
"","になると","when it becomes, when it comes to"
"必ず","かならず","always, without exception, necessarily, certainly, without fail, positively, invariably"
"至る","いたる","to arrive at (e.g. a decision), to reach (a stage), to attain; to lead to (a place), to get to; in the extreme case of; to come, to arrive, to result in"
"何だか","なんだか","(a) little, somewhat, somehow"
"沢山","たくさん","a lot, lots, plenty, many, a large number, much, a great deal, a good deal; enough, sufficient; enough, too many, too much"
"決める","きめる, キメる","to decide, to choose, to determine, to make up one's mind, to resolve, to set one's heart on, to settle, to arrange, to set, to appoint, to fix; to clinch (a victory), to decide (the outcome of a match); to persist in doing, to go through with; to always do, to have made a habit of; to take for granted, to assume; to dress up, to dress to kill, to dress to the nines; to carry out successfully (a move in sports, a pose in dance, etc.), to succeed in doing; to immobilize with a double-arm lock (in sumo, judo, etc.); to eat or drink something, to take illegal drugs"
"上げる","あげる, アゲる","to raise, to elevate; to move something (to a higher place), to put onto (e.g. a shelf); to increase (price, quality, status, etc.), to raise (a wage); to show someone (into a room), to let in (e.g. a guest); to give; to enrol (one's child in school), to enroll, to send (one's child; e.g. to college); to develop (talent, skill, etc.), to improve; to earn (something desirable), to achieve (e.g. a good result), to obtain; to promote (someone); to complete, to finish; to make (a loud sound), to raise (one's voice); to raise (one's gaze), to lift up (one's face), to look up; to do up (one's hair); to offer up (incense, a prayer, etc.) to the gods (or Buddha, etc.); to praise, to commend, to flatter; to make do (with less expenses than expected), to cover expenses (with a given amount), to set costs; to finish (one's studies), to complete (a lesson), to pass (e.g. a class); to upload (e.g. an image), to publish (on the internet), to post; to raise someone's spirits, to cheer someone up, to enhance a mood; (of the tide) to come in, to rise; to increase (of market price), to rise (of stock prices); to vomit, to throw up; to do for (the sake of someone else); to complete ...; to humbly do ..."
"這う","はう","to crawl, to creep, to go on all fours; to slither, to wriggle; to trail (of vines, flowers, etc.), to spread, to creep"
"","だの","and, or, and the like, and so forth, and what not"
"尋ねる","たずねる","to ask, to enquire, to inquire; to search, to look for, to look into, to investigate"
"本の","ほんの","mere, only, just, slight"
"働き","はたらき","work, labor, labour; achievement, performance, ability, talent; salary, income, earnings; action, activity, workings, function, operation, movement, motion; conjugation, inflection"
"両手","りょうて","both hands, both arms; ten"
"悩ます","なやます","to afflict, to torment, to harass, to molest"
"浮く","うく","to float; to become merry, to be cheerful; to become loose, to become unsteady; to feel out of it, to be cut off (e.g. from those around you), to feel out of place; to be frivolous, to be uncertain; to have (time, money, etc.) left over, to be saved (e.g. money); to have no basis, to be unreliable"
"庭","にわ","garden, yard, courtyard; field (of action), area"
"十九","じゅうきゅう","nineteen, 19"
"現在","げんざい","the present, present time, now; as of; present tense; this world, this life; to actually exist, to exist right now, to exist right in front of one"
"張る","はる","to stick, to paste, to affix; to stretch, to spread, to strain, to tighten, to put up (e.g. a tent); to form (e.g. ice on a pond); to fill, to swell; to stick out, to push out; to post (a link, etc. online); to be expensive; to keep a watch on, to be on the lookout; to slap; to become one tile away from completion; to span, to generate"
"嘘","うそ, ウソ","lie, fib, falsehood, untruth; mistake, error; unwise move, bad decision; no way!, unbelievable!, really?!"
"偖","さて","well, now, then"
"愚","ぐ","foolishness, silliness, stupidity, folly; I, me"
"約束","やくそく","promise, agreement, arrangement, one's word, contract, pact; appointment, engagement, date; convention, rule; destiny, fate"
"周囲","しゅうい","surroundings, environs; circumference"
"其れ其れ","それぞれ","each, respectively"
"亜米利加","アメリカ","(United States of) America, United States, US, USA; America (land mass), the Americas"
"出かける","でかける","to go out (e.g. on an excursion or outing), to leave, to depart, to start, to set out; to be about to leave, to be just going out"
"口調","くちょう","tone (of voice), manner of talking"
"例えば","たとえば","for example, for instance, e.g."
"私邸","してい","private residence"
"一方","いっぽう","one (esp. of two), the other, one way, the other way, one direction, the other direction, one side, the other side, one party, the other party; on the one hand, on the other hand; whereas, although, but at the same time, meanwhile, in turn; just keeps, being inclined to ..., tending to be ..., tending to do ..., continuously ..., just keeps on ...ing, only"
"随分","ずいぶん","very, extremely, surprisingly, fairly, quite, considerably, awfully, terribly; terrible, horrid, contemptible, reprehensible; remarkable, extraordinary"
"抜ける","ぬける","to come out, to fall out, to be omitted, to be missing, to escape, to come loose; to fade, to discolour; to wear a hole (e.g. clothes); to leave (e.g. a meeting); to be clear, to be transparent (e.g. of the sky); to be absentminded, to be careless, to be inattentive, to be foolish; to exit (a program loop); to go through, to pass through, to give way, to collapse; to finish a round with more than 88 points (not counting points gained from scoring combinations)"
"供","とも","companion, follower, attendant, retinue"
"戦争","せんそう","war; fighting, fierce competition"
"疑う","うたがう","to doubt, to distrust, to be suspicious of, to suspect"
"韻","いん","rhyme; rhyme (of a Chinese character), rime"
"描く","えがく, かく","to draw, to paint, to sketch; to depict, to describe; to picture in one's mind, to imagine; to form a certain shape (e.g. path of an action, appearance of an object, etc.)"
"あの人","あのひと","he, she, that person; you"
"光る","ひかる","to shine, to glitter, to be bright"
"及ぶ","およぶ","to reach, to amount to, to befall, to happen to, to extend, to go on (for, until); to be up to the task, to come up to; to compare with, to be a match (for); to commit (a crime); to require (to do)"
"人たち","ひとたち","people"
"漏らす","もらす","to let leak, to let out (e.g. light); to let out (a secret), to leak (information), to divulge, to disclose, to let slip; to give utterance to (e.g. one's dissatisfaction), to vent, to express, to reveal (e.g. one's true intentions), to let out (a sigh, etc.); to wet one's pants; to omit, to leave out; to fail to do, to miss, to omit (by mistake), to forget to do"
"","ハイキング","hiking"
"し過ぎる","しすぎる","to overdo, to do too much"
"穴","あな","hole, opening, orifice, perforation; pit, hollow, cavity, hole (e.g. in the ground); burrow, den, lair, holt, hole; deficit, shortage, (financial) hole, loss; gap (left by a missing employee, team member, etc.), vacancy, opening; flaw, fault, defect, weak point, hole (in a theory, plan, etc.), loophole; good place not many people know about, well-kept secret; upset victory (with a large payoff), long shot, dark horse; (partitioned) box (type of floor seating in a traditional Japanese theatre); hiding place, hideout"
"諸","しょ","various, many, several"
"美","び","beauty"
"振り返る","ふりかえる","to turn one's head, to look over one's shoulder, to turn around, to look back; to think back (on), to reminisce, to look back (on), to reflect (on)"
"服","ふく","clothes (esp. Western clothes), clothing, dress, costume, suit, outfit; counter for doses of medicine, gulps of tea, puffs of a cigarette, etc."
"御座います","ございます","to be, to exist; to be (doing); did, (have) done"
"","のみ","only, nothing but"
"駆る","かる","to spur on, to urge forward, to impel; to drive at high speed (e.g. a car)"
"吹く","ふく","to blow (of the wind); to blow (one's breath), to breathe out, to blow on (hot tea, candles, etc.), to puff; to play (a wind instrument), to blow (a whistle, trumpet, etc.), to whistle (a tune); to emit (smoke, fire, etc.), to spout, to spew, to puff out; to sprout, to put forth (buds); to appear (on the surface), to form, to be coated with (powder, rust, etc.); to burst out laughing, to burst into laughter; to brag, to talk big; to smelt, to mint"
"当たる","あたる","to be hit, to strike; to touch, to be in contact, to be affixed; to be equivalent to, to be applicable, to apply to; to be right on the money (of a prediction, criticism, etc.); to be selected (in a lottery, etc.), to win; to be successful, to go well, to be a hit; to face, to confront; to lie (in the direction of); to undertake, to be assigned; to be stricken (by food poisoning, heat, etc.), to be afflicted; to be called on (e.g. by a teacher); to treat (esp. harshly), to lash out at; to be unnecessary; to be hitting well, to be on a hitting streak; to feel a bite (in fishing); (of fruit, etc.) to be bruised, to spoil; to feel (something) out, to probe into, to check (i.e. by comparison); to shave; to be a relative of a person, to be a ... in relation to ..., to stand in a relationship"
"自ずから","おのずから","naturally, in due course, by itself, of its own accord"
"と言うことは","ということは","that is to say, so that means"
"部分","ぶぶん","portion, section, part"
"楽しい","たのしい","enjoyable, fun, pleasant, happy, delightful"
"宝","たから","treasure"
"膝","ひざ, ヒザ","knee; lap, knee and thigh (while sitting)"
"一人で","ひとりで","alone, by oneself, on one's own"
"青年","せいねん","youth, young man"
"望む","のぞむ","to desire, to want, to wish for, to hope for; to expect (of someone), to hope for, to look forward to; to see, to command (a view of), to overlook"
"負う","おう","to carry on one's back, to bear, to shoulder; to take (responsibility), to assume, to accept, to bear (the blame, costs, etc.), to have (a duty, obligation, etc.), to become responsible for, to be burdened with (work, debt, etc.); to suffer (an injury), to sustain (a wound), to receive, to incur (a loss, damage, etc.); to owe (a debt of gratitude to), to be indebted to; to have (something) behind one, to be backed by"
"５日","いつか, ごにち","5th day of the month; five days"
"４０","よんじゅう, しじゅう, よそ","forty, 40"
"浮かべる","うかべる","to float, to set afloat, to launch; to show on one's face (smile, sadness, etc.); to recall, to call to mind, to imagine, to think of"
"骨","ほね","bone; frame; outline, core; backbone, spirit, fortitude; laborious, troublesome, difficult"
"通り","どおり, どうり","in accordance with, following; roughly, about; Street, Avenue"
"大分","だいぶ, だいぶん","considerably, greatly, a lot"
"値引き","ねびき","price reduction, discount"
"大家族","だいかぞく","large family; extended family"
"食べ過ぎる","たべすぎる","to overeat"
"性","せい","nature (of a person); sex, gender; sex (i.e. sexual attraction, activity, etc.); gender; -ty, -ity, -ness, -cy"
"屋敷","やしき","residence, estate, grounds, premises, mansion"
"我が","わが","my, our, one's own"
"","だったら","if it's the case"
"常","つね","usual state of things"
"","そんなに","so much, so, like that"
"態度","たいど","attitude, manner, behaviour, demeanour, bearing; attitude (towards an issue, etc.), position, stance, stand"
"旦那","だんな","master (of a house, shop, etc.); husband; sir, boss, master, governor; patron of a mistress, geisha, bar or nightclub hostess, sugar daddy; alms, almsgiving, almsgiver"
"其れとも","それとも","or, or else"
"食事","しょくじ","meal, dinner; diet"
"友人","ゆうじん","friend"
"","どうやら","possibly, apparently, (seem) likely, seemingly; somehow or other, with difficulty, barely, after a fashion"
"昭和","しょうわ","Shōwa era (1926.12.25-1989.1.7); reminiscent of the Shōwa era, Shōwa-nostalgic, old-fashioned, quaint, old-school"
"旅","たび","travel, trip, journey"
"行う","おこなう","to perform, to do, to conduct oneself, to carry out"
"号","ごう","number, edition, make, model, issue, part of that group; sobriquet, pen-name; size (of printing types, canvases, knitting needles, etc.); suffix attached to names of ships, trains, airplanes, etc."
"内容","ないよう","contents, content, substance, matter, detail, import"
"伸ばす","のばす","to grow long (e.g. hair, nails); to lengthen, to extend, to stretch; to reach out, to hold out; to straighten, to smooth out; to spread evenly (dough, cream, etc.); to dilute, to thin out; to postpone; to prolong; to strengthen, to develop, to expand"
"恐怖","きょうふ, くふ","fear, dread, dismay, terror, horror, scare, panic"
"一本","いっぽん","one long cylindrical thing, one film, TV show, etc., one goal, home run, etc., one telephone call; one version; one book, a certain book; ippon, one point, a blow; geisha; single-minded focus on ..."
"向こう","むこう","opposite side, other side; over there, ahead, beyond, (in the) distance, far away, far off; destination, there (somewhere distant, esp. abroad); the other party, the other side; from now, next (e.g. two weeks), coming ..., from ... onwards"
"明るい","あかるい","light, bright, well-lit, well-lighted; bright (colour); cheerful, bright, spirited, sunny (e.g. disposition); bright (future, prospects, etc.), rosy, encouraging, promising; knowledgeable (about), familiar (with), well versed (in), well acquainted (with); fair (e.g. politics), clean, impartial"
"額","がく","(picture) frame, framed picture; amount (esp. of money), sum"
"抜く","ぬく","to pull out, to draw out, to extract, to unplug, to weed; to omit, to leave out, to go without, to skip; to do to the end, to do thoroughly, to do completely, to do severely; to let out (e.g. air from a tyre), to drain (e.g. water from a bath), to empty; to pick out, to choose, to select, to extract; to pilfer, to steal; to remove, to get rid of, to take out; to pass, to overtake, to outstrip, to get ahead of; to pierce, to break through, to go through; to cut out (a shape), to create (a pattern) by dying the surrounding area; to seize, to capture, to reduce; to scoop (a story); to take out (an opponent's stones; in go); to masturbate (of a male), to ejaculate (while masturbating); to take (a photo), to record (video)"
"払う","はらう","to pay (e.g. money, bill); to brush off, to wipe away, to clear away, to dust off, to cut off (e.g. branches); to drive away (e.g. one's competitors); to sell off (something unneeded), to dispose of; to pay (e.g. attention), to show (e.g. respect, concern); to make (e.g. effort, sacrifice), to expend, to exert; to move out (of one's own place), to vacate; to sweep (e.g. one's legs), to knock aside; to make a sweeping stroke (in Japanese calligraphy); to reset (an abacus)"
"しか無い","しかない","having no choice but to ..., all one can do is ..., there's nothing to do except ...; having nothing but ..., there is only ..., having only ..., having no more than ..."
"鉄","てつ","iron (Fe); steel; iron (will, discipline, lady, etc.); railway; railway enthusiast"
"思いやり","おもいやり","consideration, thoughtfulness, sympathy, compassion, feeling, kindness, understanding, regard, kindheartedness"
"助け合う","たすけあう","to help each other, to cooperate"
"関わらず","かかわらず","in spite of, despite, although; regardless of, irrespective of"
"点ける","つける","to turn on, to switch on, to light up"
"","だった","was, were"
"姉妹","しまい, きょうだい","sisters"
"新聞","しんぶん","newspaper"
"行","ぎょう","line (of text), row, verse; carya (austerities); samskara (formations); semi-cursive style (of writing Chinese characters), running style"
"百","ひゃく, はく","hundred, 100"
"疲れる","つかれる","to get tired, to tire, to get fatigued, to become exhausted, to grow weary; to become worn out (of a well-used object); to starve"
"如何しても","どうしても","by all means, at any cost, no matter what, at any rate, surely; whether (one is) willing or not, willingly or unwillingly, willy-nilly; on no account, by no means; in the end, in the long run, after all, eventually"
"落とす","おとす","to drop, to lose, to let fall, to shed (light), to cast (one's gaze), to pour in (liquid), to leave behind; to clean off (dirt, makeup, paint, etc.), to remove (e.g. stains or facial hair), to lose, to spend money at a certain place, to omit, to leave out, to secretly let escape; to lose (a match), to reject (an applicant), to fail (a course), to defeat (in an election); to lower (e.g. shoulders or voice), to lessen (e.g. production or body weight), to worsen (quality), to reduce (e.g. rank or popularity), to speak badly of, to make light of, to fall into straitened circumstances; to fall into (e.g. a dilemma or sin), to make one's own, to have one's bid accepted, to force surrender, to take (e.g. an enemy camp or castle), to forcefully convince, to press for a confession, to deal with; to download, to copy from a computer to another medium; to make someone swoon (judo); to finish a story (e.g. with the punch line); to finish (a period, e.g. of fasting); to win over, to seduce, to conquer (unwillingness)"
"背後","はいご","back, rear; background, behind the scenes"
"","あら, あらー","oh!, ah!, oh no"
"感情","かんじょう","emotion, feeling, feelings, sentiment"
"然うして","そうして","and, like that"
"貸す","かす","to lend, to loan; to rent out, to hire out; to hand (over), to give"
"告げる","つげる","to tell, to inform, to announce; to indicate, to signal, to mark"
"","たら, ったら, だら","if, when, after; when it comes to ..., as for ..., that ...; why don't you ..., why not ..., how about ..., what about ...; I tell you!, I said ..., I really mean ...; vocative particle"
"空気","くうき","air, atmosphere; mood, situation; someone with no presence, someone who doesn't stand out at all"
"踏む","ふむ","to step on, to tread on, to trample on; to set foot on (e.g. foreign soil), to stand on, to visit; to experience, to undergo; to follow (rules, principles, etc.), to go through (e.g. formalities), to complete; to estimate, to guess, to judge, to value, to appraise; to rhyme; to succeed to (e.g. the throne)"
"此奴","こいつ, こやつ","he, she, this fellow, this guy, this person; this, this one, this thing; hey, you!, you bastard!, damn you!"
"霧","きり","fog, mist; spray"
"岩","いわ","rock, boulder; crag"
"情報","じょうほう","information, news, report, intelligence; information (data contained in characters, signals, code, etc.)"
"例える","たとえる","to compare (something) to, to liken, to speak figuratively, to use a simile, to use a metaphor"
"噂","うわさ","rumour, rumor, report, hearsay, gossip, common talk"
"自由","じゆう","freedom, liberty"
"着く","つく","to arrive at, to reach; to sit on, to sit at (e.g. the table)"
"蹴る","ける","to kick; to refuse, to reject; to stamp (on the ground), to firmly press one's feet (against something)"
"状況","じょうきょう","state of affairs, situation, conditions, circumstances"
"寺","てら","temple (Buddhist)"
"帰り","かえり","return, coming back"
"丈夫","じょうぶ","healthy, robust, strong, solid, durable"
"盗み","ぬすみ","stealing, theft"
"待たす","またす","to keep (a person) waiting"
"","バスケットボール","basketball"
"類","るい","kind, sort, type, class, genus, order, family; similar example, parallel, the like"
"何れでも","どれでも","any one, any, whichever"
"警部","けいぶ","police inspector"
"遅い","おそい, おっそい, おそーい, おっそーい, おせー, おっせー","slow; late; too late"
"同時に","どうじに","at the same time, at once, simultaneously, concurrently; just as ..., the moment ..., just after ...; (but) at the same time, as well as, also, on the other hand"
"別れる","わかれる","to part (usu. of people), to part from, to part with, to be apart from; to separate (of a couple), to break up, to divorce; to lose (e.g. one's mother), to be bereaved"
"病院","びょういん","hospital, clinic, doctor's office, doctor's surgery, infirmary"
"左右","さゆう, そう, さう","left and right, right and left; (asserting) control, influence, domination; one's attendants, people accompanying one; (serving at someone's) side; equivocation"
"それ等","それら","those, they"
"上がる","あがる, アガる","to rise, to go up, to come up, to ascend, to be raised; to enter (esp. from outdoors), to come in, to go in; to enter (a school), to advance to the next grade; to get out (of water), to come ashore, to be washed ashore; to float atop the water, to surface from the sea (e.g. of a corpse), to rise to the surface; to increase, to be raised (e.g. of a salary), to rise; to improve, to make progress; to be promoted, to advance; to be made (of profit, etc.); to occur (esp. of a favourable result); to be adequate (to cover expenses, etc.); to be finished, to be done, to be over; to stop (of rain), to clear up (of weather); to stop (working properly), to cut out, to give out, to die; to win (in a card game, etc.); to be spoken loudly, to be raised loudly (of a voice); to get nervous, to get stage fright; to be offered (to the gods, etc.); to go, to visit; to eat, to drink; to serve (in one's master's home); to enter a red light district, to amuse oneself in a red light district, to visit a brothel; to arise vigorously (e.g. of voices in excitement), to become excited, to be in uproar (e.g. of a crowd); to be complete, to finish; adds the connotation of an action happening strongly or violently; above, north of"
"閉める","しめる","to close, to shut"
"嘗て","かつて, かって","once, before, formerly, ever, former, ex-; never yet, never before, first time, still not happened"
"騒ぐ","さわぐ","to make noise, to make racket, to be noisy; to rustle, to swoosh; to make merry; to clamor, to clamour, to make a fuss, to kick up a fuss; to lose one's cool, to panic, to act flustered; to feel tense, to be uneasy, to be excited"
"","がる","to show signs of being, to feel, to think; to behave as if one were, to pretend, to act as if"
"第二","だいに","second"
"不利","ふり","disadvantage, handicap, unfavorable position"
"半分","はんぶん","half"
"人生","じんせい","(one's) life"
"５０","ごじゅう, いそ, い","fifty, 50"
"間違う","まちがう","to be mistaken, to be incorrect, to be wrong; to make a mistake (in), to do incorrectly, to get wrong; to mistake (one thing with another), to confuse"
"今夜","こんや","this evening, tonight"
"","ところを, とこを","although (it is a certain time or something is in a certain condition), even though normally"
"報告","ほうこく","report, information"
"繰り返す","くりかえす","to repeat, to do over again"
"浮かぶ","うかぶ","to float, to be suspended; to rise to the surface, to appear, to emerge, to show up, to loom (up); to come to mind, to have inspiration"
"触れる","ふれる","to touch, to feel; to touch (with); to experience, to come in contact with, to perceive; to touch on (a subject), to allude to, to refer to, to mention, to bring up; to be in conflict with, to violate (law, copyright, etc.), to infringe; to proclaim, to make known, to spread (e.g. a rumour)"
"他人","たにん, ひと, あだびと","another person, other people, others; unrelated person (i.e. not related by blood); outsider, stranger"
"用意","ようい","preparation, arrangements, provision, getting ready, laying out (e.g. a meal)"
"立派","りっぱ","splendid, fine, handsome, elegant, imposing, prominent, impressive; praiseworthy, creditable, worthy; legal, legitimate, lawful; undeniable (e.g. crime), indisputable, solid"
"作品","さくひん","work (e.g. book, film, painting, composition), piece, production, opus"
"東","ひがし, ひむかし, ひんがし","east"
"黒","くろ","black; black stone; guilt, guilty person"
"笑い","わらい","laugh, laughter; smile; sneer; sex aids (e.g. dildos, pornographic books, erotic woodblock prints, etc.)"
"表面","ひょうめん","surface, face; outside, exterior; appearances, superficiality"
"戸口","とぐち","door, doorway"
"室","しつ","room; wife (of someone of high rank); scabbard; Chinese ""Encampment"" constellation (one of the 28 mansions)"
"象","ぞう, ゾウ","elephant (Elephantidae spp.)"
"入学試験","にゅうがくしけん","entrance examination"
"番目","ばんめ","the nth ...; divisions of a kabuki performance"
"","シートベルト, シート・ベルト","seat belt, seatbelt, safety belt"
"仙","セント","cent (monetary unit)"
"家族","かぞく","family"
"玄関","げんかん","entrance, front door, entryway, entranceway, entry hall, vestibule, porch, foyer, mud room"
"","が, ヶ, ケ","indicates the subject of a sentence; indicates possession; but, however, (and) yet, though, although, while; and; used after an introductory remark or explanation; regardless of ..., whether ... (or not), no matter ...; indicates a desire or hope; softens a statement; indicates doubt; indicates scorn"
"巨大","きょだい","huge, gigantic, enormous"
"狙う","ねらう","to aim at (with a weapon, etc.); to be after (something or someone), to have an eye on, to plan to make one's own; to aim for, to set up as a goal"
"起こす","おこす","to raise, to raise up, to set up, to pick up; to wake, to wake up, to waken, to awaken; to cause, to bring about, to lead to, to trigger, to give rise to, to create, to generate (e.g. heat, electricity), to produce; to start, to begin, to launch, to establish, to found, to set up, to open; to plough, to plow, to till; to fall ill with; to transcribe, to write down (what is spoken); to turn over (a card)"
"目的","もくてき","purpose, goal, aim, objective, intention"
"奥さん","おくさん","wife, your wife, his wife, married lady, madam"
"明らか","あきらか","clear, obvious, evident, plain, definite; bright, light"
"瞳","ひとみ","pupil (of the eye); one's eyes"
"質問","しつもん","question, inquiry, enquiry"
"為さる","なさる","to do"
"親","おや","parent, parents, mother and father; dealer, banker; founder, inventor; (pet) owner; key, parent (organization), main; ancestor, forefather"
"空く","すく","to become less crowded, to thin out, to get empty; to be hungry"
"これ迄","これまで","so far, up to now, hitherto; that's enough (for today), it ends here"
"医院","いいん","doctor's office, doctor's surgery, clinic"
"如何にも","いかにも","indeed, really, truly, just (like); very, extremely, totally, terribly; absolutely, certainly, for sure"
"短い","みじかい, みじけー","short; brief"
"集まる","あつまる","to gather, to collect, to assemble"
"押す","おす","to push, to thrust, to shove; to press (down), to push (e.g. a button), to exert pressure on; to stamp (e.g. one's name), to affix (a seal); to affix (e.g. gold leaf); to push (someone for something), to press, to put pressure on (someone); to overwhelm, to overpower, to put (someone) under pressure, to be superior to; to push ahead (with a policy, plan, etc.), to proceed, to stick to; to do ... in spite of ..., to defy, to brave, to push aside; to make sure; to fall behind schedule"
"微か","かすか","faint, dim, weak, slight, vague, indistinct, hazy; poor, wretched, meagre, meager, scanty"
"轢く","ひく","to run over (with a vehicle), to knock down"
"最早","もはや","already, now; no longer, not any more"
"下さる","くださる","to give, to confer, to bestow; to kindly do for one, to oblige, to favour, to favor"
"難しい","むずかしい, むつかしい, むづかしい","difficult, hard, troublesome, complicated, serious (disease, problem, etc.); impossible, unfeasible; fussy, particular, fastidious, hard to please, displeased; gloomy, glum, sullen, serious (look); dirty, unclean, filthy, detestable; unpleasant, uncomfortable, creepy, spooky"
"貰う","もらう","to receive, to take, to accept; to get someone to do something; to have in one's pocket (a fight, match); to contract (a disease), to catch, to be affected"
"土地","とち, どおじ, どじ, どち","plot of land, lot, soil; locality, region, place"
"酷い","ひどい, ヒドイ, ヒドい, ひでー, ひでえ, ひでぇ","cruel, heartless, hard, harsh, severe; violent, intense, strong, heavy, extreme; very bad, terrible, awful; excessive, exorbitant, unreasonable, outrageous, unfair, unjust"
"無論","むろん","of course, certainly, naturally"
"訳ではない","わけではない","it does not mean that ..., I don't mean that ..., it is not the case that..."
"攻撃","こうげき","attack, assault, raid, onslaught, offensive; criticism, censure, denunciation, condemnation"
"命令","めいれい","order, command, decree, directive; (software) instruction, statement"
"襲う","おそう","to attack, to assail, to make an assault, to strike, to hunt down; to succeed (someone in a post, role, etc.); to make a sudden visit"
"梨","なし, ナシ","nashi (esp. Pyrus pyrifolia), Japanese pear, Asian pear"
"以前","いぜん","before, prior to, ago; the past, before, previously, former times"
"足る","たる","to be sufficient, to be enough; to be worth doing, to be worthy of, to deserve; to do (the job), to serve, to answer"
"勝手","かって","one's own convenience, one's way, selfishness; surroundings, environment, way of doing things; convenience, ease of use; financial circumstances, living, livelihood; kitchen; right hand (in archery), hand that pulls the bowstring; unauthorised (e.g. phone app, WWW site), unofficial"
"下る","くだる","to descend, to go down, to come down; to be handed down (of an order, judgment, etc.); to pass (of time); to surrender, to capitulate; to be less than, to be inferior to; to have the runs, to have diarrhea; to pass (in stool), to be discharged from the body; to depreciate oneself, to be humble"
"時々","ときどき","sometimes, occasionally, at times, from time to time, now and then, once in a while, at intervals; seasonal, of the season, appropriate (for the season or occasion)"
"悩み","なやみ","trouble, troubles, worry, distress, sorrows, anguish, agony, problem"
"奨学金","しょうがくきん, しょうがっきん","scholarship, stipend, bursary, grant-in-aid; student loan"
"本屋","ほんや","bookstore, bookshop; publisher; main building"
"泳ぎ","およぎ","swimming"
"飛ばす","とばす","to let fly, to make fly, to send flying, to blow off (e.g. in the wind), to launch, to fire, to hurl, to shoot; to skip over, to leave out, to omit, to drop (e.g. a stitch), to fast-forward; to run fast, to drive fast, to gallop; to spray, to splash, to spatter; to say without reservation, to call out (e.g. a jeer), to rattle off (e.g. a joke); to spread (e.g. a rumour), to circulate, to send out (a message), to issue (e.g. an appeal); to transfer (to a less important post), to send away (e.g. to a provincial branch), to demote; to dispatch quickly (e.g. a reporter); to get rid of, to burn off (alcohol); to attack (e.g. with a leg manoeuvre); to do vigorously, to do roughly, to do energetically"
"","インフレ","inflation"
"","コイン","coin; token, slug"
"","タイヤ, タイア","tire, tyre"
"","ラケット","racket, paddle (in table-tennis)"
"額","ひたい","forehead, brow"
"向け","むけ","intended for ..., oriented towards ..., aimed at ..."
"字","じ","character (esp. kanji), letter, written text; handwriting, penmanship; the ... word (e.g. ""the L word"" = ""love"")"
"実","み","fruit, nut; seed; (in broth) pieces of meat, vegetable, etc.; content, substance"
"現実","げんじつ","reality, actuality, hard fact"
"","いいえ, いえ","no; you're welcome, not at all, don't mention it"
"煮る","にる","to boil, to simmer, to stew, to seethe"
"日本人","にほんじん, にっぽんじん","Japanese person"
"その物","そのもの","the very thing, itself"
"遠く","とおく","far away, distant place, a (great) distance, a long way off, afar; long ago, far back, far (into the future); by far"
"気配","けはい, きはい","indication, sign, hint, sensation, feeling; tone (of the market)"
"江戸","えど","Edo (shogunate capital; former name of Tokyo), Yedo"
"向く","むく","to turn toward, to look (up, down, etc.); to face (e.g. east) (of a building, window, etc.), to look out on, to front (on); to point (of an arrow, compass needle, etc.); to be suited to, to be fit for; to go towards, to turn to (of one's interests, feelings, etc.), to be inclined (to do)"
"全然","ぜんぜん, ぜんっぜん","(not) at all, (not) in the slightest; wholly, entirely, completely, totally; extremely, very"
"秘密","ひみつ","secret, secrecy, confidentiality, privacy; mystery; secret (e.g. to success); esoteric teachings"
"現れる","あらわれる","to appear, to come in sight, to become visible, to come out, to embody, to materialize, to materialise; to be expressed (e.g. emotions), to become apparent (e.g. trends, effects)"
"取り出す","とりだす","to take out, to produce, to pick out; to fetch, to retrieve"
"耐える","たえる","to bear, to stand, to endure, to put up with; to support, to withstand, to resist, to brave; to be fit for, to be equal to"
"就いて","ついて","about, concerning, as to, regarding"
"","となる","to become, to be"
"猫","ねこ, ネコ","cat (esp. the domestic cat, Felis catus); shamisen; geisha; wheelbarrow; clay bed-warmer; bottom (submissive partner of a homosexual relationship)"
"凝乎と","じっと, じーっと, じーと, じいっと","motionlessly (e.g. stand, wait), (be) still; fixedly (e.g. gaze, stare), intently (e.g. listen, think); patiently (endure), stoically; firmly (e.g. hold), restrained"
"毎日","まいにち","every day, daily"
"其奴","そいつ, そやつ, すやつ","he, she, that person, that guy, that fellow; that, that one, that thing"
"願う","ねがう","to desire, to wish, to hope; to beg, to request, to implore, to pray; to have something done for oneself"
"調子","ちょうし","tune, tone, key, pitch, time, rhythm; vein, mood, way, manner, style, knack; condition, state of health, shape; impetus, spur of the moment, strain; trend"
"早い","はやい, はえー, はっやい, はっやーい, はやーい","fast, quick, rapid, swift, speedy, brisk, prompt; early, soon, earlier than usual; premature, too soon, too early; easy, simple, quick, fast; as soon as ..., the moment ..., the instant ..."
"","そっと, そうっと, そおっと, そーっと","softly, gently, quietly, lightly; stealthily, secretly, in secret; to leave alone, to leave as it is"
"少ない","すくない","few, little, small (amount), low, scarce, insufficient, seldom, rare"
"鋭い","するどい","sharp (knife, claws, etc.), pointed; sharp (pain, tone, etc.), acute, stabbing, cutting (remark, criticism, etc.), stinging, biting, fierce (attack), pointed (question, look, etc.), piercing (gaze), shrill (sound); keen (intuition, sense of smell, etc.), acute, sharp (eye, mind, etc.), astute, shrewd, discerning, penetrating (insight, question, etc.), perceptive"
"建物","たてもの","building"
"事情","じじょう","circumstances, conditions, situation, reasons, state of affairs"
"裏","うら","opposite side, bottom, other side, side hidden from view, undersurface, reverse side; rear, back, behind; lining, inside; in the shadows, behind the scenes, offstage, behind (someone's) back; more (to something than meets the eye), hidden side (e.g. of one's personality), unknown circumstances, different side; proof; opposite (of a prediction, common sense, etc.), contrary; inverse (of a hypothesis, etc.); bottom (of an inning), last half (of an inning)"
"逆","ぎゃく","reverse, opposite; converse (of a hypothesis, etc.); inverse (function)"
"","つい","just (now); quite (near); unintentionally, subconsciously, by mistake, against one's better judgement (judgment)"
"弟子","でし, ていし","pupil, disciple, adherent, follower, apprentice, young person, teacher's student-helper"
"銃","じゅう","gun, firearm, small arms (e.g. rifle, pistol, etc)"
"迎える","むかえる","to go out to meet, to receive, to welcome, to greet, to salute, to hail; to call for, to summon, to invite; to accept (e.g. as a member of a group or family), to take (e.g. a wife); to reach (a certain time, a point in one's life, etc.), to enter (a new phase, new era, etc.), to approach (e.g. death)"
"何でも","なんでも","any, anything, whatever, whatever one likes, everything, all; I am told, I hear, I understand, they say"
"程度","ていど","degree, amount, grade, standard, of the order of (following a number), about, approximately"
"海豚","いるか, イルカ","dolphin (or other small toothed whales, incl. porpoises, belugas, etc.)"
"お母さん","おかあさん","mother, mom, mum, ma; wife; you (of an elderly person older than the speaker), she, her"
"改める","あらためる","to change, to alter, to revise, to replace; to reform, to correct, to mend, to improve; to examine, to check, to inspect; to do properly, to do formally"
"止まる","とどまる","to remain, to abide, to stay (in the one place); to be limited to, to be confined to, to only account for"
"機","き","chance, opportunity; machine; aircraft; counter for aircraft; counter for (remaining) lives"
"伴う","ともなう","to accompany, to go hand in hand with, to be consequent upon; to be accompanied by, to bring with, to take with, to be involved in"
"女子","じょし","woman, girl"
"属する","ぞくする","to belong to, to come under, to be affiliated with, to be subject to"
"借りる","かりる","to borrow; to rent, to hire; to make use of (another's help, wisdom, etc.), to obtain, to receive; to use (for another purpose), to put to a different use"
"覚え","おぼえ","memory, sense, experience"
"","タオル","towel"
"新製品","しんせいひん","new product"
"迄も","までも","to (an extent), up to, so far as, even; there is no need to ..., it should hardly be necessary to ...; even if there is no need to ... (at least ...)"
"恐れる","おそれる","to fear, to be afraid of"
"救う","すくう","to rescue from, to help out of, to save"
"痛む","いたむ","to hurt, to ache, to feel a pain; to be injured, to be spoiled (e.g. food), to be damaged"
"追い風","おいかぜ, おいて","tailwind, fair wind, favorable wind (favourable); favorable condition (favourable), advantageous situation"
"箸","はし","chopsticks"
"行き成り","いきなり, ゆきなり, いっきなり","abruptly, suddenly, all of a sudden, without warning"
"会う","あう","to meet, to encounter, to see; to have an accident, to have a bad experience"
"大学","だいがく","university, college; former imperial university of Japan (established under the ritsuryō system for the training of government administrators); the Great Learning (one of the Four Books)"
"構う","かまう","to mind, to care about, to be concerned about, to have a regard for; to be an issue, to matter, to create inconvenience; to keep company, to care for, to look after, to entertain, to pay attention to, to spend time with; to interfere with, to meddle in; to tease; to banish, to prohibit"
"確認","かくにん","confirmation, verification, validation, review, check, affirmation, identification"
"","テレビ","television, TV; TV program, TV programme, TV broadcast"
"絶対に","ぜったいに","absolutely, definitely, unconditionally"
"忽ち","たちまち","in an instant, in a moment, immediately, right away, at once; suddenly, all of a sudden, all at once"
"銭","せん","sen (hundredth of a yen); coin made of non-precious materials; one-thousandth of a kan (as a unit of currency); one-thousandth of a kan (as a unit of mass)"
"上げ","あげ","tuck (e.g. in a dress); rise (e.g. in price)"
"章","しょう","chapter, section; medal, badge, insignia"
"小説","しょうせつ","novel, story, (work of) fiction"
"珍しい","めずらしい","rare, uncommon, unusual, curious; new, novel; fine, nice, splendid, precious"
"地面","じめん","ground, earth's surface; land, lot, plot"
"広がる","ひろがる","to spread (out), to extend, to stretch, to reach to, to get around, to fill (e.g. a space)"
"辛い","からい","spicy, hot; salty; harsh (criticism), severe (punishment), strict; painful, bitter, difficult, tough"
"実際","じっさい","reality, actuality, truth, fact, actual conditions; practice (as opposed to theory); truly, really, indeed, actually; bhutakoti (limit of reality)"
"姫","ひめ","young lady of noble birth, princess (esp. in Western contexts, tales, etc.); girl; small, cute, lesser (in names of species); prostitute"
"恋","こい","(romantic) love"
"右手","みぎて","right hand; right-hand side, right-hand direction, (on) the right"
"で御座います","でございます","be, is"
"振り","ふり, フリ","swing, shake, sweep, wave, wag; appearance, behaviour, behavior; pretence, pretense, (false) show, pretending; (a customer) coming to restaurant, ryokan, etc. without a reservation or introduction; postures (of a dance); lead in (to a joke, question, etc.), setup; unsewn part of a hanging sleeve on a traditional Japanese woman's garment; counter for swords, blades, etc."
"寒い","さむい, さぶい","cold (e.g. weather); uninteresting (esp. joke), lame, dull, weak, corny"
"連絡","れんらく","contacting, (making) contact, getting in touch, communication, correspondence, call, message; connection (with a train, bus, etc.), joining (a railway line, etc.), meeting; connection (between matters, incidents, etc.), relation, link"
"姉","あね","older sister, elder sister"
"奇妙","きみょう","strange, odd, peculiar, queer, curious"
"述べる","のべる","to state, to express, to say, to tell, to mention"
"減る","へる","to decrease (in size or number), to diminish, to abate"
"お父さん","おとうさん, おとっさん","father, dad, papa, pa, pop, daddy, dada; husband; you (of an elderly person older than the speaker), he, him"
"最近","さいきん","recently, lately, these days, nowadays, right now; nearest, closest"
"不意に","ふいに","suddenly, abruptly, unexpectedly"
"質","しつ","quality, value; nature, inherent quality, character; logical quality"
"拍手","はくしゅ","clapping hands, applause; clapping one's hands in prayer (at a shrine)"
"当社","とうしゃ","this company, this firm; this shrine"
"虫歯","むしば","tooth decay, decayed tooth, dental cavity, dental caries"
"予言","よげん","prediction, prophecy, prognostication, foretelling, forecast; (religious) prophecy"
"口答え","くちごたえ","retort, back talk, backchat"
"力","りょく","strength, power, proficiency, ability"
"誘う","さそう, いざなう","to invite, to ask (someone to do), to call (for), to take (someone) along; to tempt, to lure, to entice, to seduce; to induce (tears, laughter, sleepiness, etc.), to arouse (e.g. sympathy), to provoke"
"可能性","かのうせい","potentiality, likelihood, possibility, chance"
"全員","ぜんいん, ぜいいん","all members, all hands, everyone, everybody, whole crew"
"遅れる","おくれる","to be late, to be delayed, to fall behind schedule, to be overdue; to fall behind (in a race, one's studies, etc.), to lag behind, to be behind (the times); to be bereaved of, to be preceded by (someone) in death; to be slow (of a clock or watch)"
"挨拶","あいさつ","greeting, greetings, salutation, salute, polite set phrase used when meeting or parting from someone; speech (congratulatory or appreciative), address; reply, response; courtesy visit (to offer condolences, say congratulations, pay respect, introduce oneself, etc.); revenge, retaliation; a fine thing to say; dialoging (with another Zen practitioner to ascertain their level of enlightenment); relationship (between people), connection; intervention, mediation, mediator"
"震える","ふるえる","to shiver, to shake, to quake, to tremble, to quaver, to quiver"
"四人","よにん, よったり, よたり","four people"
"公","おおやけ","official, governmental, formal; public (use, matter, forum, etc.), common; being public knowledge, being out in the open, exposure to public view"
"届く","とどく","to reach, to touch, to get to, to carry (of sound); to be delivered, to arrive; to be attentive, to be scrupulous, to be thorough; to be realized (of a desire), to be fulfilled, to get through (to someone), to be appreciated, to make an impression"
"撥ねる","はねる","to hit (e.g. with a car), to knock down; to reject, to eliminate, to exclude, to get rid of; to refuse (e.g. a request), to deny, to turn down; to flip, to splash, to splatter; to take (a percentage); to stick up (e.g. of hair), to curl up (e.g. of a moustache), to sweep up (the end of a brush stroke); to pronounce as a syllabic nasal"
"","こんなに","so, like this, in this way, this much, to this extent"
"晩","ばん","evening, night; dinner, evening meal; counter for nights"
"組む","くむ","to cross (legs or arms), to link (arms); to put together, to construct, to assemble, to produce (e.g. TV program); to braid, to plait; to grapple, to wrestle; to unite, to join, to link up, to form an alliance; to set (e.g. type); to issue (e.g. money order)"
"微笑","びしょう","smile"
"十五","じゅうご","fifteen, 15"
"一年","いちねん, ひととし, ひととせ","one year, some time ago"
"毎","ごと","each, every"
"川","かわ, がわ","river, stream; River, the ... river"
"抱える","かかえる","to hold in one's arms, to carry in one's arms, to carry under one's arm, to hold (one's head) in one's hands; to have (problems, debts, etc.), to take on (a responsibility), to be burdened with (e.g. care of a family member), to have (children, etc.) to provide for; to employ, to have (on one's staff), to hire"
"","ポケット","pocket"
"悼む","いたむ","to grieve over, to mourn, to lament"
"被る","かぶる, かむる","to put on (one's head), to wear, to have on, to pull over (one's head), to crown (oneself); to be covered with (dust, snow, etc.), to pour (water, etc.) on oneself, to dash on oneself, to ship water; to bear (e.g. someone's debts, faults, etc.), to take (blame), to assume (responsibility), to shoulder (burden); to overlap (e.g. sound or color); to be similar, to be redundant; to be fogged (due to overexposure, etc.); to close, to come to an end; to get a full house, to sell out; to blunder, to bungle, to fail; to be deceived"
"満足","まんぞく","satisfaction, contentment, gratification; sufficient, satisfactory, enough, adequate, proper, decent; satisfying (an equation)"
"避ける","さける, よける","to avoid (physical contact with); to avoid (situation), to evade (question, subject), to shirk (one's responsibilities); to ward off, to avert; to put aside, to move out of the way"
"","にしても","even if, even though, even granting (that); even, too, also; whether ... or ...; no matter (what, where, who, etc.)"
"若者","わかもの, わかもん","young person, youngster, young people, (the) youth"
"内科","ないか","internal medicine; department of internal medicine"
"儀","ぎ","ceremony; matter, affair, case; with regard to, as for, as concerns"
"","ほら, ほれ","look!, see!, here!, there!, hey!"
"喉","のど, のんど, のみと, のみど, ノド","throat; singing voice; gutter (inner margins of a book)"
"非常に","ひじょうに","very, extremely, exceedingly"
"遠い","とおい","far, distant, far away, a long way off, in the distance; distant (past), remote (in time), remote, far-removed (in time); distant (relationship or kinship), having little to do (with someone); far (from something else in quality, degree, etc.), not similar, way off; hard (of hearing); nearsighted"
"３日","みっか","3rd day of the month; three days"
"二階","にかい","second floor, upstairs"
"それ程","それほど","to that degree, to that extent, that much"
"極める","きわめる","to carry to extremes, to go to the end of something, to reach the limits of something; to reach the peak of something (e.g. luxury, hardships, etc), to be extremely (e.g. busy); to exhaust completely, to have nothing left (e.g. to say)"
"女房","にょうぼう, にょうぼ, にゅうぼう","wife (esp. one's own wife); court lady, female court attache, woman who served at the imperial palace; woman (esp. as a love interest)"
"夫婦","ふうふ","married couple, husband and wife, man and wife"
"全身","ぜんしん","whole (body), full-length (e.g. portrait); systemic"
"と言えば","といえば","speaking of ...; when it comes to ..., as for ..., if one were to say ..."
"安心","あんしん","peace of mind, relief, (sense of) security, safety, assurance, confidence"
"笑顔","えがお","smiling face, smile"
"絵","え, が","picture, drawing, painting, sketch; image (TV, film, etc.), picture, footage"
"と言っても","といっても","although I say, although one might say, although called"
"計画","けいかく","plan, project, schedule, scheme, program, programme"
"経験","けいけん","experience"
"落ち着く","おちつく","to calm down, to compose oneself, to regain presence of mind, to relax; to calm down, to settle down, to die down, to become stable, to abate; to settle down (in a location, job, etc.), to settle in; to be settled (of an arrangement, conclusion, etc.), to be fixed, to have been reached; to harmonize with, to harmonise with, to match, to suit, to fit; to be unobtrusive, to be quiet, to be subdued"
"凡ゆる","あらゆる","all, every"
"谷","たに","valley"
"勤め","つとめ","service, duty, business, responsibility, task; Buddhist religious services"
"始発","しはつ","first departure (of the day), first train, first bus; departing from the starting station (of a bus, train, etc.)"
"止す","よす","to stop (doing), to cease, to desist, to drop, to lay off, to give up, to quit"
"","クレジットカード, クレジット・カード","credit card"
"打付ける","ぶつける","to hit (e.g. one's head), to strike, to knock, to run (into), to crash (into); to throw (at), to fling (at), to hurl (at); to vent (e.g. one's anger), to express (one's feelings), to throw (a question at someone); to pit (someone) against, to set against, to match against, to put up against"
"","それにしても","nevertheless, at any rate, even so, all things considered, be that as it may"
"そう言った","そういった","like that, this type"
"確かめる","たしかめる","to make sure, to check, to ascertain, to confirm, to verify"
"机","つくえ, つき","desk"
"投げる","なげる","to throw, to hurl, to fling, to toss, to cast; to give up, to abandon, to throw away; to cast (a glance, shadow, doubt, etc.)"
"済む","すむ","to finish, to end, to be completed, to be resolved; to have a result less severe than expected; to feel at ease; to feel unease or guilt for troubling someone, to be sorry"
"見上げる","みあげる","to look up at, to raise one's eyes; to look up to, to admire, to respect"
"","すら","even"
"吃驚","びっくり, ビックリ","to be surprised, to be amazed, to be frightened, to be astonished, to get startled, to jump; surprise (e.g. surprise party)"
"生徒","せいと","pupil, student, schoolchild"
"意見","いけん","opinion, view, comment; scolding, reprimand, rebuke, admonition, cautioning, warning"
"判断","はんだん","judgment, judgement, decision, conclusion, adjudication; divination; judgement"
"鷹","たか, タカ","hawk, falcon"
"負ける","まける","to lose, to be defeated; to succumb, to give in, to surrender, to yield; to be inferior to; to break out in a rash due to (e.g. lacquer, shaving, etc.); to reduce the price, to give a discount, to throw in (something extra) for free"
"囁く","ささやく","to whisper, to murmur; to rumor, to rumour"
"","どうぞ","please, kindly, pray, I beg (of you); by all means, certainly, of course, (go) ahead, (feel) free (to), (you are) welcome (to), please (help yourself to); here you are; to give"
"正に","まさに","exactly, just, precisely, really, truly, surely, certainly, without doubt; right (when), just (as); just (about to), on the point of, on the verge of, on the brink of; really (ought to), certainly (should), naturally"
"燃える","もえる","to burn, to get fired up"
"易い","やすい","easy; likely to ..., have a tendency to ...; easy to ..."
"乍らも","ながらも","though, although, notwithstanding, in spite of, despite; while, as, at the same time as"
"降る","ふる","to fall (of rain, snow, ash, etc.), to come down; to form (of frost); to beam down (of sunlight or moonlight), to pour in; to visit (of luck, misfortune, etc.), to come, to arrive"
"通じる","つうじる","to be open (to traffic), to lead to, to communicate (with); to flow (liquid, current), to pass, to get through to; to be understood, to be comprehended; to be honored, to be good; to be well versed in, to be well-informed; to communicate clandestinely, to keep in touch (e.g. with the enemy); to form a liaison, to be intimate; to spread widely, to disseminate"
"少なくとも","すくなくとも","at least"
"証拠","しょうこ","evidence, proof"
"桜","さくら, サクラ","cherry tree, cherry blossom; fake buyer, paid audience, shill, seat filler; hired applauder; horse meat"
"加える","くわえる","to add, to add up, to sum up, to append, to annex; to increase, to gather (e.g. speed), to pick up; to include, to count in, to let join; to inflict (damage), to deal, to give"
"三年","さんねん","three years"
"沖","おき","open sea; Okinawa"
"社長","しゃちょう","company president, manager, director"
"巡る","めぐる","to go around, to make a circle around; to surround, to circle, to enclose; to come around (of a season, anniversary, turn, etc.), to return, to repeat, to circulate (of blood, money, etc.); to travel around, to make a tour of; to concern (a matter), to surround"
"以来","いらい","since, henceforth"
"外す","はずす","to remove, to take off, to detach, to unfasten, to undo; to drop (e.g. from a team), to remove (from a position), to exclude, to expel; to leave (e.g. one's seat), to go away from, to step out, to slip away; to dodge (a question, blow, etc.), to evade, to sidestep, to avoid (e.g. peak season); to miss (a target, chance, punch, etc.)"
"位置","いち","place, position, location; position, standing, status, situation"
"同様","どうよう","same, similar, (just) like, equal"
"元気","げんき","lively, full of spirit, energetic, vigorous, vital, spirited; healthy, well, fit, in good health"
"一杯","いっぱい","one cup (of), one glass (of), one bowl (of), cupful, glassful, bowlful, spoonful; one drink (of alcohol); full, filled (with), brimming (with), crowded, packed; fully, to capacity, to the maximum, as much as possible; a lot, much, many; all of ..., the entire ...; one (squid, octopus, crab, etc.); one (boat)"
"変化","へんか","change, variation, alteration, mutation, transition, transformation, transfiguration, metamorphosis; variety, diversity; inflection, declension, conjugation; sidestepping"
"二死","にし","two out, two down (and one to go)"
"枯葉","かれは","dead leaf, dry leaves"
"始め","はじめ","beginning, start, outset, opening; first (in line, etc.); origin; such as ..., not to mention ..."
"翔る","かける","to soar, to fly; to run, to dash"
"掛かる","かかる","to take (a resource, e.g. time or money); to hang; to come into view, to arrive; to come under (a contract, a tax); to start (engines, motors); to attend, to deal with, to handle; to have started to, to be on the verge of; to overlap (e.g. information in a manual), to cover; to (come) at; to be fastened; to be covered (e.g. with dust, a table-cloth, etc.); to be caught in; to get a call; to depend on; to begin (a task), to set about (doing), to get down to"
"何となく","なんとなく, なにとなく","somehow or other, for some reason or another, without knowing why"
"その様","そのよう","that kind of, of the sort, of the kind, such"
"承知","しょうち","knowledge, awareness; acceptance, consent, assent, agreement, compliance, acknowledgment, acknowledgement; forgiving, pardoning, excusing"
"楽しむ","たのしむ","to enjoy, to take pleasure in, to have a good time, to have fun, to amuse oneself; to look forward to"
"紙","かみ","paper"
"付き合い","つきあい","association, socializing, socialising, fellowship"
"仲","なか","relation, relationship"
"明白","めいはく","obvious, clear, plain, evident, apparent, explicit, overt"
"商用","しょうよう","business (engagement); commercial use, business use"
"両替","りょうがえ","change, money exchange"
"皿洗い","さらあらい","washing-up, dish-washing"
"Ｔシャツ","ティーシャツ","T-shirt, tee shirt"
"","インフルエンザ","influenza, flu"
"","テント","tent"
"振り","ぶり","way, manner, style; (for) the first time in (e.g. ten years), after ...; ...-sized, amount (equivalent to ...); tune, tone"
"生","なま","raw, uncooked, fresh; natural, as it is, unedited, unprocessed; unprotected (sex), raw, bareback; live (i.e. not recorded); inexperienced, unpolished, green, crude; impudence, sauciness; unpasteurized beer, draft beer, draught beer; blank (e.g. disk), unused; just a little, somehow, vaguely, partially, somewhat, half-, semi-; insufficient, incomplete, half-baked, half-hearted, perfunctory; cash; tipsiness"
"絶えず","たえず","constantly, always, continually, steadily"
"クラシック音楽","クラシックおんがく, クラッシックおんがく","classical music"
"映画","えいが","movie, film, motion picture"
"慕う","したう","to yearn for, to long for, to pine for, to miss, to love dearly, to adore; to follow (someone); to idolize (for virtue, learning, status, etc.)"
"博士","はかせ","expert, learned person; doctor, PhD, Dr.; instructor at the imperial court (ritsuryō period); pitch and length marks (to accompany a Buddhist liturgical chant, etc.)"
"一枚","いちまい","one (thin, flat object), one sheet"
"伸びる","のびる","to stretch, to extend, to lengthen, to grow (of hair, height, grass, etc.); to straighten out, to be flattened, to become smooth; to spread (of paint, cream, etc.); to stretch out (e.g. of a hand), to extend; to lose elasticity, to become slack, to become soggy (e.g. of noodles); to make progress, to develop, to expand, to increase, to improve; to be exhausted, to get groggy, to be stunned (by a blow), to pass out, to collapse; to be prolonged (of a meeting, life span, etc.), to be extended (e.g. of a deadline), to lengthen (e.g. of the days); to be postponed, to be delayed, to be put off"
"寄る","よる","to approach, to draw near, to come near, to be close to; to gather (in one place), to come together, to meet; to stop by (while on one's way to another place), to drop by, to make a short visit; to grow old, to grow high (number, etc.); to grow (wrinkly); to lean against, to recline on; to push one's opponent while holding their belt; to decide on a price and come to a deal; to be swayed by (a person), to yield to"
"間違いない","まちがいない","certain, sure, no doubt; reliable, dependable"
"味","あじ","flavor, flavour, taste; charm, appeal, uniqueness, attractiveness; experience, taste (e.g. of victory); smart, clever, witty, strange"
"自然","しぜん","nature; natural, spontaneous, automatic; naturally, spontaneously, automatically"
"僕たち","ぼくたち","we"
"刀","かたな, とう","sword (esp. Japanese single-edged), katana; scalpel; chisel, burin, graver; knife money (knife-shaped commodity money used in ancient China)"
"脱ぐ","ぬぐ","to take off (clothes, shoes, etc.), to undress"
"雲","くも","cloud"
"隠れる","かくれる","to hide, to conceal oneself, to take cover; to disappear (behind), to be hidden (by), to be covered, to go out of sight; to live in seclusion, to retire (from the world); to be unknown (e.g. of a talent), to be undiscovered, to be hidden (e.g. of a meaning); to pass away (of a person of high position)"
"次第に","しだいに","gradually, by degrees, little by little, bit by bit"
"無","む","nothing, naught, nought, nil, zero; un-, non-"
"命じる","めいじる","to order, to command; to appoint"
"十二","じゅうに","twelve, 12; queen"
"将軍","しょうぐん","general; shogun"
"墓","はか","grave, gravesite, tomb"
"期待","きたい","expectation, anticipation, hope; promising, rising, up-and-coming"
"","どんなに","how, how much, to what extent; no matter how (much), however"
"医者","いしゃ","doctor, physician"
"愈","いよいよ","more and more, all the more, increasingly; at last, finally, beyond doubt; (at the) last moment, worst possible time"
"果たす","はたす","to accomplish, to achieve, to carry out, to fulfill, to fulfil, to realize, to execute, to perform, to do; to do ... completely, to do ... entirely"
"諦める","あきらめる","to give up, to abandon (hope, plans), to resign oneself (to)"
"興味","きょうみ","interest (in something), curiosity (about something), zest (for)"
"自信","じしん","self-confidence, confidence (in oneself)"
"有難う","ありがとう","thank you, thanks"
"駅","えき","railway station, train station; staging post on a highway (in pre-modern Japan); counter for railway stations and bus stations"
"遥か","はるか","far away, far off, far, distant, in the distance; long ago, long before"
"","ビル","multi-floor building, multi-storey building"
"満ちる","みちる","to fill, to become full (of), to be filled (with), to brim (with); to wax (of the moon); to rise (of the tide), to flow, to come in; to expire (of a period of time), to mature, to come to an end"
"煙草","タバコ, たばこ","tobacco, cigarette, cigar; tobacco plant (Nicotiana tabacum)"
"直す","なおす","to repair, to mend, to fix, to correct (a mistake, bad habit, etc.), to put right, to restore, to straighten (e.g. a tie), to tidy up (one's hair, make-up, etc.), to revive (one's spirits); to change, to alter, to convert, to translate; to put back, to put away; to cure, to heal; to move up, to promote; to do over again, to redo"
"肌","はだ, はだえ","skin; body (in the context of intimate bodily contact); surface, grain (e.g. of wood), texture; disposition, temperament, character, type"
"指す","さす","to point; to nominate, to select someone, to specify some person; to identify, to indicate, to point out; to play (a game of shogi), to move (a piece); to extend one's arm straight ahead (in dance)"
"消す","けす","to erase, to rub out, to rub off, to cross out, to delete; to turn off (a light, TV, heater, etc.), to switch off; to extinguish (a fire, candle, etc.), to put out; to remove (a smell, pain, etc.), to eliminate, to get rid of, to relieve (pain, anxiety, etc.), to neutralize (poison); to drown out (a sound), to deaden, to absorb, to muffle; to kill, to murder, to bump off, to rub out"
"何しろ","なにしろ","in any case, at any rate, anyhow, anyway, as you know, for you see, particularly; because, since, for, after all"
"傷","きず, キズ","wound, injury, cut, gash, bruise, scratch, scrape, scar; chip, crack, scratch, nick; flaw, defect, weakness, weak point; stain (on one's reputation), disgrace, dishonor, dishonour; (emotional) hurt, hurt feelings"
"出来","でき","workmanship, craftsmanship, execution, finish; grades, results, score, record; quality (e.g. of a crop); dealings, transactions"
"休む","やすむ","to be absent, to take a day off; to rest, to have a break; to go to bed, to (lie down to) sleep, to turn in, to retire; to stop doing some ongoing activity for a time, to suspend business"
"その上","そのうえ","in addition, furthermore; above (which), on top of (which)"
"微笑む","ほほえむ, ほおえむ","to smile"
"意外","いがい","unexpected, surprising"
"迫る","せまる, せる","to approach, to draw near, to be imminent; to press (someone for something), to urge, to compel"
"揺れる","ゆれる","to shake, to sway, to rock, to swing, to tremble, to jolt, to pitch, to roll, to flicker; to become unstable, to become unsettled, to be shaken, to waver"
"男女","だんじょ, なんにょ","men and women, man and woman, both sexes, both genders"
"黒人","こくじん","black person; woman in the nightlife business, demimondaine, geisha and prostitutes"
"大臣","だいじん","cabinet minister"
"温暖","おんだん","warm, mild, temperate"
"疲れ","つかれ","tiredness, fatigue"
"済ます","すます","to finish, to get it over with, to conclude; to settle, to pay back; to get along (without something), to make do with (without)"
"散髪","さんぱつ","(having a) haircut, hair-cutting, hair-dressing; messy hair, untied hair, unkempt hair"
"全焼","ぜんしょう","total destruction by fire, being burned down"
"痛める","いためる","to hurt, to injure, to cause pain; to harm, to damage, to spoil; to worry, to bother, to be grieved over, to afflict; to cause financial loss, to hurt one's pocket"
"やり繰り","やりくり","making do, getting by (somehow), managing"
"","デモ","demonstration, protest; (giving a) demo, demonstration, presentation"
"","ビザ","visa"
"解決策","かいけつさく","solution, solution strategy"
"摘む","つむ","to pick, to pluck; to snip, to cut, to nip, to trim"
"","おい, オイ","hey!, say!, I say!, come on!, look!, oi!; I, me"
"角","かく","angle; square, cube; bishop; third degree (of the Japanese and Chinese pentatonic scale); Chinese ""horn"" constellation (one of the 28 mansions); jiao (monetary unit of China; one-tenth of a yuan)"
"切れる","きれる","to break, to snap, to be cut, to split, to crack; to be injured; to wear out, to be worn out; to break, to burst, to collapse; to wear off, to stop working, to go dead; to expire (time limit, etc.), to run out, to become due; to run out (of stock, etc.), to be exhausted, to be used up, to be sold out, to be out of; to be broken off (e.g. of a relationship), to break up, to have severed ties, to be cut off, to be disconnected; to cut well, to be sharp; to be sharp-minded, to be keen, to be shrewd, to be quick-witted, to be able; to be short of, to drop under (a certain figure), to beat (e.g. a record time); to dry off; to curve, to veer; to shuffle (cards); to get angry, to snap, to blow one's top, to lose one's temper, to flip; to be able to do completely"
"かも知れません","かもしれません","may, might, perhaps, may be, possibly"
"波","なみ","wave, billow, ripple, breaker, swell; ups and downs; (something) advancing step by step, (something) surging forward inopposably, succession of changes; tendency, (new) wave"
"鬼","おに, き","ogre, demon, oni; spirit of a deceased person; ogre-like person (i.e. fierce, relentless, merciless, etc.); it (in a game of tag, hide-and-seek, etc.); Chinese ""ghost"" constellation (one of the 28 mansions); very, extremely, super-"
"彼処","あそこ, あすこ, かしこ, アソコ, あしこ, あこ","there, over there, that place, yonder, you-know-where; genitals, private parts, nether regions; that far, that much, that point"
"一言","ひとこと, いちげん, いちごん","single word, a few words, brief comment"
"兎も角","ともかく","anyhow, anyway, somehow or other, generally speaking, in any case, be that as it may; apart from ..., setting ... aside"
"即ち","すなわち, つなわち","that is (to say), namely, i.e.; precisely, exactly, just, nothing but, neither more nor less; (and) then"
"","たって","even if, even though; however, no matter how"
"横","よこ, ヨコ","horizontal (as opposed to vertical); side-to-side (as opposed to front-to-back), width, breadth; side (of a box, etc.); beside, aside, next to; unconnected"
"一切","いっさい","all, everything, entirety, the whole; absolutely (not), (not) at all, (none) whatsoever, without exception"
"","それじゃ, それじゃあ, そんじゃ, そいじゃ","well, ..., right, ..., now, ...; so, then; that way (would mean ...), if that is the case, in that case; bye then"
"伺う","うかがう","to call on someone, to call at a place, to pay a visit, to wait on someone; to ask, to inquire; to hear, to be told; to implore (a god for an oracle), to seek direction (from your superior); to speak to (a large crowd at a theatre, etc.)"
"相談","そうだん","consultation, discussion, discussing, asking (someone) for advice"
"","ぼんやり, ボンヤリ","dimly, faintly, indistinctly, vaguely; absentmindedly, vacantly, carelessly; idly, aimlessly; absence of mind, fool, blockhead, dunce"
"精神","せいしん","mind, spirit, soul, heart, ethos; attitude, mentality, will, intention; spirit (of a matter), essence, fundamental significance"
"集める","あつめる","to collect, to assemble, to gather"
"銅貨","どうか","copper coin"
"性格","せいかく","character (of a person), personality, disposition, nature; characteristics, nature (of a thing, event, etc.)"
"距離","きょり","distance, range, interval; difference (e.g. in opinion), gap, distance; metric"
"お金","おかね","money"
"失礼","しつれい, しつらい, しちらい","discourtesy, impoliteness; excuse me, goodbye; to leave; to be rude"
"一体","いったい","(what) the heck, (why) in the world, (who) on earth; one object, one body, unity; one form, one style; one Buddhist image (or carving, etc.); generally, in general"
"過去","かこ","the past, bygone days; one's past (that one would prefer remained secret); past (tense), preterit, preterite; previous life"
"","それより","apart from that, other than that, leaving that aside, more importantly, more ... than that, but, however"
"組","くみ","class (of students); group (of people), party, team, crew; lot, bunch, set; crime family, organized-crime syndicate; set (of items), assortment, deck (of cards), pack; typesetting, composition"
"物語","ものがたり","story, tale, narrative, account, fable, legend"
"穂","ほ","ear (of a cereal plant), head, spike; point (of a brush, spear, etc.), tip, (pointed) head; crest (of a wave); scion (in grafting)"
"立場","たちば","position, situation; viewpoint, standpoint, point of view"
"文字","もじ, もんじ","letter (of an alphabet), character; writing"
"生命","せいめい","life, existence; (one's) working life, career; life force, lifeblood, soul, essence"
"結ぶ","むすぶ","to tie, to bind, to link; to bear (fruit); to close (e.g. deal), to confirm, to conclude; to connect (two distant places); to close tightly, to purse (e.g. lips); to unite (with), to ally, to join hands"
"社会","しゃかい","society, public, community, the world; social studies"
"段","だん","step, stair, rung, (flight of) steps; shelf, layer, tier; grade, level, class; dan (degree of advanced proficiency in martial arts, go, shogi, etc.), rank; paragraph, passage; column (of print); act (in kabuki, joruri, etc.), section, scene; row of the multiplication table (e.g. five times table); stage (in a process), phase, occasion, time, moment, situation; matter, occasion; degree, extent; counter for breaks in written language or speech"
"素晴らしい","すばらしい, すんばらしい","wonderful, splendid, magnificent"
"奪う","うばう","to take (by force), to take away, to snatch, to steal, to rob (someone) of, to dispossess of, to deprive of, to usurp; to absorb (one's attention), to fascinate, to captivate, to charm, to dazzle"
"持ってくる","もってくる","to bring (something), to take along, to fetch, to get"
"騎士","きし","(medieval) knight; samurai on horseback"
"割れる","われる","to break, to be smashed; to split, to crack, to fissure, to be torn; to be divided (opinion, vote, etc.), to split (e.g. of a party); to come to light, to become clear, to be identified, to be revealed; to become distorted (of sound), to clip; to be divisible (without a remainder); to drop below a minimum"
"正しい","ただしい","right, correct; proper, righteous, just, honest, truthful, lawful"
"世間","せけん","world, society, people, the public"
"訪れる","おとずれる","to visit, to call on; to arrive (of a season, situation, etc.), to come, to appear"
"幅","はば","width, breadth; freedom (e.g. of thought), latitude; gap, difference (e.g. in price), range (e.g. of voice)"
"話し合い","はなしあい","discussion, talk, tête-à-tête, conference"
"悪","あく","evil, wickedness; (role of) the villain (in theatre, etc.), the bad guy"
"思い切って","おもいきって","resolutely, boldly, decisively, daringly"
"世","よ","world, society, public; life, lifetime; age, era, period, epoch, generation; reign, rule; the times; world (of existence)"
"魂","たましい, たま","soul, spirit, mind; willpower, vitality; something as important as one's own life, something invaluable; inherent spirit of something, state of mind"
"金庫","きんこ","safe, strongbox, cashbox, vault, strongroom; depository, cash office, treasury, provider of funds"
"鳴らす","ならす","to ring, to sound, to chime, to beat, to snort (nose), to snap (fingers), to crack (joints); to be popular, to be esteemed, to be reputed; to state, to insist, to complain; to fart (loudly)"
"染み","しみ, シミ","stain, spot, smudge, blot, smear, blotch; spot (on one's skin, e.g. chloasma, liver spot), blemish, discoloration, freckle"
"試着","しちゃく","trying on clothes"
"案内","あんない, あない","guidance, leading (the way), showing around; information, notice, notification; announcement (of a visitor's arrival), informing (someone) of a visitor's arrival; invitation; acquaintance, knowledge"
"運命","うんめい, さだめ","fate, destiny, lot"
"其れでは","それでは","well, ..., right, ..., now, ...; so, then; that way (would mean ...), if that is the case, in that case; bye then"
"注意","ちゅうい","attention, notice, heed; care, caution, precaution, looking out (for), watching out (for); advice, warning, caution, reminder; admonishment, reprimand, telling-off"
"三つ","みっつ, みつ","three; three years of age"
"吸う","すう","to smoke, to breathe in, to inhale; to suck, to sip, to slurp; to absorb, to soak up; to kiss"
"型","かた, がた","type, style, model, pattern; mold, mould, model, pattern, template, impression; kata (set sequence of positions and movements in martial arts), style (in kabuki, noh, etc.), form; convention, tradition, (standard) form, formula, usage; (set) size, inches (in sizes of displays, disks, image sensors, etc.); (taxonomical) form"
"閉じる","とじる","to close (e.g. book, eyes, meeting, etc.), to shut"
"半","はん","half, semi-, partial; half-past; odd number; han (unit of land area, approx. 595.8 m^2)"
"一応","いちおう","more or less, though not quite satisfactorily, after a fashion, pretty much, roughly, so far as it goes, technically; tentatively, for the time being; just in case; once"
"鍵","かぎ, カギ","key; lock; key (to a problem, success, etc.), clue"
"選る","よる, える","to choose, to select, to pick out"
"含む","ふくむ, くくむ","to contain, to comprise, to have, to hold, to include, to embrace; to hold in the mouth; to bear in mind, to understand, to harbor (grudge, etc.), to harbour; to express (emotion, etc.), to imply"
"凄い","すごい, スゴイ, スゴい","terrible, dreadful; amazing (e.g. of strength), great (e.g. of skills), wonderful, terrific; to a great extent, vast (in numbers); awfully, very, immensely"
"","とすれば","then, if so, if"
"特別","とくべつ","special, particular, extraordinary, exceptional, especial"
"病気","びょうき, ビョーキ","illness (usu. excluding minor ailments, e.g. common cold), disease, sickness; bad habit, bad behaviour, weakness, failing; crazy, insane, disturbed, sick in the head"
"土","つち, つし","earth, soil, dirt, clay, mud; the earth (historically, esp. as opposed to the heavens), the ground, the land; low-quality torinoko-gami (containing mud); (period of) refraining from construction in the direction of the god of the earth (in Onmyōdō)"
"可笑しい","おかしい, オカシイ","funny, amusing, comical, laughable, ridiculous; strange, odd, funny, peculiar, weird, wrong, unusual, eccentric; wrong, unsuitable, improper, inappropriate, unbecoming; suspicious"
"反対","はんたい","opposition, resistance, antagonism, hostility, objection, dissent; reverse, opposite, inverse, contrary"
"丘","おか","hill, height, knoll, rising ground; bonus points awarded to the winner at the end of a game"
"感覚","かんかく","sense, sensation, feeling, intuition"
"何とも","なんとも","really, very, extremely, terribly, awfully; (not) anything, (not) at all, (not) a bit"
"料理","りょうり","cooking, cookery, cuisine, food, dish; dealing with (skillfully), handling (well), managing"
"受け取る","うけとる","to receive, to get, to accept; to take (someone's words or behaviour), to interpret, to understand"
"友達","ともだち, トモダチ","friend, companion"
"反応","はんのう, はんおう","reaction, response; physical reaction (to a stimulus), observable response (of an organism); reaction, effect, change"
"汗","あせ","sweat, perspiration; moisture, condensation; gulp, oops"
"合わせる","あわせる","to match (rhythm, speed, etc.); to join together, to unite, to combine, to add up; to face, to be opposite (someone); to compare, to check with; to cause to meet (e.g. an unpleasant fate); to place together, to connect, to overlap; to mix, to combine; to put blade to blade, to fight"
"舎","しゃ","hut, house; boarding house, residence hall, dormitory; one day's march (approx. 12.2 km)"
"薬","くすり, クスリ","medicine, pharmaceuticals, (legal) drugs, pill, ointment, salve; efficacious chemical (gunpowder, pesticide, etc.); (pottery) glaze; (illegal) drug, narcotic; small bribe"
"狭い","せまい","narrow, confined, small, cramped; limited, narrow-minded, confining"
"緊張","きんちょう","tension, strain, nervousness, stress; tensions (between countries, groups, etc.); tonus, muscle tone"
"詳しい","くわしい","detailed, full, minute; knowing very well, knowledgeable (about), well-acquainted (with), well-informed (about), familiar (with)"
"溜まる","たまる","to collect, to gather, to save, to accumulate, to pile up"
"苦しい","くるしい","painful, difficult, tough, hard; distressing, (psychologically) difficult, stressful, awkward (e.g. position); straitened (circumstances), tight (financial situation), needy, struggling; strained (interpretation, explanation, etc.), lame (e.g. excuse), forced (e.g. smile), far-fetched; hard to do, unpleasant"
"一同","いちどう","all present, all concerned, all of us"
"緑","みどり","green; greenery, verdure"
"月","つき","Moon; month; moonlight; (a) moon, natural satellite"
"約","やく","approximately, about; promise, appointment, engagement; shortening, reduction, simplification; contraction (in phonetics)"
"一部","いちぶ","one part, one portion, one section; one copy (of a book), (one) complete set (of books)"
"屯","トン","ton (esp. a metric ton, i.e. 1000 kg), tonne"
"歴史","れきし","history"
"確り","しっかり","tightly (holding on), firmly, securely; strongly (built), solidly, sturdily, steadily; properly, well, sufficiently, hard (working, etc.), fully, completely; reliably, dependably, levelheadedly, shrewdly, wisely, cleverly"
"見事","みごと","splendid, magnificent, excellent, fine, superb, beautiful, admirable; utter (esp. defeat), total, complete; something worth seeing, sight, spectacle"
"戻す","もどす","to put back, to return, to give back, to restore (to a previous state, e.g. defrosting, reconstituting, reconciling), to turn back (e.g. clock hand); to vomit, to throw up; to recover (of a market price)"
"睨む","にらむ","to glare at, to scowl at, to glower at; to stare intensely at, to examine carefully; to estimate, to guess, to suspect, to judge; to keep an eye on someone (e.g. a suspicious or untrustworthy person), to watch; to take account of, to take into consideration"
"扱う","あつかう","to deal with (a person), to treat, to handle, to take care of, to entertain; to deal with (a problem), to handle, to manage; to operate (e.g. a machine), to handle, to work; to deal in, to sell; to cover (a topic), to treat, to discuss, to take up; to treat A as B; to mediate (an argument); to be too much for one, to find unmanageable; to gossip"
"十分","じゅうぶん","enough, sufficient, plenty, adequate, satisfactory; sufficiently, fully, thoroughly, well, perfectly; division into ten"
"これ等","これら","these"
"その他","そのほか, そのた","the rest, the others; in addition (to that), besides that, other than that, and other ...; and so forth, and the like, and what have you, et cetera"
"消火","しょうか","extinguishing a fire, fire fighting"
"過ごす","すごす","to spend (time), to pass, to lead (a life), to live; to overdo (esp. alcohol consumption), to drink (alcohol), to carry too far, to carry to excess; to take care of, to support; to overdo, to do too much; to ... without acting on it, to ... without getting involved"
"散る","ちる","to fall (e.g. blossoms, leaves); to scatter, to be dispersed; to disappear, to dissolve, to break up; to spread, to run, to blur; to die a noble death"
"靴","くつ","shoe, shoes, boots, footwear, footgear"
"益々","ますます","increasingly, more and more, decreasingly (when declining), less and less"
"会話","かいわ","conversation, talk, chat"
"研究","けんきゅう","research, study, investigation"
"部下","ぶか","subordinate person"
"天井","てんじょう","ceiling; ceiling price, (price) ceiling"
"成功","せいこう","success, achievement; succeeding (in life), (worldly) success, prosperity"
"常に","つねに","always, constantly"
"剥く","むく","to peel, to skin, to pare, to hull, to strip; to bare (teeth, fangs), to open wide (eyes)"
"党","とう","party (political); person who is fond of, fan of"
"脳","のう","brain; brains, mind"
"根","ね","root (of a plant); root (of a tooth, hair, etc.), center (of a pimple, etc.); root (of all evil, etc.), source, origin, cause, basis; one's true nature; (fishing) reef"
"夜中","よなか","middle of the night, dead of night"
"中古車","ちゅうこしゃ","used car, secondhand car"
"飢え","うえ","hunger, starvation"
"一見","いっけん","look, glimpse, glance; apparently, seemingly, at first glance, on the face of it; first meeting"
"火傷","やけど, ヤケド","burn, scald; getting one's fingers burned (e.g. poor investment, mixing with the wrong people)"
"くっ付く","くっつく","to adhere to, to stick to, to cling to; to keep close to, to go along with; to get involved with, to be thick with, to become intimate"
"","カップ","cup (drinking vessel, measure, brassiere, prize, etc.)"
"私","あたし, あたくし, アタシ","I, me"
"詫び","わび","apology"
"お陰で","おかげで","thanks to ..., owing to ..., because of ..."
"鏡","かがみ","mirror, looking-glass; barrel head; page added at the beginning of a document mentioning its purpose, date, author, etc.; mirror-shaped mochi"
"洗う","あらう","to wash, to cleanse, to rinse; to inquire into, to investigate; to purify (one's heart); to lave (e.g. shore), to wash over (e.g. deck), to sweep"
"中央","ちゅうおう","centre, center, middle, heart; capital, seat of government"
"翌日","よくじつ","next day"
"比べる","くらべる","to compare, to make a comparison (between); to compete (on), to measure (one's strength, ability, etc. against another's)"
"利用","りよう","use, utilization, utilisation, application"
"式","しき","way, style, fashion, method, system, form, type; ceremony, rite, ritual, celebration; wedding (ceremony); equation, formula, expression; enforcement regulations (of the ritsuryō legal codes)"
"鳥","とり, トリ","bird; bird meat (esp. chicken meat), fowl, poultry"
"方向","ほうこう","direction, orientation, bearing, way; course (e.g. of action)"
"到頭","とうとう","finally, at last, in the end, ultimately"
"埋める","うずめる","to cover, to bury (e.g. one's face in hands), to submerge; to fill (completely), to stuff, to pack, to cram, to fill up"
"奮う","ふるう","to muster (e.g. one's courage), to call forth, to rouse up; to be enlivened, to be invigorated"
"獣","けもの, けだもの, じゅう, ケモノ, ケダモノ","beast, brute, animal; animal with human characteristics"
"抑える","おさえる","to keep within limits (e.g. spending), to restrain (e.g. emotions), to control, to curb, to hold in check; to hold back (e.g. an enemy), to check, to curb, to contain, to quell, to subdue, to suppress, to repress"
"其れなら","それなら","if that's the case ..., if so ..., that being the case ..."
"","たった","only, merely, but, no more than"
"悩む","なやむ","to be worried, to be troubled"
"原因","げんいん, げいいん","cause, origin, source"
"表","おもて","surface; face (i.e. the visible side of an object); front (of a building, etc.), obverse side (i.e. ""head"") of a coin; outside, exterior; appearance; public; first half (of an inning), top (of an inning); cover (for tatami mats, etc.); foreground; Omotesenke school of tea ceremony"
"今年","ことし, こんねん","this year"
"他派","たは","the other group"
"違いない","ちがいない","sure, no mistaking it, for certain, without doubt"
"太陽","たいよう","Sun"
"冗談","じょうだん","joke, jest, funny story"
"飛び出す","とびだす","to jump out, to leap out, to fly out, to run out, to rush out, to bolt out; to appear (suddenly), to emerge, to come out; to protrude, to project, to jut out, to stick out; to leave (a company, one's hometown, etc.), to run away (from home), to cut ties with; to start flying"
"準備","じゅんび","preparation, arrangements, getting ready, provision, setup, reserving"
"競る","せる","to compete; to bid; to sell at auction"
"機会","きかい","chance, opportunity, occasion"
"魚","さかな, うお","fish"
"冬","ふゆ","winter"
"幸福","こうふく","happiness, well-being, joy, welfare, blessedness"
"振り向く","ふりむく","to turn one's face, to turn around, to look over one's shoulder"
"踊る","おどる","to dance (orig. a hopping dance); to be manipulated, to dance to someone's tune"
"流す","ながす","to drain, to pour, to run, to let flow, to flush, to shed (blood, tears), to spill; to float (e.g. logs down a river), to set adrift; to wash away, to carry away, to sweep away; to broadcast, to play (e.g. music over a loudspeaker), to send (electricity through a wire); to circulate (a rumour, information, etc.), to spread, to distribute; to cruise (of a taxi), to stroll around (in search of customers, an audience, etc.), to go from place to place; to cancel (a plan, meeting, etc.), to call off, to reject (e.g. a bill); to forfeit (a pawn); to do leisurely (e.g. running, swimming), to do with ease, to do effortlessly; to exile, to banish; to hit (the ball) to the opposite field; to do inattentively, to do without concentrating, to put little effort into doing; to cause a miscarriage, to abort"
"終える","おえる","to finish; to graduate"
"笑み","えみ","smile"
"足す","たす","to add (numbers); to add (something), to top up (with something); to take care of (e.g. one's business)"
"地上","ちじょう","above ground, on the ground, earth's surface; this world, this earth"
"行為","こうい","act, deed, conduct"
"並べる","ならべる","to line up, to set up, to arrange in a line; to enumerate, to itemize; to be equal (to), to compare well (with), to be as good (as)"
"迷う","まよう","to lose one's way, to get lost, to go astray; to waver, to hesitate, to vacillate, to be of two minds (about), to be unable to make up one's mind, to not know what to do, to be at a loss, to be puzzled, to be perplexed; to be captivated (by), to be infatuated (with), to be charmed (by), to be carried away (by), to be blinded (by), to be lost (in), to lose oneself (to); to linger (of a departed soul), to be restless in one's grave, to be unable to rest in peace"
"光景","こうけい","scene, spectacle, sight, view"
"半ば","なかば","middle, halfway, midway; half (of), one half; half (e.g. done, jokingly), partly, in part, partially; mostly, almost, nearly"
"正直","しょうじき","honest, frank, candid, straightforward; honestly, frankly"
"焼く","やく","to burn; to roast, to broil, to grill, to bake, to toast, to barbecue; to heat, to heat up; to make (charcoal, pottery, bricks, etc.), to bake, to fire, to burn; to tan (i.e. suntan), to burn; to print (a photo), to burn (an optical disc); to be jealous of, to be envious of, to envy"
"大隊","だいたい","battalion"
"移動","いどう","movement, transfer, migration, removal, travel; mobile, moving, traveling, travelling, roving"
"脇","わき","armpit, under one's arm, side, flank; beside, close to, near, by; aside, to the side, away, out of the way; off-track, off-topic; deuteragonist, supporting role; second verse (in a linked series of poems)"
"覆う","おおう","to cover, to hide, to conceal, to wrap, to disguise"
"一時","いちじ","one o'clock; once, at one time, formerly, before; for a time, for a while, for the time being, for the moment, temporarily; a time, one time, once"
"全体","ぜんたい","whole, entirety; to begin with, in the first place; ... the heck (e.g. ""what the heck?""), ... in the world (e.g. ""why in the world?""), ... on earth (e.g. ""who on earth?"")"
"納得","なっとく","consent, agreement, acceptance; understanding, satisfaction (e.g. with an explanation), being convinced"
"左手","ひだりて","left hand; left-hand side, left-hand direction, (on) the left"
"何故か","なぜか","somehow, for some reason, without knowing why"
"","アパート","apartment building, apartment block, apartment house; apartment"
"苦しむ","くるしむ","to suffer, to groan, to be worried"
"竜","りゅう, たつ, りょう","dragon (esp. a Chinese dragon); naga, semi-divine human-cobra chimera in Hindu and Buddhist mythology; promoted rook"
"拾う","ひろう","to pick up, to gather; to find (and pick up; something someone has dropped); to select, to choose, to pick out; to get (unexpectedly), to hit upon (luck, an opportunity, etc.), to snatch (an unexpected victory), to pull off; to pick up (someone; in a car, etc.); to flag down (a taxi), to hail; to pick up (a signal, sound, interference, etc.); to (just manage to) return (the ball), to return (a difficult shot); to take on (someone in adverse circumstances), to employ, to give a job, to take in; to walk, to go on foot"
"付いてる","ついてる, ついている, ツイてる","to be lucky, to be in luck; to be attached, to have, to be included, to come with, to contain, to be in a state"
"揺る","ゆる","to shake, to jolt, to rock (cradle), to swing"
"沈む","しずむ","to sink, to go under, to submerge; to go down (e.g. sun), to set, to descend; to feel depressed, to become subdued, to become somber"
"","ティー, ティ","tea"
"に於ける","における","in, at, on, as for, regarding, with regards to"
"着物","きもの","kimono, Japanese traditional clothing (esp. full-length); clothing, clothes"
"端","はし, はじ, はな","end (e.g. of street), tip, point, edge, margin; beginning, start, first; odds and ends, scrap, odd bit, least"
"締め切り","しめきり","deadline, closing, cut-off; closing (a door, window, etc.); cofferdam"
"踊り","おどり","dance"
"徒歩","とほ","walking, going on foot"
"埋める","うめる","to bury (e.g. in the ground); to fill up (e.g. audience fills a hall), to cause to be packed; to plug (a gap), to stop (a gap), to bridge (a difference, a gap), to fill (a seat, a vacant position), to fill out (a form, a sheet); to make up for (a loss, shortage, etc.), to make amends, to compensate for; to put cold water (in a bath); to cover, to scatter something over"
"群れ","むれ","group, crowd, flock, herd, bevy, school, swarm, cluster (e.g. of stars), clump, pack (e.g. of dogs)"
"昇給","しょうきゅう","salary raise"
"励ます","はげます","to encourage, to cheer on, to cheer (someone) up; to raise (one's voice)"
"無駄遣い","むだづかい","waste (of money, time, etc.), squandering, frittering away"
"不器用","ぶきよう","clumsy, awkward, unskillful; incompetent, inept, bungling, (socially) awkward, gawky, gauche"
"","ケース","case (container); case (instance, situation); case"
"","バレーボール","volleyball"
"入会","にゅうかい","admission (to a society, club, etc.), joining, entrance, enrollment, enrolment, becoming a member"
"肘","ひじ, ヒジ","elbow"
"","パイ","pie, tart; palmier (pastry)"
"自殺","じさつ","suicide"
"部隊","ぶたい","force, unit, corps, squad, troops, party"
"経る","へる","to pass, to elapse, to go by; to pass through, to go through; to experience, to go through, to undergo"
"広げる","ひろげる","to spread, to extend, to expand, to enlarge, to widen, to broaden; to unfold, to open, to unroll, to unwrap; to scatter about, to spread around; to make flourish, to cause to prosper"
"事がない","ことがない","(something) has never occurred, to have never done (something), such a thing has not happened; never happens, there is never a time when"
"地球","ちきゅう","Earth, the globe"
"植える","うえる","to plant, to grow, to raise; to insert, to transplant, to implant, to set (type); to inoculate (e.g. an infectious agent); to instill (idea, value, etc.), to inculcate"
"有名","ゆうめい","famous, well-known"
"忙しい","いそがしい","busy, occupied, hectic; restless, hurried, fidgety"
"今朝","けさ, こんちょう","this morning"
"斬る","きる","to kill (a human) using a blade (sword, machete, knife, etc.), to slice (off), to lop (off), to cut (off)"
"作戦","さくせん","tactics, strategy; military operation, naval operation"
"無視","むし","disregarding, ignoring"
"湾","わん","bay, gulf, inlet"
"下ろす","おろす","to take down, to bring down, to lower (a hand, flag, shutter, etc.), to drop (an anchor, curtain, etc.), to let down (hair), to launch (a boat); to drop off (a passenger), to let off, to unload (goods, a truck, etc.), to offload, to discharge; to withdraw (money); to use for the first time, to wear for the first time; to cut off, to fillet (fish), to grate (e.g. radish), to prune (branches); to remove (someone from a position), to oust, to drop; to clear (the table), to remove (offerings from an altar), to pass down (e.g. old clothes), to hand down; to expel from the body (e.g. worms), to abort (a fetus); to invoke (a spirit), to call down"
"真","しん","truth, reality, genuineness; seriousness; truth; printed style writing; star performer"
"お願い","おねがい","request, favour (to ask), wish; please"
"塀","へい","wall; fence"
"真実","しんじつ, しんじち","truth, reality; truly, really; absolute truth"
"蟹","かに, カニ","crab"
"出発","しゅっぱつ","departure, leaving, setting off"
"元々","もともと","originally, from the start, from the beginning, from the outset, by nature; none the worse (for), (coming out) even, in the same position (as before)"
"蛸","たこ, タコ","octopus; fool, idiot"
"従って","したがって","therefore, consequently, accordingly"
"子供たち","こどもたち","children, kids"
"大声","おおごえ, たいせい","loud voice"
"構える","かまえる","to set up (a house, store, etc.), to build, to establish, to run, to maintain; to have at the ready (e.g. a gun), to hold in preparation (e.g. a camera), to prepare in advance (e.g. a meal); to adopt a posture, to assume a stance, to stand ready, to be poised for; to put on an air, to assume an attitude; to stiffen, to tense up, to become formal; to fabricate in order to deceive, to make up, to feign; to plan, to scheme"
"一種","いっしゅ","a kind, a sort, a variety, a species; of sorts, something of a, a sort of; sort of, somewhat"
"退く","しりぞく, しぞく","to step back, to move back, to retreat; to withdraw (from the presence of a superior), to leave, to exit; to resign, to retire, to quit; to concede"
"","そろそろ, ソロソロ","soon, before long, any time now, momentarily; slowly, quietly, steadily, gradually, gingerly; already, about time"
"巴里","パリ","Paris (France)"
"直接","ちょくせつ","direct, immediate, personal, firsthand"
"飾る","かざる","to decorate, to ornament, to adorn; to display, to exhibit, to put on show, to arrange; to mark (e.g. the day with a victory), to adorn (e.g. the front page), to grace (e.g. the cover); to affect (a manner), to keep up (appearances), to embellish, to dress up, to be showy, to be pretentious"
"十一","じゅういち","eleven, 11; jack"
"大","だい","large, big, great, huge, vast, major, important, serious, severe; great, prominent, eminent, distinguished; -sized, as big as, the size of; university; large (e.g. serving size), large option; long month (i.e. having 31 days)"
"真似る","まねる","to mimic, to imitate"
"何時までも","いつまでも","forever, eternally, for good, as long as one likes, indefinitely, endlessly, for a long time"
"込む","こむ","to be crowded, to be packed, to be congested, to be thronged (with); to be complex, to be intricate; to go into, to go in, to put into; to become (completely); to do thoroughly, to do sufficiently; to remain (silent, seated, etc.), to stay ..."
"余り","あまり, あんまり","remainder, remnant, rest, balance, surplus, remains (of a meal), leftovers; (not) very, (not) much; too much, excessively, overly; extreme, great, severe, tremendous, terrible; not very good, so-so, mediocre; more than, over"
"紹介","しょうかい","introduction, presentation, referral, showcase (of a product)"
"線","せん","line, stripe, stria; line (e.g. telephone line), wire; ray (e.g. X-ray), beam; line (e.g. of a railroad), track, route, lane; outline, contours, form; level; division; line (of action), position, approach, policy, principle; impression one leaves, air one gives off"
"偶然","ぐうぜん","coincidence, chance, accident, fortuity; by chance, unexpectedly, accidentally; contingency"
"相当","そうとう","corresponding to (in meaning, function, etc.), being equivalent to; appropriate, suitable, befitting, proportionate; to be proportionate to, to be in keeping with, to be deserving of, to be worthy of; considerable, substantial; considerably, rather, quite, fairly, pretty"
"真っ直ぐ","まっすぐ","straight (ahead), direct, upright, erect; straightforward, honest, frank"
"今回","こんかい","this time, now"
"無事","ぶじ","safety, security, peace, quiet; safely, without incident, successfully; good health; inaction, ennui"
"魔法","まほう","magic, witchcraft, sorcery, spell"
"草","くさ","grass, weed, herb, thatch; ninja; marijuana, cannabis; not genuine, substandard; LOL, haha"
"願","がん","prayer, wish, vow"
"外れる","はずれる","to be disconnected, to get out of place, to be off, to be out (e.g. of gear); to miss the mark, to get it wrong (e.g. guess, expectation), to draw a blank (e.g. lottery); to be removed, to be excluded; to be contrary to, to go against"
"飽きる","あきる","to get tired of, to tire of, to lose interest in, to grow weary of, to get fed up with, to get sick of, to become bored with; to become sated, to become satiated, to have one's fill"
"付き合う","つきあう","to associate with, to keep company with, to go out with, to go steady with, to get on with; to go along with, to follow someone's lead, to accompany someone, to compromise"
"二人とも","ふたりとも","both (people), the two of them"
"市","いち","market, fair"
"珈琲","コーヒー","coffee"
"文句","もんく","complaint, grumbling, objection; phrase, words, expression"
"嗅ぐ","かぐ","to sniff, to smell"
"無駄","むだ, ムダ","futility, waste, uselessness, pointlessness, idleness"
"結構","けっこう","splendid, nice, wonderful, delightful, lovely, excellent, fine; sufficient, satisfactory, enough, fine, all right, OK; not needing (any more of something), (already) having enough, fine (as in ""I'm fine""), no, thank you; rather, quite, fairly, pretty, surprisingly, quite a bit, fairly well; structure, construction, framework, architecture"
"早速","さっそく","at once, immediately, without delay, promptly"
"秋","あき","autumn, fall"
"大した","たいした","considerable, great, important, significant, a big deal"
"現場","げんば, げんじょう","actual spot, scene (of a crime, accident, etc.); (on) site, (on) the ground, (in) the field, job site; filming location, (movie) set"
"摘む","つまむ","to pinch, to hold (between one's fingers), to pick up (with chopsticks, tweezers, etc.); to pick up and eat, to snack on; to pick out (the main point), to summarize, to sum up; to bewitch, to possess, to fascinate"
"態々","わざわざ","expressly, especially, specially, taking the trouble (to do), going to the trouble of (doing), going out of one's way (to do); intentionally, deliberately, on purpose"
"男性","だんせい","man, male; masculine gender"
"重要","じゅうよう","important, essential, significant, major, key, principal"
"屋根","やね","roof"
"討つ","うつ","to attack, to destroy, to defeat, to conquer, to avenge"
"我慢","がまん, ガマン","endurance, patience, perseverance, bearing (with something); self-control, self-restraint"
"王子","おうじ","prince; subordinate Kumano shrine"
"片手","かたて","one hand"
"","ほっと, ホッと, ホっと","with a feeling of relief, with a sigh of relief; deeply (sigh)"
"肉体","にくたい","the body, the flesh, the outer man, one's physique"
"銀","ぎん","silver (Ag); silver (color); silver (medal, prize, etc.); silver coin; silver general; bank; money"
"幸せ","しあわせ, しやわせ","happiness, good fortune, luck, blessing"
"居る","おる","to be (animate), to be, to exist; to be ...-ing; to (have the audacity to) do"
"巻く","まく","to wind, to coil, to roll, to wear (e.g. turban, scarf); to envelope, to shroud; to outflank, to skirt; to link (verse); to move ahead (three hours, etc.), to move up"
"入り口","いりぐち, いりくち, はいりぐち, はいりくち","entrance, entry, gate, approach, mouth"
"","たり, だり","-ing and -ing (e.g. ""coming and going""); doing such things as...; expresses a command; to be; indicates completion or continuation of an action"
"取りあえず","とりあえず","first of all, at once, right away; for now, for the time being, tentatively; anyway, at least"
"争い","あらそい","fight, dispute, feud, conflict, struggle, strife, discord, argument, quarrel, controversy; competition, contest, rivalry"
"天","てん","sky; heaven; God; svarga (heaven-like realm visited as a stage of death and rebirth); deva (divine being of Buddhism); top (of a book); sole (of a Japanese sandal); beginning, start; tempura; India"
"除いて","のぞいて","except, save"
"賃上げ","ちんあげ","wage increase, pay rise"
"共に","ともに","together, jointly; at the same time, with, as ..., including, along with; both"
"添付","てんぷ","attaching (documents, etc.), appending, affixing"
"照らす","てらす","to shine on, to illuminate; to compare (with), to refer to"
"人","じん","-ian (e.g. Italian), -ite (e.g. Tokyoite); -er (e.g. performer, etc.), person working with ...; man, person, people"
"共","とも","together with; same; both, all, neither, none; including ..."
"両","りょう","both (hands, parents, sides, etc.); counter for carriages (e.g. in a train), counter for vehicles; ryō, tael, traditional unit of weight (for gold, silver and drugs), 4-5 monme, 15-19 g; ryō, pre-Meiji unit of currency, orig. the value of one ryō of gold; ryō, traditional measure of fabric, 2 tan; ryō, tael, unit of weight under the ritsuryō system, 1/16 kin, 42-43 g; counter for suits of clothing, sets of armor, etc."
"驚くほど","おどろくほど","to a surprising degree, to a remarkable extent, surprisingly, astonishingly, amazingly, alarmingly"
"無くてはいけません","なくてはいけません","cannot do without something, indispensable, absolutely necessary; have to do"
"","ランプ","lamp, light"
"","であります","be, is"
"恋人","こいびと","lover, sweetheart, boyfriend, girlfriend"
"一時間","いちじかん","one hour"
"一端","いったん","one end, an end; part, fragment"
"","マンション","condominium (usu. mid or high-rise), apartment building, apartment house, block of flats, apartment, flat"
"不幸","ふこう","unhappiness, sorrow, misfortune, disaster, accident; death (usu. of a relative), bereavement"
"濡れる","ぬれる","to get wet"
"把","わ, ば, ぱ","counter for bundles"
"その内","そのうち","before very long, soon, someday, one of these days, sooner or later; of the previously mentioned, of that number, among them, among others"
"幾つか","いくつか","(a) few, some, several"
"祈る","いのる","to pray, to say a prayer, to say grace; to wish, to hope"
"抑","そもそも","in the first place, to begin with, from the start, originally, ab initio; after all, anyway, actually, well, ..., ... on earth (e.g. ""what on earth?""), ... in the world (e.g. ""why in the world?""); beginning, start"
"武器","ぶき","weapon, arms, ordnance; weapon (something used to gain an advantage), asset"
"表現","ひょうげん","expression, representation, description; representation (of a group)"
"可愛い","かわいい, カワイイ, カワイい, かわいーい, かわーい, かわえー","cute, adorable, charming, lovely, pretty; dear, precious, darling, pet; innocent, childlike, childish, lovable; dainty, little, tiny"
"正確","せいかく","accurate, correct, precise, exact"
"発する","はっする","to let out, to utter, to produce, to emit, to give forth, to discharge; to issue, to send, to give; to leave, to depart; to occur, to appear; to shoot (an arrow or bullet), to fire"
"本人","ほんにん","the person in question, the person themselves, said person"
"本気","ほんき","seriousness, earnestness, truth, sanctity"
"","ママ","mom, mommy, mum, mummy, mother, mama, mamma; female proprietress (of a bar, etc.)"
"悲しい","かなしい","sad, miserable, unhappy, sorrowful; sad, lamentable, deplorable, grievous"
"失敗","しっぱい","failure, mistake, blunder"
"春","はる","spring, springtime; New Year; prime (of life), height (of one's prosperity), heyday; adolescence, puberty; sexuality, sexual desire"
"仕方がない","しかたがない","there's no (other) way; cannot be helped, unavoidable, inevitable, (there's) nothing one can do, having no choice; it's no use (doing), pointless, useless, no good, insufficient, not enough; hopeless (person), annoying, troublesome, awful; cannot stand it, unbearable, cannot help (doing, feeling), dying (to do)"
"煙い","けむい, けぶい","smoky"
"記す","しるす, きす","to write down, to note down, to jot down, to take a note of; to mention, to describe, to give an account of; to inscribe, to mark, to brand; to remember, to engrave (in one's mind)"
"折角","せっかく","with trouble, at great pains; rare, valuable, precious, long-awaited; kind, generous; specially, especially, expressly"
"苦笑","くしょう","bitter smile, wry smile, strained laugh, sarcastic laugh"
"戦闘","せんとう","battle, fight, combat"
"旅行","りょこう","travel, trip, journey, excursion, tour"
"溢れる","あふれる","to overflow, to brim over, to flood"
"興奮","こうふん, コーフン","excitement, stimulation, agitation, arousal"
"枝","えだ","branch, bough, limb, twig, sprig, spray"
"教授","きょうじゅ","professor; teaching, instruction"
"努力","どりょく","effort, exertion, endeavour, endeavor, hard work, striving"
"お茶","おちゃ","tea (esp. green or barley); tea break (at work); tea ceremony"
"そう言えば","そういえば","now that you mention it, come to think of it, that reminds me, on that subject, speaking of which"
"誰にも","だれにも","to anyone, to everyone; by anyone, by everyone; in everyone, in anyone"
"希望","きぼう","hope, wish, aspiration; (bright) prospects, expectation"
"作業","さぎょう","work, operation, task"
"池","いけ","pond"
"転がる","ころがる","to roll, to tumble; to fall over, to roll over; to lie down; to be scattered about, to be lying around; (of a situation or outcome) to change, to turn out; to come easily, to be common, to fall into one's hands, to grow on trees"
"","どうせ","anyhow, in any case, at any rate, after all, at all, no matter what; at best, at most"
"目立つ","めだつ","to be conspicuous, to stand out"
"語句","ごく","words and phrases, words"
"す可き","すべき","should do, ought to do"
"棚","たな","shelf, ledge, rack; trellis"
"覚悟","かくご","readiness, (mental) preparedness; resolution, determination; resignation (to one's fate)"
"動物","どうぶつ","animal"
"雰囲気","ふんいき, ふいんき","atmosphere, mood, ambience, ambiance, aura, feel; a certain air, presence, special aura, something (about someone); (Earth's) atmosphere"
"乃至","ないし","from ... to, between ... and; or"
"左派","さは","left wing"
"具合","ぐあい, ぐわい","condition, state; health, state (of health); way, manner; circumstance, luck; face, dignity, decency, propriety"
"重ねる","かさねる","to pile up, to heap up, to stack up, to put on top of another; to repeat many times over, to go through repeatedly, to accumulate"
"","ベル","bell"
"途端","とたん","just (now, at the moment, etc.), just as, in the act of, as soon as, at the moment that"
"支える","ささえる","to support, to prop, to sustain, to underlay, to hold up, to defend; to hold at bay, to stem, to check"
"","とすると","then, if so, if"
"区内","くない","in a ward, within the ward; within the zone, within the district"
"馬車","ばしゃ, うまぐるま","coach (horse-drawn), carriage, wagon, cart"
"両親","りょうしん, ふたおや","parents, both parents"
"世の中","よのなか","society, the world, the times"
"探る","さぐる","to feel around for, to fumble for, to grope for, to search for, to look for; to investigate, to probe into, to spy on, to sound out; to explore (parts unknown), to enjoy (natural beauty)"
"","おや","oh!, oh?, my!"
"破損","はそん","damage, breakage"
"何れ","いずれ, いづれ","which, where, who; all, both; anyway, anyhow, at any rate, in any case; sooner or later, one of these days, someday, before long, in due course, eventually"
"兵士","へいし","soldier"
"旗","はた","flag; pataka (banner); banner (administrative division of Inner Mongolia)"
"蔵","くら","warehouse, storehouse, cellar, magazine, granary, godown, depository, treasury, elevator"
"側","そば, そく, はた","near, close, beside, vicinity, proximity, besides, while; third person"
"音楽","おんがく","music"
"貫","かん","kan (obs. unit of weight, approx. 3.75 kg, 8.3 lb); kan (obs. unit of currency, equiv. to 1000 mon in the Edo period; col. 10 mon in the Meiji period); counter for pieces of sushi; 10 points; 12 points"
"歪む","ゆがむ, いがむ","to warp, to bend, to contort; to be perverted, to be warped (of a view, mind, etc.), to be distorted, to be cross-grained"
"疑問","ぎもん","doubt, question, suspicion, dubiousness"
"漂う","ただよう","to drift, to float; to waft (e.g. a scent), to hang in the air; to be in the air (e.g. a feeling or mood); to wander, to walk around aimlessly; to be unsteady, to be unstable; to falter, to flinch, to wince; to live in unreliable circumstances"
"藩","はん","han (estate of a daimyo in the Edo and early Meiji periods), feudal domain, fief, province"
"捜査","そうさ","search (esp. in criminal investigations), investigation, inquiry, enquiry"
"有る","ある","to be, to exist, to live; to have; to be located; to be equipped with; to happen, to come about; to exist (in a completed state), to be (something unchanged in its current state)"
"段々","だんだん","gradually, by degrees, little by little, more and more, increasingly; steps, stairs, staircase, terrace"
"時期","じき","time, season, period, phase, stage"
"ヶ月","かげつ","counter for months"
"仏蘭西","フランス","France"
"仕方ない","しかたない","there's no (other) way; cannot be helped, unavoidable, inevitable, (there's) nothing one can do, having no choice; it's no use (doing), pointless, useless, no good, insufficient, not enough; hopeless (person), annoying, troublesome, awful; cannot stand it, unbearable, cannot help (doing, feeling), dying (to do)"
"越える","こえる","to cross over, to cross, to pass through, to pass over (out of), to go beyond, to go past; to exceed, to surpass, to be more (than)"
"否","いな","no, nay; disagreement, objection, disapproval"
"勢い","いきおい, いきよい","force, vigor, vigour, energy, spirit, life; influence, authority, power, might; impetus, momentum, course (of events); naturally, necessarily"
"","にて","at, in; at, when; by, with; and then, so"
"訳じゃない","わけじゃない","it does not mean that ..., I don't mean that ..., it is not the case that"
"夕方","ゆうがた","early evening (usu. from 3pm to 6pm), dusk"
"殺人","さつじん","murder, homicide, manslaughter"
"二度","にど","two times, twice; two degrees"
"怒鳴る","どなる","to shout (in anger), to yell"
"昼","ひる","noon, midday; daytime; lunch"
"喜んで","よろこんで","with pleasure, gladly, willingly, certainly"
"宇宙","うちゅう","universe, cosmos, space"
"狂う","くるう","to go mad, to lose one's mind, to go crazy, to go insane; to get out of order, to go amiss, to malfunction, to become imprecise; to go wrong (of a plan or expectation, etc.), to fall through, to get mixed up; to go crazy (over someone or something), to get enthusiastic, to go wild"
"千","せん, ち","thousand, 1,000"
"囲む","かこむ, かごむ","to surround, to encircle, to enclose, to fence, to wall in; to besiege, to lay siege to; to play (go, shogi, etc.)"
"邪魔","じゃま","hindrance, obstacle, nuisance, disturbance, interruption, interference; to visit (someone's home); demon who hinders Buddhist training, demon who obstructs sentient beings from maintaining moral behaviour"
"居らっしゃる","いらっしゃる","to come, to go, to be (somewhere); to be (doing)"
"柱","はしら","pillar, post; support, prop, mainstay; counter for buddhas, gods, nobles, etc."
"一定","いってい","to fix, to settle, to standardize, to regularize; constant, definite, uniform, defined, certain, prescribed"
"試み","こころみ","attempt, trial, experiment; endeavour (endeavor), effort, venture, initiative"
"末","すえ","end, tip, top; end (of the year, month, etc.), close; youngest child; descendants, offspring, posterity; future; (finally) after, (at last) after, at the end of; trifles, trivialities; degenerate age"
"幼児","ようじ","young child, toddler; child over 1 but not yet of school age"
"読み","よみ","reading; reading (of a kanji, esp. kun reading); reading (e.g. of a situation), insight, judgment, interpretation, prediction, calculation"
"祈り","いのり","prayer, supplication"
"切らす","きらす","to run out of, to be short of, to be out of stock; to be out of (e.g. breath), to lose (one's patience, concentration, etc.)"
"泰","タイ, たい","Thailand"
"編み物","あみもの","knitting, knitted material, crochet"
"終電","しゅうでん","last train (of the day)"
"目下","もっか","at present, now"
"仄めかす","ほのめかす","to hint at, to intimate, to suggest, to allude to, to imply"
"今週末","こんしゅうまつ","this weekend"
"少しも","すこしも","(not) at all, (not) a bit, (not) in the least, (not) in the slightest"
"発","はつ","departure, departing from ..., leaving at (e.g. 8:30); sent from ..., (a letter, etc.) dated ..., datelined ...; counter for engines (on an aircraft); counter for gunshots, bursts of gas, etc., counter for bullets, bombs, etc., counter for blows (punches), counter for jokes, puns, etc., counter for ideas, thoughts or guesses; counter for ejaculations or sexual intercourse"
"人形","にんぎょう","doll, puppet, marionette; puppet (person under the control of another), straw man, yes-man"
"訳","わけ, ワケ","reason, cause, grounds; meaning, sense; (good) sense, reason; circumstances, case; (romantic) relationship, love affair"
"歌う","うたう","to sing; to sing of (love, beauty, etc.) in a poem, to express in the form of a poem, to recite (a poem)"
"達する","たっする","to reach, to get to, to arrive at"
"勉強","べんきょう","study; diligence, working hard; experience, lesson (for the future); discount, price reduction"
"尽くす","つくす","to use up, to exhaust, to run out of; to devote oneself (to), to do one's utmost (for), to serve, to work (for a cause); to do to exhaustion, to do completely, to do fully"
"時計","とけい","clock, watch, timepiece"
"卿","きょう","Lord, Sir; state minister (under the ritsuryō system)"
"割る","わる","to divide; to cut, to halve, to separate, to split, to rip; to break, to crack, to smash; to dilute; to fall below; to discount; to step over (a line, etc.)"
"京都","きょうと","Kyoto (city, prefecture)"
"負かす","まかす","to defeat"
"弱い","よわい","weak, frail, delicate, tender, unskilled, weak (wine)"
"足音","あしおと, きょうおん","sound of footsteps; sense or sign that something is approaching"
"隅","すみ, すま","corner, nook, recess; downstage right (on a noh stage)"
"","バー","bar, tavern, barroom, pub; bar (establishment, counter, etc. where food and drinks are sold); bar (in the high jump or pole vault), crossbar (in soccer, rugby, etc.), (ballet) barre"
"同氏","どうし","the said person, he, she; same surname"
"婦人","ふじん","woman, lady, adult female"
"手伝う","てつだう","to help, to assist, to aid; to contribute to, to be a factor in"
"甘い","あまい","sweet-tasting, sweet, sugary, sugared; fragrant (smelling), sweet (music); lightly salted, light in salt, not spicy; naive, overly optimistic, soft on, generous, indulgent, easy-going, lenient; half-hearted, not finished properly; insufficient, not satisfactory, inadequate, loose; mild; tempting, enticing, luring"
"一行","いちぎょう","(one) line, (one) row"
"明治","めいじ","Meiji era (1868.9.8-1912.7.30)"
"棒","ぼう","pole, rod, stick, baton; line, dash; spoken monotonously"
"皆さん","みなさん","all, everyone, everybody"
"作家","さっか","author, writer, novelist, artist"
"潜む","ひそむ","to lurk, to be hidden, to be concealed, to lie dormant, to be latent"
"小屋","こや, しょうおく","hut, cabin, shed, (animal) pen; small theatre (theater), temporary playhouse, circus tent, booth; one's own house"
"念","ねん","sense, idea, thought, feeling; desire, concern; attention, care"
"方がいい","ほうがいい, ほうがよい","had better ...; had better not ..."
"２日","ふつか","2nd day of the month; two days"
"盗む","ぬすむ","to steal; to plagiarize, to steal (a technique, idea, etc.), to watch and learn; to do stealthily; to do during scant time; to steal a base"
"雑誌","ざっし","magazine, journal, periodical"
"葉","は","leaf, blade (of grass), (pine) needle"
"畳","じょう","tatami mat (esp. as a measure of room size, either 1.82 sqm or 1.54 sqm)"
"砂","すな, いさご","sand, grit"
"年間","ねんかん","(period of) a year; during the era (of)"
"有無","うむ, ゆうむ","existence or nonexistence, presence or absence; consent or refusal, yes or no"
"皮","かわ","skin, hide, pelt, fur; rind, peel, husk, bark; shell, sheath, wrapping; mask (hiding one's true nature), seeming"
"稍","やや","a little, partially, somewhat, slightly, semi-, -ish, on the ... side, a short time, a while"
"果てる","はてる","to end, to be finished, to be exhausted; to die, to perish; to do utterly, to do completely"
"林","はやし","wood, woods, forest, grove, copse, thicket; bunch (of something), cluster, line, collection"
"事態","じたい","situation, (present) state of affairs, circumstances"
"宛","ずつ, づつ","apiece, each; at a time, piecemeal"
"医師","いし","doctor, physician"
"味方","みかた","friend, ally, supporter; taking sides (with), supporting, standing by, backing up"
"但し","ただし","but, however, provided that"
"唸る","うなる","to groan, to moan; to roar, to howl, to growl; to hum (engine, wind, etc.), to buzz, to whiz, to sough, to make a low, dull sound; to ooh and aah (in admiration); to sing in a strong, low voice (esp. traditional chant or recitation); to be about to burst, to overflow"
"心臓","しんぞう","heart; guts, nerve, cheek, gall, spine; heart (of something), central part"
"思想","しそう","thought, idea, ideology"
"断る","ことわる","to refuse, to reject, to dismiss, to turn down, to decline; to inform, to give notice, to ask in advance (and get approval), to get permission; to ask leave, to excuse oneself (from)"
"","ハット","hat"
"","にかけて","till, to, over (a period), through (e.g. Monday through Thursday), about (approx. time or place), on; concerning (an area of expertise); swearing by (one's sword, God, etc.)"
"調査","ちょうさ","investigation, examination, inquiry, enquiry, survey"
"絡む","からむ","to twine, to get tangled, to get entangled, to get caught (in); to be involved (e.g. of money in a matter), to get involved (in), to be a factor (in), to have an influence; to pick a quarrel (with), to find fault (with), to pester, to hassle"
"吐く","つく","to breathe out, to breathe; to tell (a lie), to use (foul language); to vomit, to throw up, to spit up"
"北","きた","north; the North, northern territories; North Korea; north wind"
"手に入れる","てにいれる","to obtain, to get, to procure, to win, to secure"
"荷物","にもつ","luggage, baggage, package; burden; payload (of a packet, cell, etc.)"
"皿","さら","plate, dish, platter, disc; serving, helping, course; kanji radical 108 (at the bottom)"
"中心","ちゅうしん","center, centre, middle, heart, core, focus, pivot, emphasis, balance; -centered, -centred, -focused, -oriented, centered on, focused on"
"御免","ごめん, ゴメン","I'm sorry, my apologies, excuse me, pardon me; may I come in?; permission, leave, license; dismissal, discharge; not wanting, objecting to, being fed up with, wishing to avoid"
"米","こめ, コメ","(husked grains of) rice; staple (product, etc.), necessity; (online) comment"
"嬉しい","うれしい","happy, glad, pleased, delighted, overjoyed; joyful, delightful, gratifying, pleasant"
"無言","むごん","silence (not speaking), muteness"
"異常","いじょう","abnormal, unusual, extraordinary, remarkable, uncommon"
