"責任","せきにん","duty, responsibility (incl. supervision of staff); liability, onus"
"苦労","くろう","trouble, hardship, difficulty, labour, labor, toil, pains; anxiety, worry, concern, cares"
"一歩","いっぽ","(a) step, one step; level, stage, step; small degree, small amount"
"品","しな","article, item, thing, goods, stock; quality; flirtatiousness, coquetry"
"殴る","なぐる","to strike, to hit, to beat, to punch"
"勤める","つとめる","to work (for), to be employed (at), to serve (in); to serve (as), to act (as), to fill (the position of), to play the role (of); to conduct a religious service"
"女中","じょちゅう","maidservant, housemaid, maid; hostess (in a ryokan), waitress (in a traditional restaurant); court lady; lady"
"悟る","さとる","to perceive, to sense, to become aware, to notice, to detect, to discern; to understand, to comprehend, to realize; to attain enlightenment"
"回","かい","counter for occurrences; a time, an instance; inning (baseball), round, game; episode, chapter, instalment; Hui (people); Islam"
"伝わる","つたわる","to spread (of a rumour, news, etc.), to travel, to circulate, to go around, to be passed around, to become known; to be handed down (from generation to generation), to be passed down; to be introduced (to a country, region, etc.), to be brought, to come; to be conveyed (of a feeling, impression, etc.), to be felt, to come across; to travel (of sound, electricity, etc.), to propagate, to be conducted, to be transmitted; to go along, to move along"
"私用","しよう","personal use, private use; private business, personal business"
"内部","ないぶ","interior, inside, internal"
"感謝","かんしゃ","thanks, gratitude, appreciation, thankfulness"
"話しかける","はなしかける","to address (someone), to accost a person, to talk (to someone); to begin to talk, to start a conversation"
"意志","いし","will, volition, intention, intent, determination"
"彼方此方","あちこち, あちらこちら, あっちこっち, アチコチ","here and there, various places, all around, all over, everywhere, throughout; muddled, confused, in the wrong order, back to front"
"不可能","ふかのう","impossible"
"出来事","できごと","occurrence, happening, incident, event"
"到着","とうちゃく","arrival"
"台所","だいどころ, だいどこ","kitchen; financial situation, finances"
"親しい","したしい","close (e.g. friend), familiar, friendly, intimate; familiar (e.g. story), well-known (to one); close (relatives), closely related"
"普段","ふだん","usual, normal, everyday, habitual, ordinary; usually, normally, generally, habitually, always"
"総意","そうい","consensus, collective will, collective opinion"
"予想","よそう","expectation, anticipation, prediction, forecast, conjecture"
"教会","きょうかい","church, congregation"
"傷つく","きずつく","to be wounded, to get injured; to get hurt feelings; to get damaged, to get chipped, to get scratched"
"誠に","まことに, しんに","indeed, really, absolutely, truly, actually, very, quite"
"止まる","とまる","to stop (moving), to come to a stop; to stop (doing, working, being supplied), to come to a halt, to cease, to be stopped, to be suspended; to alight, to perch on"
"撫でる","なでる","to stroke, to caress, to brush gently, to pat, to rub; to comb (hair), to smooth down"
"要求","ようきゅう","demand, firm request, requisition, requirement, desire"
"顔色","かおいろ, がんしょく","complexion, one's colour, one's color; countenance, expression, one's face"
"恥ずかしい","はずかしい","embarrassing, embarrassed, ashamed, humiliated, shy; disgraceful, shameful"
"","バス","bus"
"印象","いんしょう","impression"
"有難い","ありがたい","grateful, thankful, welcome, appreciated, evoking gratitude"
"大抵","たいてい","mostly, ordinarily, usually, generally; probably; most, almost all; ordinary; proper, appropriate, moderate"
"年齢","ねんれい","age, years"
"教室","きょうしつ","classroom, lecture room; department (in a university); class, lessons, course; school (for a particular discipline), teaching establishment"
"","グラス","glass (drinking vessel); glass (material); glasses (eyewear)"
"予定","よてい","plans, arrangement, schedule, program, programme, expectation, estimate"
"悪魔","あくま","devil, demon, fiend; Satan, the Devil; Māra, evil spirits or forces that hinder one's path to enlightenment"
"如何に","いかに","how, in what way; how (much), to what extent; however (much), no matter how; hey, oi"
"寄せる","よせる","to come near, to let someone approach; to bring near, to bring together, to collect, to gather; to deliver (opinion, news, etc.), to send (e.g. a letter), to contribute, to donate; to let someone drop by; to add (numbers); to have feelings for (love, goodwill, trust, etc.); to rely upon for a time, to depend on; to use as a pretext; to put aside; to press, to push, to force; to include, to welcome (in a group), to let in"
"核兵器","かくへいき","nuclear weapon"
"関税","かんぜい","customs (duties), duty, tariff"
"声明","せいめい","declaration, statement, proclamation"
"民主党","みんしゅとう","Democratic Party; Democratic Party of Japan (1998-2016), DPJ; Constitutional Democratic Party of Japan"
"名簿","めいぼ","register of names, list of names, roll, register, roster"
"競馬","けいば","horse racing"
"下","もと","under (guidance, supervision, rules, the law, etc.); under (a flag, the sun, etc.), beneath; with (e.g. one blow), on (the promise, condition, assumption, etc. that ...), in (e.g. the name of ...); (someone's) side, (someone's) location"
"苦しみ","くるしみ","pain, anguish, distress, suffering, hardship"
"擁護","ようご","protection, defence, support, safeguarding, championship, vindication"
"続き","つづき","continuation, rest (of the story, work, etc.), next installment, sequel; flow (e.g. of a piece of writing), pacing (of a story); succession (of), sequence, series, spell, stretch, streak, run"
"頼み","たのみ","request, favor, favour; reliance, dependence, trust, hope"
"豚","ぶた, ブタ","pig (Sus scrofa domesticus); pork; fatso, fatty"
"航空便","こうくうびん","airmail, air mail; air service, air transport (of goods)"
"決まり","きまり","rule, regulation; settlement, conclusion, end, agreement, arrangement; habit, custom, habitual way; countenance in front of another person, face; love relationship between a customer and a prostitute"
"包み","つつみ","bundle, package, parcel; counter for wrapped objects"
"雨降り","あめふり","rainfall, rainy weather, rain; rainy, wet"
"ご遠慮ください","ごえんりょください","please refrain (from)"
"運転免許","うんてんめんきょ","driver's license, driver's licence, driving licence"
"掻く","かく","to scratch; to perspire; to shovel, to paddle"
"日本経済","にほんけいざい","Japanese economy"
"","チェックアウト","checking out (of a hotel), check-out"
"ＴＶゲーム","テレビゲーム, テレビ・ゲーム","video game (played on a home console)"
"","なり","or something, for instance ... (though there are other suitable options); ... or ...; as soon as, right after; while still, with previous state still in effect"
"伯爵","はくしゃく","count, earl"
"穏やか","おだやか","calm, quiet, gentle, peaceful, mild; moderate, reasonable, amicable"
"民","たみ","people, citizens, subjects, folk"
"５月","ごがつ","May; fifth month of the lunar calendar"
"舞台","ぶたい","stage (of a theatre, concert hall, etc.), (stage) performance; setting (of a story), scene; sphere (of activity), stage (e.g. political stage), scene, arena, world"
"多少","たしょう","a little, some, somewhat, slightly, to some degree, to some extent; amount, quantity, number"
"杉","すぎ, スギ","Japanese cedar (Cryptomeria japonica)"
"貴族","きぞく","nobility, aristocracy, peerage"
"","となると","when it comes to ..., where ... is concerned; if it's the case that ..., if it turns out that ..., if it's true that ..., in that case"
"悲しむ","かなしむ","to be sad, to mourn for, to regret"
"安い","やすい","cheap, inexpensive; calm, peaceful, quiet"
"派","は","group, faction, clique, coterie; (political) faction, wing, camp; school (of thought, painting, etc.); sect, denomination"
"可能","かのう","possible, potential, practicable, feasible"
"帽子","ぼうし","hat, cap"
"目の前","めのまえ","before one's eyes, in front of one, under one's nose; immediate, imminent, around the corner"
"嫌う","きらう","to hate, to dislike, to loathe"
"記録","きろく","record, document, minutes, recording, putting on record, keeping a record (of), writing down; record (e.g. in sports), setting (a record), recording (a record high, etc.)"
"駄目","だめ, ダメ, だーめ","no good, not serving its purpose, useless, broken; hopeless, wasted, in vain, purposeless; cannot, must not, not allowed; neutral point, intersection owned by neither player at the end of a game; no!, stop!"
"気に入る","きにいる","to like, to be pleased with, to be delighted with, to take a liking to, to suit one's fancy"
"慣れる","なれる","to get used to, to grow accustomed to, to become familiar with; to become skilled in, to become experienced at; to become tame, to become domesticated; to get used to doing"
"間もなく","まもなく","soon, shortly, before long, in a short time, in a little while; having no time to ..., with no time to ..."
"崩れる","くずれる","to collapse, to crumble; to get out of shape, to lose one's shape, to become disorganized, to become untidy; to break down, to be thrown into disarray; to crash (stock market), to slump, to decline; to break money into small change; to turn bad (e.g. weather), to change for the worse, to deteriorate"
"捲る","まくる","to turn up, to roll up (e.g. sleeves); to do over and over again, to do relentlessly, to do with reckless abandon, to do continuously; to stage a comeback (against) (in mahjong, horse racing, etc.), to come from behind"
"どの様","どのよう","what sort, what kind"
"英吉利","イギリス","United Kingdom, UK, Britain, Great Britain; England"
"頁","ページ","page; nth page, page ..."
"蛇","へび, じゃ, くちなわ, へみ, ヘビ","snake; serpent, large snake"
"下す","くだす","to make a decision, to draw a conclusion; to give a judgement, to hand down a verdict, to pass a sentence, to give an order; to let go down, to lower; to do oneself, to do by oneself; to beat, to defeat; to have loose bowels, to have diarrhea; to pass (in stool), to discharge from the body; to do in one go, to do to the end without stopping"
"商売","しょうばい","trade, business, commerce; occupation, calling, profession, job"
"今や","いまや","now (esp. in contrast to the past), now at last, at present, right now"
"余裕","よゆう","surplus, margin, leeway, room, space, time, allowance, flexibility, scope; composure, placidity, complacency, calm"
"３月","さんがつ","March; third month of the lunar calendar"
"条件","じょうけん","condition, term, requirement, qualification, prerequisite"
"映る","うつる","to be reflected, to harmonize with (harmonise), to come out (photo), to be projected, to be displayed (on a screen)"
"余りに","あまりに, あんまりに","too (much), overly, excessively"
"独逸","ドイツ","Germany"
"銀行","ぎんこう","bank, banking institution"
"にも関わらず","にもかかわらず","in spite of, despite, although; nonetheless, nevertheless, but, (and) yet"
"余計","よけい","extra, more, too much, too many, excessive, superfluous, spare, surplus; unnecessary, needless, uncalled-for, unwanted, uninvited; all the more, even more"
"届ける","とどける","to deliver, to forward, to send; to report, to notify, to file notice (to the authorities), to give notice, to register"
"政府","せいふ","government, administration, ministry"
"手前","てまえ","before oneself, in front of one, nearby; a bit before reaching (a location), this side (of a location); one's standpoint, one's appearance, face, honour; skill, dexterity, artistry, ingenuity; tea-ceremony procedures; I, me; you"
"存じる","ぞんじる","to know, to be aware (of), to be acquainted (with); to think, to consider, to believe, to feel"
"泥","どろ","mud, (wet) dirt; thief; Android (mobile operating system)"
"","ルー, ルウ","roux; (Japanese) curry sauce"
"何方","どちら, どっち","which way, which direction, where; which one (esp. of two alternatives); who"
"知識","ちしき","knowledge, information"
"大いに","おおいに","very, very much, greatly, considerably, highly, exceedingly, a great deal, a lot, to one's heart's content"
"姿勢","しせい","posture, pose, position, stance, carriage (of the body); attitude, approach, stance"
"申","さる","the Monkey (ninth sign of the Chinese zodiac); hour of the Monkey (around 4pm, 3-5pm, or 4-6pm); west-southwest; 7th month of the lunar calendar"
"絶対","ぜったい","absolutely, definitely, unconditionally; absolute, unconditional, unmistakable; absoluteness"
"撃つ","うつ","to shoot (a gun, person, etc.), to fire"
"略","ほぼ","almost, roughly, approximately, about, around"
"布","ぬの, ふ","cloth, fabric, material, textile; bujian (spade-shaped bronze coin of ancient China)"
"機械","きかい","machine, mechanism; instrument, appliance, apparatus"
"鳴門","なると","strait with a roaring tidal ebb and flow, whirlpool, maelstrom; kamaboko with a spiral whirlpool-like pattern; cooking technique where ingredients are cut in a spiral pattern; Naruto (city in Tokushima); Naruto Strait; Naruto wakame"
"に依ると","によると","according to (someone)"
"所謂","いわゆる","what is called, what you call, what they call, so-called"
"見送る","みおくる","to see (someone) off, to escort; to watch (someone or something) go out of sight, to follow with one's eyes, to gaze after; to let (a bus, pitch, etc.) go by, to let pass, to pass up (an opportunity); to postpone, to put off, to shelve, to leave (as it is); to take care of (someone) until death, to attend (someone's) funeral, to bury; to hold off (buying or selling), to wait and see"
"見かける","みかける","to (happen to) see, to notice, to catch sight of"
"確信","かくしん","conviction, belief, confidence"
"井戸","いど","water well"
"否定","ひてい","denial, negation, repudiation, disavowal; negation; NOT operation"
"","ビール","beer"
"兄弟","きょうだい, けいてい","siblings, brothers and sisters; brothers; siblings-in-law, brothers-in-law, sisters-in-law; mate, friend"
"","タクシー, タクシ, タキシ, タキシー, タクシィ, タクシイ, タキシイ","taxi"
"一々","いちいち","one-by-one, separately; every single, each and every, without omission, fully, in detail"
"患者","かんじゃ","patient"
"６０","ろくじゅう, むそ","sixty, 60"
"下がる","さがる","to come down, to go down, to fall, to drop, to sink, to get lower; to hang, to dangle; to move back, to step back, to withdraw, to retire; to deteriorate, to fall off, to be downgraded; to get closer to the present day; below, south of"
"何やら","なにやら","something, some kind of; for some reason"
"中国","ちゅうごく, ちゅうこく","China; Chūgoku region (western part of Honshu comprising the prefectures of Okayama, Hiroshima, Yamaguchi, Tottori and Shimane); central part of a country, main region; province of the second lowest rank (ritsuryō system)"
"電車","でんしゃ","train, electric train"
"一生","いっしょう","whole life, a lifetime, all through life, one existence, a generation, an age, the whole world, the era; (the only, the greatest, etc.) of one's life"
"幸い","さいわい","happiness, blessedness, luck, fortune, felicity; luckily, fortunately"
"園","えん","garden, orchard, park, plantation; kindergarten, nursery school, preschool"
"放つ","はなつ","to fire (gun, arrow, questions, etc.), to shoot, to hit (e.g. baseball), to break wind; to set free, to release, to let loose; to emit (e.g. light), to give off (e.g. a scent); to send out (a person to carry out a duty); to set fire to"
"癖に","くせに, クセに","and yet, though, when, in spite of"
"説","せつ","theory, doctrine; opinion, view; rumour, rumor, gossip, hearsay"
"些か","いささか","a little, a bit, somewhat, slightly, rather"
"組織","そしき, そしょく","organization, organisation, formation; structure, construction, setup, constitution; system (e.g. railroad, transport, party, etc.); tissue; texture (of a rock); weave (of a fabric)"
"唯一","ゆいいつ, ゆいつ, ゆういつ","only, sole, unique"
"対する","たいする","to face (each other), to be facing; to be directed toward (the future, etc.), to be in response to, to be related to; to receive (a client, etc.); to compare with, to contrast with, to be in opposition with, to be opposed to; to confront, to oppose, to compete with"
"雷","かみなり, いかずち, らい, いかづち","lightning, thunder, thunderbolt; god of thunder, god of lightning; anger, fit of anger"
"牛","うし, ぎゅう, ウシ","cattle (Bos taurus), cow, bull, ox, calf; beef; Chinese ""Ox"" constellation (one of the 28 mansions)"
"出会い","であい","meeting, rendezvous, encounter; meeting for the first time, coming across; confluence"
"得","とく","profit, advantage, benefit, gain; rebirth in paradise, entering nirvana"
"高","たか, だか","quantity, amount, volume, number, amount of money"
"待ち","まち","waiting, waiting time; wait tile, tile which would complete one's hand"
"愛着","あいちゃく","attachment (esp. to things), love, affection, fondness"
"乗務員","じょうむいん","transport staff (driver, conductor, etc.), crew member, crewman"
"難局","なんきょく","difficult situation"
"締め出す","しめだす","to shut out, to bar, to lock out, to exclude"
"重病","じゅうびょう","serious illness"
"目覚まし時計","めざましどけい","alarm clock"
"見晴らし","みはらし","(scenic) view, prospect, outlook; viewing platform, overlook"
"","ガソリンスタンド, ガソリン・スタンド","gas station, petrol station, filling station"
"揺りかご","ゆりかご","cradle"
"","ブラシ, ブラッシュ","brush"
"株式市場","かぶしきしじょう","stock market"
"日本料理","にほんりょうり","Japanese cooking, Japanese cuisine"
"","トラベラーズチェック, トラベラーチェック, トラベラーズ・チェック, トラベラー・チェック","traveller's cheque, traveler's check"
"被災者","ひさいしゃ","person affected by a disaster, afflicted person, victim, sufferer, survivor"
"我","われ, わ, あれ, あ, わぬ, わろ","I, me; oneself; you; prefix indicating familiarity or contempt"
"主張","しゅちょう","claim, insistence, assertion, advocacy, emphasis, contention, opinion, tenet"
"経つ","たつ","to pass (of time), to elapse"
"警官","けいかん","police officer, policeman, constable"
"信用","しんよう","confidence, trust, faith, reputation; credit"
"全","ぜん","all, whole, entire, complete, total, pan-; complete (set), in total"
"怪我","けが, ケガ","injury, wound; mistake, accident, loss"
"差し出す","さしだす","to hold out, to extend (e.g. a hand); to present, to submit, to tender; to sacrifice, to give (up); to send, to forward"
"発表","はっぴょう","announcement, publication, presenting, statement, communique, making known, breaking (news story), expressing (one's opinion), releasing, unveiling"
"味わう","あじわう","to taste, to savor, to savour, to relish; to appreciate, to enjoy, to relish, to digest; to experience, to go through, to taste (e.g. victory), to know (e.g. pain)"
"何時でも","いつでも, なんどきでも","always, all the time, at all times; (at) any time, whenever (you like)"
"頷く","うなずく, うなづく","to nod, to bow one's head in assent, to agree"
"時刻","じこく","time, (the) hour; favourable time, opportunity, chance"
"午前","ごぜん","morning, a.m."
"飛び込む","とびこむ","to jump in, to leap in, to plunge into, to dive; to burst in, to barge in"
"男の子","おとこのこ","boy, son, baby boy; young man"
"近所","きんじょ","neighbourhood, neighborhood, vicinity"
"州","しゅう","state (of the US, Australia, India, Germany, etc.), province (e.g. of Canada), county (e.g. of the UK), region (e.g. of Italy), canton, oblast; continent; province (of Japan); province (of ancient China), prefecture, department; dear"
"余程","よほど","very, greatly, much, to a large extent, quite; just about to, almost, very nearly"
"素直","すなお","obedient, meek, docile, unaffected; honest, frank, upfront (about one's feelings); straight (e.g. hair); without peculiarity, without mannerisms, standard, neat (e.g. handwriting)"
"留守","るす","absence, being away from home; house-sitting, house-sitter; being left unattended to (of one's studies, etc.), neglecting"
"中でも","なかでも","among (other things), especially, particularly, inter alia, above all (else)"
"忍ぶ","しのぶ","to conceal oneself, to hide; to endure, to bear, to stand, to put up with"
"相変わらず","あいかわらず","as usual, as always, as before, as ever, still"
"知り合う","しりあう","to get to know each other, to make acquaintance"
"訴える","うったえる","to raise, to bring to (someone's attention); to appeal to (reason, emotions, etc.), to work on (one's emotions), to play on (one's sympathies); to complain; to sue (a person), to take someone to court; to resort to (e.g. arms, violence)"
"亡くなる","なくなる","to die, to pass away"
"道路","どうろ","road, highway"
"各々","おのおの","each; you (plural)"
"厘","りん, り","one-hundredth, 0.3 mm (one-hundredth of a sun), 0.1 percent (one-hundredth of a wari), 0.0375 grams (one-hundredth of a monme); rin (monetary unit; 0.001 yen)"
"呼吸","こきゅう","breathing, respiration; knack, trick, secret (of doing something); harmony, balance, synchronization, accord; short interval, short pause"
"申し上げる","もうしあげる","to say, to tell, to state, to express, to offer, to extend (greetings, congratulations, etc.); to do"
"文化","ぶんか","culture, civilization, civilisation; Bunka era (1804.2.11-1818.4.22)"
"居間","いま","living room (Western style), sitting room"
"密か","ひそか","secret, private, surreptitious"
"態と","わざと","on purpose, deliberately, intentionally"
"とんでも無い","とんでもない","unthinkable, unexpected, absurd, outrageous, preposterous, terrible; absolutely not!, far from it!, impossible!, preposterous!, what a thing to say!, no way!; (it was) no bother at all, not at all, don't mention it"
"未来","みらい","(distant) future; future existence, world beyond the grave, the world to come; future (tense)"
"通す","とおす","to stick through, to force through; to spread throughout, to thoroughly diffuse; to make a path between two points; to proceed in a logical manner; to let pass, to allow through; to lead (someone) into (a house, room, etc.), to show in; to go through (a middleman); to (look, listen) through (a window, wall, etc.); to pass (a law, applicant, etc.); to force to accept, to force agreement; to continue (in a state), to persist in; to do to the entirety of, to cover all of, to span the whole ...; to do from beginning to end without a break; to convey (one's ideas, etc.) to the other party; to do to the end, to carry through, to complete"
"兄さん","にいさん, あにさん","older brother, elder brother; brother (as older-brother figure in friendly and or work relationship); young man, buddy, fella, laddie"
"離す","はなす","to separate, to part, to divide, to keep apart"
"集","しゅう","collection, compilation"
"蓋","ふた, フタ","cover, lid, cap"
"十七","じゅうなな, じゅうしち","seventeen, 17"
"本物","ほんもの, ホンモノ","genuine article, real thing, real deal"
"揃う","そろう","to be complete, to be all present, to make a full set, to be satisfied (of conditions); to be equal, to be uniform, to be even, to match, to agree; to gather, to assemble, to be collected"
"","どうしたの","what's the matter?, what's wrong?; what happened (to) ...?, what have you done (with) ...?, where is ...?"
"陽子","ようし","proton"
"一週間","いっしゅうかん","one week"
"事故","じこ, ことゆえ","accident, incident, trouble; circumstances, reasons"
"途端に","とたんに","just as, right after, in the act of, as soon as, at that moment"
"事務所","じむしょ","office"
"大勢","おおぜい, たいぜい","crowd of people, great number of people; in great numbers"
"気をつける","きをつける","to be careful, to pay attention, to take care"
"破壊","はかい","destruction, disruption; (application) crash"
"矢","や, さ","arrow; wedge, chock"
"柳","やなぎ, ようりゅう, ヤナギ","willow (any tree of genus Salix); weeping willow (Salix babylonica)"
"平気","へいき","cool, calm, composed, unconcerned, nonchalant, unmoved, indifferent; all right, fine, OK, okay"
"宜しい","よろしい","good, OK, all right, fine, very well, will do, may, can"
"眉","まゆ, まみえ","eyebrow, eyebrows"
"八つ","やっつ, やつ","eight; eight years of age; two o'clock (old time system)"
"","どんどん, ドンドン","drumming (noise), beating, pounding, banging, booming, stamping; rapidly, quickly, steadily; continuously, one after the other, in succession"
"裂く","さく","to tear, to rip up; to cut up, to cleave, to cut open (esp. the abdomen); to forcibly separate (e.g. two lovers); to spare (time, money, etc.), to use part of something; to have a tattoo in the corner of one's eye"
"都市","とし","town, city, municipal, urban"
"戦地","せんち","front (in battle)"
"積む","つむ","to pile up, to stack; to load (car, ship, etc.), to pack; to acquire, to accumulate"
"捉える","とらえる","to catch, to capture, to seize, to arrest, to grab, to catch hold of; to grasp (e.g. meaning), to perceive, to capture (e.g. features); to captivate, to move (one's heart)"
"面倒","めんどう","trouble, bother; trouble, difficulty; care, attention"
"塚","つか","mound, heap, hillock; burial mound, tomb, tumulus, barrow, gravesite; standing stone, stone signpost, roadside stone statue"
"部長","ぶちょう","head (chief, director) of a section or department; head of a (school) club, head of a (school) team"
"浴びる","あびる","to dash over oneself (e.g. water), to take (e.g. shower), to bask in (e.g. the sun), to bathe in, to be flooded with (e.g. light), to be covered in; to suffer (e.g. an attack), to draw (e.g. criticism, attention, praise), to have heaped upon, to be showered with"
"第","だい","prefix for forming ordinal numbers"
"２００","にひゃく","200, two hundred"
"増える","ふえる","to increase, to multiply"
"見張る","みはる","to stand watch, to stand guard, to look out; to open (one's eyes) wide"
"我ら","われら","we, us; I, me; you"
"嫌い","きらい","disliked, hated, disagreeable; tendency, smack (of), touch (of); distinction, discrimination"
"噛む","かむ","to bite; to chew, to gnaw, to masticate; to fumble one's words (esp. during a play, broadcast, etc.), to falter with one's words, to stutter, to stammer; to crash against (e.g. of waves), to break onto (shore); to engage (of cogs, zippers, etc.), to mesh, to fit together; to be involved in; to convince, to persuade"
"高校","こうこう","senior high school, high school"
"詩","し","poem, poetry, verse; Chinese poem"
"無効","むこう","invalid, void, ineffective, unavailable"
"硬い","かたい","hard, solid, tough; stiff, tight, wooden, unpolished (e.g. writing); strong, firm (not viscous or easily moved); safe, steady, honest, steadfast; obstinate, stubborn; bookish, formal, stuffy"
"８月","はちがつ","August; eighth month of the lunar calendar"
"工場","こうじょう, こうば","factory, plant, mill, workshop"
"度に","たびに, たんびに","each time, every time, whenever (something happens), on the occasion of"
"真剣","しんけん","serious, earnest; real sword (as opposed to a wooden practice weapon)"
"抵抗","ていこう","resistance, opposition, standing up to; reluctance, repulsion, repugnance; resistance, drag, friction; electrical resistance; resistor"
"","なければならない, なければなりません, なければいけない, なければいけません, ねばならぬ, ねばならない, ねばなりません, なければならぬ, なけばならない","have to do, must, should, ought to"
"技術","ぎじゅつ","technology, engineering; technique, skill; art, craft"
"虫","むし","insect, bug, cricket, moth; worm, roundworm; thing inside one's body believed to influence one's thoughts and feelings, (one's) unconscious; nervousness, fretfulness; person devoted to one thing, single-minded person; valve core; mushi (type of game played with a stripped deck)"
"突っ込む","つっこむ, ツッコむ","to thrust (something) into (something), to cram, to stuff, to shove; to plunge into, to charge into, to rush into, to ram into, to crash into; to delve into (a matter), to go into depth, to get to the heart (of something); to press (someone) about, to point out (e.g. an inconsistency), to question sharply, to grill; to get involved with, to meddle in, to poke one's nose into; to riposte, to retort, to quip"
"破る","やぶる","to tear, to rip, to break, to destroy; to break through (cordon, opponent's defense, etc.), to breach; to defeat, to beat; to break (e.g. silence), to disturb (e.g. peace), to shatter (e.g. dream), to disrupt, to spoil; to violate (e.g. rule), to break (e.g. promise), to infringe; to break (a record)"
"捕まえる","つかまえる","to catch, to capture, to arrest, to seize, to restrain; to grab, to clutch, to grasp, to seize, to hold on to; to catch hold of (someone), to stop (e.g. a stranger in the street), to hail (a taxi, waiter, etc.), to hold (someone) back, to detain; towards (someone), at (someone), in (someone's) face"
"便","びん","flight (e.g. airline flight), trip (e.g. train trip), service; mail, post, letter; opportunity, chance"
"被害者","ひがいしゃ","victim, injured party, sufferer"
"頼る","たよる","to rely on, to depend on, to count on, to turn to (for help)"
"格好","かっこう, かっこ, カッコ","shape, form, figure, posture, pose; appearance, style; state, situation; suitable, fit, reasonable; about"
"","タイプ","type, kind, sort, style; type (of person), (ideal) type, one's type; typewriter; typing (on a typewriter)"
"決心","けっしん","determination, resolution"
"派手","はで","showy, loud, flashy, gaudy"
"美人","びじん","beautiful woman, (a) beauty"
"爆発","ばくはつ","explosion, detonation, blast, blowing up, eruption; outburst (of emotion), explosion (e.g. of anger), eruption (e.g. of discontent)"
"","そっくり","all, altogether, entirely, completely; exactly alike (e.g. in appearance), spitting image of, identical, strikingly similar"
"滑る","すべる","to slide, to glide, to skate, to ski; to slip, to skid; to be slippery; to fail (an examination); to lose (a position), to be demoted; to bomb (when telling a joke), to fall flat"
"英語","えいご","English (language)"
"教師","きょうし","teacher, instructor"
"人影","ひとかげ, じんえい","figure of a person, figures of people; shadow of a person"
"新た","あらた","new, fresh, novel"
"逃れる","のがれる","to escape"
"","きちんと","properly, accurately, exactly, precisely, regularly; neatly, tidily, orderly"
"三度","さんど","three times, thrice; third (interval)"
"二度と","にどと","never again"
"其方","そちら, そっち, そなた, そち","that way, that direction; there; that (one); you, your family, your company; that person"
"従う","したがう","to obey (an order, law, etc.), to abide by (a rule, custom, etc.), to follow, to observe, to conform to, to yield to; to follow (a person), to accompany, to go with; to go alongside (e.g. a river), to follow (e.g. a sign); to serve (as), to engage in (work)"
"亭主","ていしゅ","household head, master, host (e.g. of a tea gathering), innkeeper, owner (e.g. of a hotel); husband"
"金利","きんり","interest rate, interest"
"段階","だんかい","stage, step, phase; level, rank, grade, gradation; order; stairs"
"騒ぎ","さわぎ","uproar, disturbance"
"孫","まご","grandchild"
"集まり","あつまり","gathering, meeting, assembly, collection, attendance"
"名所","めいしょ","famous place, noted place, place of (scenic or historical) interest, sights (to see)"
"出","で","coming out, going out, outflow, efflux, rising (of the Sun or the Moon); attending (work), appearing (on stage), one's turn to go on; start, beginning; origins, background, person (or item) originating from ..., graduate of ..., native of ..., member of ... (lineage); architectural member that projects outward; highest point of the stern of a ship; amount (comprising something), amount of time or effort required to do something"
"不作","ふさく","poor crop, bad harvest, crop failure; low quality (e.g. of literary works)"
"年中","ねんじゅう, ねんちゅう, ねんぢゅう","whole year, all year round, throughout the year; always, all the time, perpetually; during an era; second-year kindergarten student"
"見積もり","みつもり","estimate, estimation, valuation, quotation"
"外れ","はずれ, ハズレ","end, verge, extremity, tip, outskirts; miss, failure, blank (e.g. lottery ticket)"
"泊まり","とまり","(overnight) stay, lodging; inn, hotel; night duty; anchorage, harbor, port"
"許し","ゆるし","pardon, forgiveness, exemption, permission"
"手当たり次第","てあたりしだい","using anything one can lay one's hands on, haphazardly, on the rebound, at random, indiscriminately"
"","アレルギー","allergy; aversion (to), strong distaste (for)"
"","センチ","centimeter, centimetre; centi-, 10^-2; sentimental"
"","タンカー","tanker"
"決勝戦","けっしょうせん","championship game, finals (of a tournament), deciding round"
"妬む","ねたむ","to be jealous of, to envy, to begrudge"
"発展途上国","はってんとじょうこく","developing country"
"一人旅","ひとりたび","travelling alone, solitary journey"
"済まない","すまない","inexcusable, unjustifiable, unpardonable; sorry, remorseful, apologetic, conscience-stricken, contrite; excuse me, (I'm) sorry, thank you"
"全体的","ぜんたいてき","overall, general, as a whole"
"","ライター","writer"
"後から","あとから","after, later"
"牛津","オックスフォード, オクスフォード","Oxford"
"怪しい","あやしい","suspicious, dubious, questionable, dodgy, shady, fishy; doubtful, unsure, uncertain, unlikely, implausible; untrustworthy, unreliable, clumsy, awkward, shaky, poor; strange, weird, eerie, spooky, uncanny; ominous (e.g. weather), threatening, dangerous (e.g. financial situation), uncertain; suspicious (of a potential amorous relation); mysterious, bewitching, alluring, enticing, enchanting"
"生じる","しょうじる","to produce, to yield, to cause; to result from, to arise, to be generated"
"仰る","おっしゃる","to say, to speak, to tell; to be called"
"女王","じょおう, じょうおう, にょおう","queen; female champion"
"術","じゅつ","art, technique, skill; means, way; stratagem, artifice, trick, trap; magic, sorcery"
"海軍","かいぐん","navy, naval force"
"若しも","もしも","if, in case, supposing"
"一緒","いっしょ","(doing) together; one lump, one mixture, the same category; the same, identical; (at) the same time"
"話題","わだい","topic, subject; much talked about, topical, in the news, hot"
"確実","かくじつ","certain, sure, definite, reliable, sound, solid, safe, secure"
"駆ける","かける","to run, to dash, to race; to gallop (on horseback), to canter; to advance (against one's enemy), to charge (on horseback)"
"彼ら","かれら","they, them"
"香る","かおる","to smell sweet, to be fragrant"
"脛","すね, はぎ","shin, shank, lower leg"
"支配","しはい","rule, domination, control; direction, management, guidance; control (of one's destiny, public opinion, etc.), governing, influence, sway; government"
"翼","つばさ, よく","wing; Chinese ""Wings"" constellation (one of the 28 mansions); counter for birds or bird wings"
"艦","かん","warship"
"安全","あんぜん, あんせん","safety, security"
"暖かい","あたたかい, あったかい, あったけー","warm, mild, (pleasantly) hot; considerate, kind, genial; warm (of a colour), mellow; having enough money"
"協力","きょうりょく","cooperation, collaboration, help, support"
"塗る","ぬる","to paint, to plaster, to lacquer, to varnish, to spread, to smear, to put up (wallpaper)"
"感心","かんしん","admiration, being impressed; admirable, praiseworthy; astonishment, being appalled"
"助かる","たすかる","to be saved, to be rescued, to survive; to escape harm, to be spared damage; to be helped, to be saved trouble"
"曲","きょく","composition, piece of music, song, track (on a record); tune, melody, air; enjoyment, fun, interest, pleasure"
"悲鳴","ひめい","shriek, scream"
"要するに","ようするに","in short, in a word, to sum up, to put it simply, to make a long story short, after all"
"船","ふね","ship, boat, watercraft, vessel, seaplane; tank, tub, vat, trough; counter for boat-shaped containers (e.g. of sashimi)"
"親父","おやじ, オヤジ","one's father, one's old man, dad, pops; middle-aged (or older) man, old man, geezer; one's boss; proprietor (of a restaurant, store, etc.), landlord; grizzly bear"
"勧める","すすめる","to recommend (someone to do), to advise, to encourage, to urge; to recommend (a book, someone for a position, etc.), to suggest; to offer (a drink, cigarette, seat, etc.)"
"本来","ほんらい","originally, primarily; essentially, intrinsically, naturally, by nature, in (and of) itself; proper, rightful, legal, normal"
"世紀","せいき","century; era; of the century (e.g. fight of the century)"
"呪う","のろう","to curse, to put a curse on, to detest intensely"
"指示","しじ, しし","indication, denotation, designation; instructions, directions"
"解決","かいけつ","settlement, solution, resolution"
"影響","えいきょう","influence, effect, impact"
"逃げ出す","にげだす","to run away, to flee, to make off, to take to one's heels, to escape; to start to run away"
"手段","しゅだん","means, way, measure"
"画家","がか","painter, artist"
"釣る","つる","to fish, to angle, to catch; to lure in, to tempt, to attract, to entice, to allure"
"４月","しがつ","April; fourth month in the lunar calendar"
"９月","くがつ","September; ninth month of the lunar calendar"
"地下","ちか","underground, below the ground; world of the dead, the grave; underground (activities, movement, etc.), secret, illegal, in hiding"
"思考","しこう","thought, consideration, thinking"
"","なりに","in one's own way or style"
"察する","さっする","to guess, to sense, to presume, to judge; to sympathize with, to sympathise with"
"出来るだけ","できるだけ","as much as one can, as much as possible, if at all possible"
"言わば","いわば","so to speak, so to call it, as it were"
"この間","このあいだ, このかん","the other day, lately, recently, during this period; meanwhile, in the meantime"
"次第","しだい","depending on; as soon as, immediately after, upon; as (e.g. ""as one is told"", ""as one wishes""), whatever (e.g. ""whatever is at hand""); order, program, programme, precedence; circumstances, course of events, state of things; reason"
"互いに","たがいに","mutually, with each other, reciprocally, together"
"お話","おはなし","story, tale; talk, discussion"
"最高","さいこう, サイコー","best, supreme, wonderful, finest; highest, maximum, most, uppermost, supreme"
"色んな","いろんな","various, a variety of, all sorts of, many (different)"
"思いつく","おもいつく","to think of, to hit upon, to come into one's mind, to be struck with an idea; to remember, to recall"
"育つ","そだつ","to be raised (e.g. child), to be brought up, to grow (up)"
"差","さ","difference, variation; difference"
"家庭","かてい","home, household, family, hearth"
"系","けい","system, lineage, group; corollary; system (range of strata that correspond to a particular time period); (taxonomical) series"
"夢中","むちゅう","absorbed in, immersed in, crazy about, obsessed with, devoted to; forgetting oneself, daze, trance, ecstasy, delirium; within a dream, while dreaming"
"芝居","しばい","play, drama"
"備える","そなえる","to furnish with, to equip with, to provide, to install; to prepare for, to make preparations for, to make provision for; to possess (all that is needed), to be endowed with, to be equipped with; to be born with, to have since birth"
"混乱","こんらん","disorder, chaos, confusion, mayhem"
"灰色","はいいろ, かいしょく","grey, gray, ashen"
"階","かい","storey, story, floor; stairs; stage (in chronostratigraphy); counter for storeys and floors of a building"
"誠","まこと","truth, reality, fact; sincerity, honesty, faithfulness, good faith; indeed, really, absolutely, truly, actually, very, quite"
"３時","さんじ","3 o'clock; afternoon snack (eaten around 3 o'clock); three ages of Buddhism (following the death of Gautama Buddha; age of the true law, age of the copied law, and age of the degeneration of the law), three ages of the dharma"
"運転手","うんてんしゅ","driver, chauffeur"
"活動","かつどう","activity (of a person, organization, animal, volcano, etc.), action, operation; moving picture"
"次","つぎ","next, following, subsequent; stage, station"
"始末","しまつ","management, dealing with, settlement, cleaning up, disposal; course of events, circumstances, particulars; end result (usu. bad), outcome; economizing, economising, frugality, being thrifty"
"乾く","かわく","to get dry"
"神様","かみさま","God, god, deity, divinity, spirit, kami; ace, king, superior person, god (amongst men)"
"やり方","やりかた","way (of doing), manner, method, means"
"触る","さわる","to touch, to feel; to get involved (with), to approach; to be harmful to, to hinder, to interfere with, to irritate"
"地獄","じごく","hell realm, Naraka; Hell; hell, misery, nightmare, inferno; place where a volcano or hot springs constantly spew smoke or steam"
"繰る","くる","to reel, to wind, to spin (thread); to turn (pages), to flip through (a book), to leaf through (a book), to consult (a dictionary), to refer to (an encyclopedia); to count (e.g. the days); to open one-by-one, to close one-by-one (e.g. shutters)"
"謝る","あやまる","to apologize, to apologise; to refuse, to decline; to be unable to bear, to be defeated (by), to be at a loss"
"","カメラ, キャメラ","camera"
"記事","きじ","article, news story, report, account"
"仕掛ける","しかける","to start, to begin, to commence; to challenge, to pick (a fight), to make (war), to draw (a reaction) from; to set (traps), to plant (explosives), to lay (mines); to make a meld call"
"一斉に","いっせいに","simultaneously, all at once, in unison"
"試合","しあい","match, game, bout, contest"
"手のひら","てのひら, たなごころ, しょう","palm (of the hand)"
"受話器","じゅわき","(telephone) receiver"
"弗","ドル","dollar; money, cash"
"親分","おやぶん","boss, leader, kingpin, chief, head (e.g. of a crime syndicate)"
"招く","まねく","to invite, to ask; to beckon, to wave someone in, to gesture to; to call in, to send for, to summon; to bring on oneself, to cause, to incur, to lead to, to result in"
"残念","ざんねん","regrettable, unfortunate, disappointing, vexing"
"文章","ぶんしょう, もんじょう, もんぞう","writing, composition, essay, article, passage, prose, (writing) style; sentence"
"","パパ","dad, daddy, papa; sugar daddy"
"勝る","まさる","to excel, to surpass, to exceed, to have an edge, to be superior, to outrival; to outweigh, to preponderate"
"明かり","あかり","light, glow, gleam; (a) light, lights, lamp; proof (of innocence)"
"次いで","ついで","next, secondly, subsequently"
"侍","さむらい","warrior (esp. of military retainers of daimyos in the Edo period), samurai; person with a strong backbone, person that does incredible things, person of considerable talent"
"加わる","くわわる","to be added to, to be appended; to join in (e.g. a group of friends), to participate; to increase (e.g. heat), to gain in (e.g. influence), to grow, to gather (speed); to be applied (e.g. heat, pressure), to be exerted"
"著","ちょ","(written) work, book; (written) by; clearness, obviousness, conspicuousness"
"武士","ぶし, さむらい","samurai, warrior"
"列車","れっしゃ","train, railway train"
"崖","がけ","cliff, precipice; precipice, brink of a dangerous situation"
"","マスター, マスタ","to master (a skill); proprietor, manager, owner, barkeeper; leader, chief, head; master (of arts, science, etc.); master (recording); master (device); master (data)"
"染みる","しみる","to pierce, to penetrate, to soak in, to permeate; to sting (wound or sensitive area, etc.), to smart, to twinge; to be infected (with vice), to be steeped (with prejudice), to be influenced; to feel keenly, to make a deep impression"
"観察","かんさつ","observation, survey, watching"
"皇帝","こうてい","emperor"
"餓死","がし, がしん","(death from) starvation, starving to death"
"効果","こうか","effect, effectiveness, efficacy, result; effects (e.g. sound effects, visual effects, special effects)"
"紺","こん","navy blue, deep blue"
"寂しい","さびしい, さみしい","lonely, lonesome, solitary, desolate"
"氷","こおり","ice; shaved ice (usually served with flavored simple syrup)"
"単に","たんに","simply, merely, only, solely"
"逮捕","たいほ","arrest, apprehension, capture"
"回す","まわす","to turn, to rotate, to spin, to twist, to gyrate; to pass around, to send around, to hand around, to circulate; to move (someone or something to where its needed), to send, to bring, to transfer, to forward, to direct, to submit; to turn (to a new use), to use (for something else); to turn on (something that turns or has a rotating part, e.g. a washing machine), to start up (e.g. an engine), to give (something) a spin; to put (someone in a position), to make (e.g. an enemy of); to ... around (e.g. chase, fool, play), to do all over, to do everywhere, to do completely; to surround (something) with, to enclose with; to put (an arm) around (e.g. someone's waist), to reach around; to invest (money), to lend; to dial (a telephone number); to gang-rape; to operate (e.g. business, shop)"
"進める","すすめる","to advance, to move forward, to put (a clock, watch) forward; to carry forward (plans, work, etc.), to proceed with, to make progress in, to further, to advance, to hasten, to speed up; to raise, to elevate, to promote, to develop, to stimulate (e.g. one's appetite)"
"毎に","ごとに","one by one, each, every, at intervals of"
"登場","とうじょう","entrance (on the stage), appearance (in a book, film, etc.); appearance (on the scene), arrival (on the market), emergence, introduction, advent"
"１月","いちがつ","January; first month of the lunar calendar"
"黄色い","きいろい","yellow; high-pitched (voice), shrill"
"頂戴","ちょうだい, ちょーだい","receiving, getting, accepting, being given; eating, drinking, having; please (give me; do for me)"
"言い方","いいかた","way of saying (something), way of putting it, wording, phrasing, language, expression"
"保つ","たもつ, もつ","to keep, to preserve, to hold, to retain, to maintain, to sustain; to last, to endure, to keep well (food), to wear well, to be durable"
"礼","れい","thanks, gratitude; manners, etiquette; bow (i.e. bending of the body), bowing; reward, gift; ceremony, ritual; key money"
"開始","かいし","start, commencement, beginning, initiation"
"騙す","だます","to trick, to cheat, to deceive, to swindle, to dupe; to coax, to wheedle, to soothe, to calm"
"弾く","はじく","to flip, to snap, to flick; to repel; to use (an abacus), to calculate; to strum, to pluck the strings (of a guitar, etc.)"
"少々","しょうしょう","just a minute, small quantity"
"通路","つうろ","passage, pathway, roadway, avenue, aisle"
"引っ張る","ひっぱる","to pull, to draw, to pull tight; to string (lines), to run (cable), to stretch; to pull towards oneself (e.g. someone's sleeve); to drag, to haul, to tow; to lead (e.g. one's followers); to take someone somewhere (e.g. a suspect to the police); to tempt into joining, to strongly invite to join; to delay, to prolong; to lengthen the pronunciation (of a word); to quote, to cite, to reference; to pull the ball; to wear, to put on"
"価値","かち","value, worth, merit"
"難い","かたい","difficult, hard"
"課長","かちょう","section manager, section chief"
"毒","どく","poison, toxicant; harm, evil influence; ill will, spite, malice; abusive language"
"乃","の","indicates possessive; nominalizes verbs and adjectives; substitutes for ""ga"" in subordinate phrases; indicates a confident conclusion; indicates emotional emphasis; indicates question"
"商人","しょうにん, あきんど, あきうど, あきゅうど, あきびと","merchant, trader, tradesman, dealer, shopkeeper"
"","ゲーム","game"
"恨む","うらむ","to bear a grudge against, to resent, to blame, to curse, to feel bitter towards"
"干る","ひる","to dry (up), to become parched; to ebb, to recede"
"流行る","はやる","to be popular, to come into fashion; to be prevalent, to spread widely (e.g. disease), to be endemic; to flourish, to thrive"
"削減","さくげん","cut, reduction, curtailment"
"飛行","ひこう","flight, flying, aviation"
"鉄鋼","てっこう","iron and steel"
"抜き","ぬき","leaving out, omitting, skipping, dispensing with; (beating) in succession, in a row"
"貯蓄","ちょちく","savings"
"着","ちゃく","arrival, arriving at ...; counter for items or suits of clothing; nth place (in a race); counter for moves"
"四半期","しはんき","quarter (of a year)"
"汚れ","よごれ","dirt, filth, stain, blot, spot"
"可決","かけつ","approval, adoption (of a motion, bill, etc.), passage"
"争う","あらそう","to compete, to contest, to contend; to quarrel, to argue, to dispute, to be at variance, to oppose; to deny (e.g. evidence)"
"宇宙飛行士","うちゅうひこうし","astronaut"
"教科","きょうか","subject, curriculum"
"族","ぞく, ぞう","tribe, clan, band, family; (taxonomical) tribe; group (of the periodic table)"
"百合","ゆり, ゆる, ユリ","lily (Lilium spp.); yuri, genre of comics and novels about female homosexuality"
"迎え","むかえ","meeting, greeting, welcome; person sent to meet a visitor"
"良質","りょうしつ","good quality, fine quality, superior quality, high quality"
"雌","めす, メス, めん","female (animal, plant)"
"喜ばす","よろこばす","to delight, to please, to make (someone) happy, to give pleasure (to)"
"細い","ほそい","thin, slender, fine; unlucky"
"眠り","ねむり, ねぶり","sleep, sleeping; inactivity; death"
"堪能","たんのう","proficient, skilled, skillful, good, accomplished; enjoying to the full, full satisfaction, being satiated (with), having one's fill (of)"
"農作物","のうさくぶつ, のうさくもつ","crops, agricultural produce"
"赤道","せきどう","equator"
"疎通","そつう","(mutual) understanding, communication; passing without obstruction"
"貸し","かし","loan, lending, hire, rental, lease; favor, favour, debt, obligation; creditor, method of lending, credit side"
"働かせる","はたらかせる","to put someone to work, to make someone work; to use, to apply, to exert, to exercise (restraint, one's imagination, one's brain, etc.)"
"報われる","むくわれる","to be repaid, to be rewarded"
"学位","がくい","(academic) degree"
"改めて","あらためて","another time, again, over again, once again, anew; formally, especially, intentionally, deliberately"
"予習","よしゅう","preparation for a lesson"
"目覚まし","めざまし","alarm clock; waking up, keeping oneself awake; early-morning treat (traditionally given to children in some parts of Japan), wake-up sweet"
"空オケ","からオケ, カラオケ","karaoke"
"","ソフトウェア, ソフトウエア","software"
"航空券","こうくうけん","airline ticket, plane ticket, air ticket"
"送別会","そうべつかい","farewell party"
"当店","とうてん","this store"
"必需品","ひつじゅひん","necessities, necessary article, requisite, essentials"
"申込書","もうしこみしょ","(written) application, application form"
"無さそう","なさそう","does not seem, unlikely, improbable"
"","ばれる, バレる","to leak out (of a secret), to come out, to be exposed (of a lie, improper behaviour, etc.), to be found out, to be discovered; to get away (of a fish)"
"矢鱈","やたら","indiscriminately, blindly, at random, recklessly, thoughtlessly, excessively, profusely; indiscriminate, random, excessive"
"","え","eh?, what?, oh?; yes, that's correct; strengthens a question, assertion, etc.; hey"
"将来","しょうらい","future, (future) prospects; bringing (from abroad, another region, etc.); bringing about, giving rise to, causing, incurring"
"鳩","はと, ハト","pigeon, dove"
"親切","しんせつ","kind, gentle, considerate, generous, friendly, nice"
"７月","しちがつ, なながつ","July; seventh month of the lunar calendar"
"６月","ろくがつ","June; sixth month of the lunar calendar"
"","でさえ","even (e.g. even a child); as long as (it is, you are, etc.), (if) only, just"
"単純","たんじゅん","simple, plain, uncomplicated, straightforward, simple-minded, naive"
"飛行機","ひこうき","airplane, aeroplane, plane, aircraft"
"京","きょう, けい","imperial capital (esp. Kyoto); final word of an iroha poem; 10^16, 10,000,000,000,000,000, ten quadrillion"
"是非","ぜひ","certainly, without fail; right and wrong, pros and cons"
"足りる","たりる","to be sufficient, to be enough; to be worth doing, to be worthy of, to deserve; to do (the job), to serve, to answer"
"以下","いか, いげ","not exceeding ..., not more than ..., ... and under, ... and below, ... or fewer; below (a standard, level, etc.), under, beneath, less than; the following, the below-mentioned, the rest, followed by ...; including ..., ... and other (employees, officials, etc.)"
"異端","いたん","heresy, nonconformism, heathenism, paganism"
"用いる","もちいる","to use, to make use of, to utilize, to utilise"
"公園","こうえん","(public) park"
"誇る","ほこる","to boast of, to be proud of, to take pride in"
"前後","ぜんご","front and rear, front and back, before and behind, back and forth; before and after; around, about, approximately; order, context; consequences; just when, around the time of; inversion, reversion, getting out of order; co-occurring, happening at the same time"
"尼僧","にそう","Buddhist nun; Catholic nun, sister"
"一掃","いっそう","clean sweep, purging, doing away with, eradication"
"冷静","れいせい","calmness, composure, coolness, serenity, presence of mind"
"","そうですね","that's so, isn't it"
"促す","うながす","to urge, to encourage, to press, to prompt, to draw (attention to); to stimulate (e.g. growth), to hasten (e.g. development), to quicken, to accelerate, to promote"
"","っぽい, ぽい","-ish, -like"
"襟","えり","collar, lapel, neckband, neck; nape of the neck, scruff of the neck"
"大阪","おおさか","Osaka (city, prefecture)"
"者","もの, もん","person"
"前方","ぜんぽう","ahead, forward, (in) front; having a square front"
"裏切る","うらぎる","to betray, to turn traitor (to), to double-cross, to go back on, to be unfaithful (to); to disappoint, to let down"
"風景","ふうけい","scenery, scene, landscape, view, sight; scene (e.g. of a crime)"
"苦痛","くつう","pain, agony, suffering, distress, torment"
"中年","ちゅうねん","middle-age, middle age, midlife, one's middle years"
"皮肉","ひにく","irony, sarcasm, cynicism, satire; unexpected, different from what one expected, not as one had planned; (only) surface, something superficial; skin and bone, body"
"農","のう","farming, agriculture"
"画する","かくする","to draw (a line); to demarcate, to mark, to divide, to map out; to plan"
"惜しい","おしい","regrettable, disappointing, unfortunate; precious, dear, valuable; too good for, deserving better; almost (but not quite), close (but no cigar)"
"衝撃","しょうげき","impact, shock, impulse; (psychological) shock"
"道具","どうぐ","tool, implement, instrument, utensil, apparatus, device; means; furniture"
"移す","うつす","to transfer (to a different place, group, etc.), to change, to swap, to substitute; to move to the next stage (of a plan, etc.); to divert (one's attention) to; to spend (time), to let (time) pass; to infect; to permeate something (with a color, smell, etc.)"
"秒","びょう","second (unit of time); arc second"
"毛","け","hair; fur, wool; down, plumage, feathers"
"視界","しかい","field of vision, visibility, view, visual field, (one's) ken"
"十八","じゅうはち","eighteen, 18"
"","たっぷり","plentifully, amply, abundantly, copiously, generously, fully, a lot; loosely, with room to spare, with enough space, (large) enough; a good (e.g. two weeks, ten kilometres), a full, at least, no less than"
"幽霊","ゆうれい","ghost, specter, spectre, apparition, phantom"
"奴ら","やつら, ヤツら","they, those guys"
"癖","くせ, へき, クセ","habit (usu. a bad one), tendency; peculiarity, idiosyncrasy, mannerism, quirk; crease, wrinkle, curl, kink"
"袖","そで","sleeve; wing (of a stage, desk, gate, etc.); flap (of a dust jacket)"
"自動車","じどうしゃ","car, automobile, motorcar, motor vehicle, auto"
"好む","このむ","to like, to prefer"
"似せる","にせる","to copy, to imitate, to counterfeit, to forge"
"恵む","めぐむ","to bless, to show mercy to; to give (money, etc.)"
"直ちに","ただちに","at once, immediately, right away, without delay; directly (face, lead to, etc.), automatically (mean, result in, etc.)"
"一気に","いっきに","in one go, in one gulp, in one breath, without stopping, without pausing, without a rest, in one sitting, at a stretch; suddenly, all of a sudden, all at once"
"趣味","しゅみ","hobby, pastime; tastes, preference, liking"
"勇気","ゆうき","courage, bravery, valour, valor, nerve, boldness"
"偶々","たまたま","by chance, by accident, accidentally, happen to (be, do), unexpectedly, casually; occasionally, once in a while, now and then"
"運動","うんどう","exercise, physical training, workout, sports, athletics; appeal, campaign, drive, crusade, movement, lobbying; motion, movement"
"最大","さいだい","biggest, greatest, largest, maximum"
"引きずる","ひきずる","to drag, to trail, to pull along the ground, to lug; to force (someone) along, to drag (along); to prolong, to drag out; to influence, to persuade, to entice, to lure"
"自分自身","じぶんじしん","oneself, myself"
"参加","さんか","participation, joining, entry"
"複雑","ふくざつ","complex, complicated, intricate, mixed (feelings)"
"陛下","へいか","Your Majesty, His Majesty, Her Majesty"
"正面","しょうめん","front, frontage, facade, main"
"","いらっしゃい, いらしゃい","come, go, stay; welcome"
"雄","おす, おん, オス","male (animal, plant)"
"同じく","おなじく","in the same way, like, likewise, similarly"
"頭上","ずじょう","overhead, above one's head, high in the sky"
"熱心","ねっしん","zealous, enthusiastic, ardent, fervent, keen, eager"
"取り戻す","とりもどす","to take back, to get back, to regain, to recover, to restore, to recoup"
"追いかける","おいかける","to chase, to run after, to pursue; subsequently, following that, (and) then"
"押さえる","おさえる","to pin down, to hold down, to press down, to hold in place, to hold steady; to cover (esp. a part of one's body with one's hand), to clutch (a body part in pain), to press (a body part); to get a hold of, to obtain, to seize, to catch, to arrest; to grasp (a point), to comprehend; to quell, to subdue, to suppress, to repress, to hold back, to check, to curb, to contain"
"提げる","さげる","to take along, to hold in the hand; to hang (e.g. from the shoulder or waist)"
"彼方","かなた, あなた","beyond, across, the other side, the distance"
"犯罪","はんざい","crime, offence, offense"
"大きさ","おおきさ","size, dimensions, volume"
"刺す","さす","to pierce, to stab, to prick, to stick, to thrust; to sting, to bite; to sew, to stitch, to embroider; to pole (a boat); to catch (with a limed pole); to put (a runner) out, to pick off"
"謎","なぞ","riddle, puzzle, enigma, mystery; enigmatic, mysterious"
"内側","うちがわ, ないそく","inside, interior, inner part"
"無数","むすう","innumerable, countless, numberless"
"屡々","しばしば","often, again and again, frequently, repeatedly"
"発生","はっせい","occurrence, incidence, outbreak, birth (e.g. of civilization); generation (of power, heat, etc.), production; ontogeny, development, growth, breeding"
"国家","こっか","state, country, nation"
"凄まじい","すさまじい","terrible, dreadful, awful, horrible, ghastly; tremendous, terrific, enormous, prodigious, stupendous, amazing; appalling, shocking, staggering, absurd"
"","だらけ","full of (e.g. mistakes), riddled with; covered all over with (blood, mud, etc.)"
"野","の, や, ぬ","plain, field; hidden (structural) member; wild; lacking a political post"
"丁寧","ていねい","polite, courteous, civil; careful, close, thorough, conscientious"
"","イメージ","image (in one's mind), impression, imagining, mental image, (forming a) mental picture; (computer) image; depiction (e.g. of a product), rendition, impression"
"地位","ちい","(social) position, status, standing; position (in a company, organization, etc.), post, rank"
"教育","きょういく","education, schooling, training, instruction, teaching, upbringing; culture, cultivation, education"
"２月","にがつ","February; second month of the lunar calendar"
"結論","けつろん","conclusion (of an argument, discussion, study, etc.); conclusion"
"文学","ぶんがく","literature"
"に関して","にかんして","regarding ..., concerning ..., about ..., on ..., with respect to ..., in regard to ..."
"遮る","さえぎる","to interrupt, to obstruct (a view, someone's way, etc.), to block (light, wind, etc.), to intercept, to cut off"
"人類","じんるい","mankind, humanity"
"","せめて","at least, at most, (even) just"
"群","ぐん","group, bunch, crowd, throng, swarm, band; group"
"喧嘩","けんか, ケンカ","quarrel, brawl, fight, squabble, scuffle, argument"
"頻りに","しきりに","frequently, repeatedly, often, incessantly, constantly; eagerly, keenly, strongly, intently; hard, terribly, extremely, severely"
"倫敦","ロンドン","London (UK)"
"範","はん","example, model"
"勝負","しょうぶ","victory or defeat; match, contest, game, bout"
"","カー","car"
"横たわる","よこたわる","to lie down, to stretch out; to lie ahead (of danger, difficulty, etc.), to lie in wait"
"像","ぞう","image, figure, statue, picture, portrait; figure, form, shape, appearance; image"
"書類","しょるい","document, papers"
"漏れる","もれる","to leak out, to escape, to come through, to shine through, to filter out; to find expression, to give vent; to leak out, to be divulged, to be disclosed; to be omitted, to be left out, to be excluded, to be not included"
"艦隊","かんたい","(naval) fleet, armada"
"連れて行く","つれていく, つれてゆく","to take (someone to a place), to take (someone) with one, to take along, to lead away"
"神経","しんけい","nerve; nerves, sensitivity"
"永遠","えいえん","eternity, perpetuity, permanence, immortality"
"群れる","むれる","to crowd, to flock, to swarm"
"正体","しょうたい","true character, true form, true colors, identity, truth (of a mystery, phenomenon, etc.), origin; consciousness, one's senses"
"","ソファ, ソファー","sofa, couch"
"十六","じゅうろく","sixteen, 16"
"通","つう","authority, expert, connoisseur, well-informed person; counter for messages, letters, notes, documents, etc.; understanding (esp. of male-female relations), tact, insight; supernatural powers, magical powers"
"太鼓","たいこ","drum"
"体験","たいけん","(practical) experience, personal experience, hands-on experience, first-hand experience"
"危ない","あぶない, アブナい, あぶねー, あっぶねー","dangerous, risky, hazardous, perilous, precarious; in danger, in jeopardy, critical, grave, at risk; uncertain, unreliable, insecure, unsteady, doubtful; close (call), narrow (escape); look out!, watch out!, be careful!"
"愛情","あいじょう","love, affection"
"凡そ","およそ","about, roughly, approximately; generally, on the whole, as a rule; completely, quite, entirely, altogether, totally, not at all (with neg. verb); outline, gist"
"背負う","せおう, しょう","to carry on one's back; to be burdened with, to take responsibility for; to have (something) in the background, to be in front (of something); to be conceited, to think highly of oneself"
"言い出す","いいだす","to begin to say, to start talking, to broach (a matter), to bring up, to come out with; to be the first to say, to suggest (doing), to propose"
"今に","いまに","before long, even now"
"寝室","しんしつ","bedroom"
"現代","げんだい","present age, present day, today; modern era, modern times"
"弁護士","べんごし","lawyer, attorney"
"泳ぐ","およぐ","to swim; to struggle through (a crowd); to make one's way through the world, to get along (in life); to totter, to lose one's balance"
"刃","は","edge (of a knife or sword), blade; prong (of an electrical plug)"
"展開","てんかい","development, evolution, progression, unfolding, (plot) twist; expansion, spreading out, extending, deployment, building up; expansion (of an algebraic expression); development (of a three-dimensional shape); extraction (of compressed data), decompression, unpacking; sharing (information)"
"潰す","つぶす","to smash, to crush, to flatten; to shut down, to put out of business, to force (a company) to close up shop; to wreck, to break, to block, to thwart; to butcher, to slaughter, to kill (livestock, for food); to kill (time), to while away (the time), to use up (one's time); to waste (e.g. talents)"
"単なる","たんなる","mere, simple, sheer"
"","さっさと, サッサと","quickly, promptly, immediately, without delay, briskly, hurriedly, hastily; indifferently, coldly"
"お嬢さん","おじょうさん","(another's) daughter; young lady"
"歩む","あゆむ","to walk, to go on foot; to tread (a figurative path), to follow, to lead (a life), to experience; to advance towards (e.g. a solution), to set out (e.g. on the path to destruction, ruin, etc.), to embark (on the road to ...)"
"切手","きって","stamp (postage); merchandise certificate"
"合図","あいず","sign, signal, cue"
"芯","しん","wick, marrow, staple (for stapler), (pencil) lead, stuffing, pith; core, heart, centre, center; pistil (of a flower); stamen"
"係","かかり","charge, duty, person in charge, official, clerk; connection, linking"
"縛る","しばる","to tie, to bind, to fasten; to restrict (freedom), to tie down (with rules, regulations, etc.), to fetter"
"読者","どくしゃ","reader"
"証明","しょうめい","proof, testimony, demonstration, verification, certification"
"種類","しゅるい","variety, kind, type, category; counter for kinds, species, etc."
"模様","もよう","pattern, figure, design; state, condition; conjecture of the current situation, the way it seems; model, pattern, example; indicates that something seems likely (e.g. rain or storm); framework, territorial framework, moyo"
"目指す","めざす","to aim at (for, to do, to become), to try for, to have an eye on; to go toward, to head for"
"故郷","こきょう","hometown, birthplace, native place, one's old home"
"札","さつ","banknote, bill, note, paper money"
"養う","やしなう","to support, to maintain, to provide for; to bring up, to raise, to rear, to feed; to adopt (a child); to cultivate (a habit, a quality, etc.), to develop, to build up, to foster; to recuperate (from injury, illness, etc.)"
"応じる","おうじる","to respond, to satisfy, to accept, to comply with, to apply for"
"１０月","じゅうがつ","October; tenth month of the lunar calendar"
"１０日","とおか","10th day of the month; ten days"
"数える","かぞえる","to count, to enumerate"
"田舎","いなか","rural area, countryside, the sticks; hometown"
"陥る","おちいる","to fall into (e.g. a hole); to fall into (chaos, depression, dilemma, illness, etc.); to fall into (a trap, etc.); to fall, to surrender, to capitulate"
"祖父","そふ, じじ, じい, おおじ, おじ, そぶ","grandfather; old man; kyogen mask used for the role of an old man"
"射る","いる","to shoot (arrow, bolt, dart)"
"伏せる","ふせる","to turn over (face down), to lay face down, to lay upside down; to point downwards (eyes, head, etc.), to cast down (eyes); to lie (one's body) face down, to lie flat (on the ground); to conceal, to hide, to keep secret, to place in hiding (e.g. troops for an ambush); to lie down, to retire, to go to bed (with an illness)"
"帯","おび","obi (kimono sash); obi (strip of paper looped around a book, CD, etc. containing information about the product); band, belt, strip; cingulum; radio or television program broadcast in the same time slot on all or most days"
"偉い","えらい, エライ, エラい","great, excellent, admirable, commendable, laudable, honorable, wonderful, outstanding, extraordinary; distinguished, important, high-ranking, powerful, eminent, famous; awful, terrible, serious, tremendous, great, mighty, severe; tiring, tough, hard; very, extremely"
"役人","やくにん","government official"
"溶ける","とける","to melt, to thaw, to fuse; to dissolve"
"学ぶ","まなぶ","to learn, to study, to take lessons in"
"纏める","まとめる","to collect, to put (it all) together, to integrate, to consolidate, to unify; to summarize, to aggregate; to bring to a conclusion, to finalize, to settle, to put in order; to establish, to decide"
"自宅","じたく","one's home, one's house"
"日々","ひび, にちにち","daily, everyday; days (e.g. of one's youth); every day, day after day, day by day, from day to day"
"慰める","なぐさめる","to comfort, to console, to amuse"
"会議","かいぎ","meeting, conference, session, assembly, council, convention, congress"
"計算","けいさん","calculation, computation, reckoning, counting, adding up, working out, figures; consideration, calculation, estimation, expectation"
"","カウンター, カウンタ","counter, counting device; (service) counter (at a bank, store, etc.); counter (at a bar, cafe, etc.), bar; counter-attack (in soccer); counter, counterpunch; automatically responding with an upload slot to someone who allows you to download (e.g. in P2P systems)"
"紐","ひも, ヒモ","string, cord; leash; man who is financially dependent on a woman, gigolo, pimp; restrictions, conditions; mantle (shellfish, etc.); small intestine (beef, pork), oviduct meat (chicken)"
"","キス, キッス, チッス","kiss"
"韓国","かんこく","South Korea, Republic of Korea; Korean Empire (1897-1910)"
"円高","えんだか","appreciation of the yen, strong yen"
"狙い","ねらい","aim (of a gun, bow, etc.); aim, object, objective, purpose, intention, target"
"来春","らいしゅん, らいはる","next spring"
"運賃","うんちん","(passenger) fare; freight rates, shipping expenses"
"湯","ゆ","hot water; hot bath, hot spring; molten iron"
"木造","もくぞう","wooden, made of wood, wooden construction"
"果たして","はたして","as was expected, just as one thought, sure enough; really, actually, ever"
"欠かす","かかす","to miss (doing), to fail (to do); to do without"
"労働組合","ろうどうくみあい","labor union, labour union, trade union"
"割引","わりびき","discount, reduction, rebate; tenths discounted, tenths reduced"
"暴落","ぼうらく","slump, crash, heavy fall, sudden decline"
"減量","げんりょう","loss in weight (esp. body weight), weight reduction; loss in quantity, reduction of quantity"
"動議","どうぎ","motion (i.e. proposal to a committee, etc.)"
"育ち","そだち","growth, breeding; growing up (in, as), upbringing"
"礼拝","れいはい","worship (esp. Christian), (church) service"
"成年","せいねん","adult age, majority"
"赤信号","あかしんごう","red light (traffic); red light, signal to stop, sign of danger"
"恵み","めぐみ","blessing, grace"
"不便","ふべん","inconvenience, inexpediency, unhandiness"
"試し","ためし","trial, test"
"凝る","こる","to become stiff (of muscles); to get absorbed in, to develop a passion for, to devote oneself to, to become obsessed with, to get hooked on; to be elaborate, to be intricate, to be exquisite, to be particular about, to pay great attention to"
"間食","かんしょく","eating between meals, snacking"
"緩い","ゆるい","loose; lenient, lax; gentle (curve, slope, etc.); slow, weak; soft, not firm; difficult, hard"
"立ち入り禁止","たちいりきんし","No Entry, No Trespassing, No Admittance, Off Limits, Keep Out, Keep Off; off-limits, restricted, forbidden"
"ＣＤプレーヤー","シーディープレーヤー, シーディープレイヤー","CD player"
"","コック","cook, chef"
"","ラッシュアワー, ラッシュ・アワー","rush hour"
"雨宿り","あまやどり","taking shelter from rain"
"英単語","えいたんご","English word"
"応募者","おうぼしゃ","applicant"
"下らない","くだらない","trivial, trifling, insignificant, not worth bothering with, worthless, useless, good-for-nothing; stupid, nonsensical, absurd, foolish, silly"
"家","け","house, family"
"響く","ひびく","to resound, to be heard far away; to reverberate, to shake, to vibrate; to come (home), to remain (with someone); to have an effect, to make an impression"
"捲る","めくる","to turn over, to turn (pages), to leaf through (a book, etc.); to tear off, to strip off, to take off, to pull off (e.g. a blanket), to pull up (e.g. floorboards), to tear up"
"中華料理","ちゅうかりょうり","Chinese cooking, Chinese food"
"腕白","わんぱく","naughty, mischievous, unruly"
"脅かす","おびやかす","to intimidate, to frighten, to scare; to threaten (e.g. peace), to jeopardize, to endanger, to imperil"
"店","てん","store, shop, restaurant"
"寝過ごす","ねすごす","to oversleep"
"","エアロビクス","aerobics"
"","オーブン, オーヴン","oven"
"","ニュートン","newton (N) (SI unit of force); Newton (Sir Isaac)"
"建てる","たてる","to build, to construct"
"","カード","card (information, filing, etc.); card (greetings, congratulations, etc.); (Western) playing cards; credit card, debit card; card, program, matchup, pairing; dough scraper, spatula"
"","めく","to show signs of ..., to have the appearance of ..."
"事によって","ことによって","via, through, by doing, by means of, using"
"整える","ととのえる","to put in order, to arrange, to tidy up, to fix, to straighten; to get ready, to prepare, to arrange, to supply, to assemble, to buy; to adjust, to regulate (e.g. rhythm, tune, one's breathing); to work out (e.g. business deal), to arrange (e.g. marriage), to settle"
"担当","たんとう","being in charge (of an area of responsibility), being responsible (for a work role, etc.)"
"試す","ためす","to try (out), to have a try (at), to test, to put to the test"
"優れる","すぐれる","to be better (than), to be superior, to surpass, to excel, to be excellent"
"時半","じはん","half past (the hour)"
"身分","みぶん","(social) standing, status, position, rank; identity, birth, origin; one's circumstances, one's means"
"俯く","うつむく","to hang one's head, to look down, to cast one's eyes downward"
"嵐","あらし, アラシ","storm, tempest; uproar, hullabaloo, storm (e.g. of protest), winds (e.g. of change); pile of 3 cards of the same value in oicho-kabu"
"呼びかける","よびかける","to call out to, to hail, to address; to appeal (e.g. to the public), to urge, to exhort, to advise"
"一面","いちめん","one face, one surface; the whole surface; one aspect, one side; (on) the other hand; one broad, flat object; front page (e.g. newspaper)"
"関心","かんしん","concern, interest"
"重大","じゅうだい","serious, important, significant, grave, weighty"
"地図","ちず","map, atlas, chart, plan"
"心から","こころから, しんから","from the bottom of one's heart, heartily, sincerely"
"位","い","rank, place (e.g. first place); decimal place; counter for ghosts"
"思い出","おもいで","memories, recollections, reminiscence"
"拭う","ぬぐう","to wipe, to mop up; to get rid of (an impression, feeling, blemish, etc.), to dispel (e.g. shame), to erase, to remove"
"適当","てきとう, テキトー","suitable, proper, appropriate, adequate, fit, fair; perfunctory, half-minded, sloppy, lazy, careless, noncommittal, unreliable, irresponsible, haphazard"
"掛ける","かける","to hang up (e.g. a coat, a picture on the wall), to let hang, to suspend (from), to hoist (e.g. sail), to raise (e.g. flag); to put on (e.g. a blanket), to put on top of, to cover, to lay, to spread; to put on (glasses, etc.), to wear (a necklace, etc.); to make (a call); to spend (time, money), to expend, to use; to pour (liquid) onto, to sprinkle (powder or spices) onto, to splash, to throw (e.g. water) onto; to turn on (an engine, radio, etc.), to set (a dial, alarm clock, etc.), to put on (a DVD, song, etc.), to use (a device, implement, etc.); to cause (someone inconvenience, trouble, etc.), to burden (someone), to impose; to multiply (arithmetic operation); to secure (e.g. lock); to take a seat, to sit, to rest (something on something else), to support (something on something else); to bind; to wager, to bet, to risk, to stake, to gamble; to put an effect (spell, anaesthetic, etc.) on; to hold (a play, festival, etc.); to hold an emotion for (pity, hope, etc.); to argue (in court), to deliberate (in a meeting), to present (e.g. idea to a conference, etc.); to increase further; to catch (in a trap, etc.); to set atop; to erect (a makeshift building); to apply (insurance); to pun (on a word), to use (a word) as a pivot word, to play on words; to be partway doing ..., to begin (but not complete) ..., to be about to ...; to address (someone), to direct (something, to someone), to do (something, to someone)"
"盤","ばん","board (in shogi, go, chess, etc.); (phonograph) record, disc, disk; board, panel, plate"
"異なる","ことなる","to differ, to be different, to disagree, to vary, to diverge"
"絶える","たえる","to die out, to peter out, to become extinct; to cease, to be stopped, to be discontinued, to be cut off"
"倶楽部","クラブ","club, fraternity, sorority, clubhouse"
"乱れる","みだれる","to be disordered, to be disarranged, to be disarrayed, to be disheveled, to be dishevelled; to be discomposed, to be upset, to get confused, to be disturbed; to lapse into chaos (due to war, etc.)"
"後悔","こうかい","regret, repentance, remorse"
"熊","くま, クマ","bear (any mammal of family Ursidae)"
"不満","ふまん","dissatisfaction, discontent, displeasure, complaint, unhappiness"
"去年","きょねん, こぞ","last year"
"狼","おおかみ, おおかめ, おいぬ, オオカミ","wolf (Canis lupus); wolf in sheep's clothing, womanizer"
"帝国","ていこく","empire; Empire of Japan"
"布団","ふとん","futon, Japanese bedding consisting of a mattress and a duvet; round cushion used for Zen meditation (traditionally made of woven bulrush leaves)"
"生涯","しょうがい","life, lifetime, career; for life, all one's life, throughout one's life, as long as one lives"
"警戒","けいかい","vigilance, caution, alertness, precaution, being on guard"
"直後","ちょくご","immediately following"
"意図","いと","intention, aim, design"
"欧羅巴","ヨーロッパ, ヨーロパ, ヨオロッパ, ヨオロツパ","Europe"
"故に","ゆえに","therefore, consequently"
"帯びる","おびる","to wear (a sword, decoration, etc.), to carry, to bear; to be entrusted with (a mission), to be charged with, to take on; to have (a quality, property, etc.), to have a trace of, to be tinged with"
"持てる","もてる","to be able to possess (hold, get, etc.); to be well liked, to be popular, to be pampered (spoiled, doted upon, etc.), to be welcomed; to endure (the tests of time, the elements, etc.), to last; possessed, held; rich, wealthy, affluent"
"十三","じゅうさん","thirteen, 13; king"
"出入り","でいり, ではいり","going in and out, entering and exiting; visiting regularly, frequenting, having regular dealings with; income and expenditure, incomings and outgoings; increase and decrease, surplus and deficit, fluctuation; fight, trouble, quarrel, dispute; indentations (e.g. of a coastline)"
"に向けて","にむけて","towards (a destination), for the purpose of, with the goal of, targeting (a group, a demographic)"
"裸","はだか","nakedness, nudity; bareness, nakedness, baldness, being uncovered; being penniless; concealing nothing, openness"
"高さ","たかさ","height, altitude, elevation, level; altitude, height"
"豊か","ゆたか","abundant, plentiful, rich, ample; rich, wealthy, affluent, well-off; open (mind), relaxed, easy; plump (e.g. breasts), full, ample; (well) over, (easily) in excess of"
"剥ぐ","はぐ, へぐ","to tear off, to peel off, to rip off, to strip off, to skin, to flay, to bark; to strip of (clothes, rank, etc.), to deprive of, to divest of"
"損","そん","loss, damage, harm, unprofitable; disadvantage, handicap, drawback, unfavorable"
"自己","じこ","self, oneself"
"名乗る","なのる","to give one's name (as), to introduce oneself (as); to claim to be, to call oneself, to wear the title of; to reveal oneself (as), to admit to being; to adopt as one's name, to take (a name); to call out the goods one is selling"
"嬢","じょう","unmarried woman; Miss; -ess, -ette"
"髭","ひげ, ヒゲ","moustache, mustache, beard, whiskers, sideburns; whiskers (on a cat, etc.), feelers (on an insect, etc.), (chin) tuft; shadow (on a candlestick chart)"
"集中","しゅうちゅう","concentration (on a task), focusing one's attention; concentration (of population, buildings, power, etc.), centralization, convergence, focus (of a debate, questions, etc.); within a collection of works"
"無くす","なくす","to lose (something); to get rid of, to eliminate, to remove, to eradicate, to abolish"
"監督","かんとく","supervision, control, superintendence, direction; director, superintendent, supervisor, coach, foreman, manager, overseer, controller, boss"
"制服","せいふく","uniform"
"何者","なにもの","who, what kind of person"
"以後","いご","after this, from now on, hereafter; thereafter, since (then), after"
"越す","こす","to cross over (e.g. mountain), to go across; to get over (e.g. hardship); to pass time (e.g. a winter); to surpass, to be better than, to exceed; to move house; to go, to come"
"練る","ねる","to knead, to thicken into a paste (stirring over a flame); to polish (a plan, etc.), to refine, to elaborate, to work out; to train, to drill, to exercise; to gloss (silk), to soften, to degum; to tan (leather); to temper (steel); to walk in procession, to parade, to march"
"","でなければ, でないと","without, but if, otherwise, or else"
"不味い","まずい, マズイ, マズい","bad(-tasting), unpalatable, unsavoury, unsavory, awful, terrible, unpleasant; poor, unskillful, unskilful, bungling, clumsy; ugly, unattractive, homely, plain; awkward, problematic, troublesome, unfavorable, unfavourable, unwise"
"固まる","かたまる","to harden, to solidify; to become firm, to become certain; to gather (together), to assemble, to huddle together; to freeze, to hang, to stop responding"
"学者","がくしゃ","scholar, academic, scientist; learned person, person of learning"
"完成","かんせい","completion, perfection, accomplishment"
"薔薇","ばら, しょうび, そうび, バラ","rose"
"預ける","あずける","to leave (in someone's keeping), to put (in someone's care), to place (in someone's custody), to entrust (someone) with, to deposit; to put (someone) in charge of, to leave (a matter) in someone's hands, to let (someone) decide; to lean on, to put one's weight on"
"","きつい, キツイ, キツい","tough, hard, severe, demanding, harsh; determined, strong-minded, forceful, formidable, fierce; strong (e.g. sunlight, alcohol), severe, intense; (too) tight, constricting, close; extreme, unusually strong"
"少しずつ","すこしずつ, すこしづつ","little by little, bit by bit"
"懐","ふところ","inside the breast of one's clothing (esp. kimono), bosom, (breast) pocket; space between one's chest and outstretched arms, (one's) reach; heart (e.g. of a mountain), bosom (e.g. of nature), depths, inner part; mind, heart, inner thoughts; money (one is carrying), purse, pocketbook"
"宗教","しゅうきょう","religion, religious affiliation, belief, faith, creed; religious activity"
"装置","そうち","equipment, device, installation, apparatus; stage setting"
"葬送","そうそう","attending a funeral procession, seeing off the deceased, burial of someone's remains, observing a burial"
"基地","きち","base (military, expedition, etc.)"
"信頼","しんらい","trust (in), confidence, faith, reliance"
"容易","ようい","easy, simple, plain"
"船長","せんちょう, ふなおさ","ship's captain, skipper; length of a ship; boatman"
"仁","じん, にん","benevolence (esp. as a virtue of Confucianism), consideration, compassion, humanity, charity; human; kernel; nucleolus"
"決定","けってい","decision, determination"
"に従って","にしたがって","in accordance with, according to, as X, then Y (e.g. as we age we gain wisdom, as wine matures it becomes more valuable, etc.)"
"","カーテン","curtain, curtains"
"指先","ゆびさき","fingertip, finger; toe tip, toe"
"役に立つ","やくにたつ","to be helpful, to be useful"
"呼び出す","よびだす","to call (someone) to (the door, phone, etc.), to tell (someone) to come, to call up (on the phone), to summon, to page, to invoke (e.g. a spirit); to invoke (e.g. a subroutine), to call, to open (e.g. a file)"
"弾む","はずむ","to spring, to bound, to bounce; to be stimulated, to be encouraged, to get lively; to pay handsomely, to splurge, to part eagerly with (money, etc.); to breathe hard, to pant, to be out of breath"
"試みる","こころみる","to try, to attempt, to have a go (at)"
"塔","とう","tower, steeple, spire; stupa, pagoda, dagoba"
"控える","ひかえる","to be temperate in, to refrain, to abstain, to hold back, to restrain oneself from excessive ...; to make notes, to jot down (e.g. phone number); to be in preparation for, to be in waiting for; to be soon, to be in the offing; to be in a close relationship (e.g. as a backer, etc.)"
"厚い","あつい","thick, deep, heavy; kind, cordial, hospitable, warm, faithful; serious (of an illness); abundant"
"速度","そくど","speed, velocity, pace, rate; velocity"
"狩り","かり, がり","hunting, hunt, shooting; gathering (mushrooms, shellfish, etc.), picking (berries, fruit, etc.), viewing (e.g. autumn leaves); hunting down (a criminal, etc.), rounding up (e.g. communists), witch-hunt"
"解放","かいほう","release, unleashing, liberation, emancipation, setting free; deallocation (of computer memory)"
"真っ赤","まっか","bright red, deep red, flushed (of face); downright (e.g. lie), complete, utter"
"Ｈ","エッチ, エイチ, えっち","H, h; indecent, lewd, sexy, dirty, obscene; (having) sex; nth year in the Heisei era (1989.1.8-2019.4.30); hour; hydrogen (H); hole"
"","ショック","shock (emotional); shock (physical), impact, jolt; crisis (esp. financial), event that rattles the markets; (circulatory) shock"
"同情","どうじょう","sympathy, compassion, pity"
"懐かしい","なつかしい","dear (old), fondly remembered, beloved, missed, nostalgic"
"傘","かさ","umbrella, parasol; something shaped like an umbrella or a conical hat, shade (of a lamp), mushroom cap, pileus"
"政治","せいじ","politics, government"
"流石","さすが","as one would expect, just as you'd expect (from), just like (someone); still, all the same, after all; even ... (e.g. ""even a genius"")"
"","だけでなく","not only ... (but also), not just, as well as"
"神社","じんじゃ, じんしゃ","Shinto shrine"
"顔つき","かおつき","(outward) looks, features, face, countenance, expression"
"","あっさり, アッサリ","easily, readily, quickly, flatly (refuse); lightly (seasoned food, applied make-up, etc.), plainly, simply"
"駆けつける","かけつける","to run to, to come running, to rush (someplace), to hasten"
"育てる","そだてる","to raise, to rear, to bring up; to train, to teach, to educate; to promote the growth of, to nurture, to foster, to develop"
"方面","ほうめん","direction, district, area; field (e.g. of study), sphere, quarter, aspect, angle"
"赤ん坊","あかんぼう, あかんぼ","baby, infant"
"仮に","かりに","supposing, even if, granting that, for argument's sake; temporarily, provisionally, for the time being"
"若しかしたら","もしかしたら","perhaps, maybe, perchance, by some chance, by any chance"
"使用","しよう","use, application, employment, utilization, utilisation"
"隙間","すきま","gap, opening, aperture, crevice, crack, chink, space; spare moment, interval, break; unguarded moment, carelessness, chink in one's armor, weak spot"
"十四","じゅうし, じゅうよん","fourteen, 14"
"珍","ちん","rare; strange, odd, peculiar, curious"
"宙","ちゅう","space, air, midair; (from) memory, (by) heart"
"真ん中","まんなか","middle, centre, center, midpoint, heart"
"到底","とうてい","(cannot) possibly, (not) by any means, (not) at all, utterly, absolutely"
"同","どう","the same, the said; likewise"
"膨らむ","ふくらむ","to expand, to swell (out), to get big, to become inflated"
"","グループ","group (usu. of people)"
"大地","だいち","earth, ground, the solid earth, the (vast) land"
"７０","ななじゅう, しちじゅう, ななそ","seventy, 70"
"何より","なにより","above anything else, above all, more than anything; best, greatest, excellent, wonderful, most important"
"ご存知","ごぞんじ","knowing, being aware (of); (an) acquaintance"
"","チラリ, ちらり","fleeting (glimpse, glance, etc.)"
"衆","しゅう, しゅ","great numbers (of people), numerical superiority, masses; people, folk, clique, bunch"
"敢えて","あえて","purposely (of something needless, unexpected or seemingly counterproductive, etc.), daringly (doing something), deliberately, intentionally; not necessarily, not particularly, not especially; definitely not"
"久しぶり","ひさしぶり","a long time (since the last time), first in a long time; it's been a long time, long time no see"
"昼間","ひるま, ちゅうかん","daytime, during the day, time from sunrise until sunset, diurnal period"
"感動","かんどう","being deeply moved emotionally, excitement, passion, inspiration, deep emotion, strong impression"
"慎重","しんちょう","careful, cautious, prudent, discreet, deliberate"
"分ける","わける","to divide (into), to split (into), to part, to separate, to divide up, to classify, to sort out, to divide out; to share, to distribute, to deal out, to dish out; to distinguish, to discriminate, to differentiate (between); to break up (a fight), to mediate; to call a draw, to tie; to push one's way through (a crowd); to sell"
"気の毒","きのどく","pitiful, unfortunate, poor, miserable, wretched; unpardonable, regrettable"
"下手","したて, したで","humble position, inferior; underarm grip on opponent's belt"
"いつの間にか","いつのまにか","before one knows, before one becomes aware of, unnoticed, unawares"
"見守る","みまもる","to watch over, to keep watch over, to keep an eye on; to watch intently, to stare, to gaze, to watch (and see what happens), to follow"
"今更","いまさら","now (when it is already much too late), at this stage; afresh, anew, again"
"個人","こじん","individual, private person, personal, private; natural person"
"一族","いちぞく","family, relatives, dependents; household"
"予感","よかん","presentiment, premonition, hunch; to have a premonition, to have a hunch"
"鞄","かばん, カバン","bag, satchel, briefcase, basket"
"顔を出す","かおをだす","to turn up, to make an appearance, to put in an appearance, to drop by"
"青果","せいか","fruits and vegetables, produce"
"外国","がいこく, そとぐに","foreign country"
"隊長","たいちょう","commanding officer"
"列","れつ","row, line, file, column, queue, rank, procession; company (of someone), group, ranks; sequence; counter for rows"
"訓練","くんれん","training, drill, practice, discipline"
"刻む","きざむ","to mince, to cut fine, to chop up, to hash, to shred; to carve, to engrave, to chisel, to notch; to tick away (time), to beat out (e.g. rhythm), to record the passing moments; to etch (into one's mind), to remember distinctly; to have tattooed; to torment"
"焦る","あせる","to be in a hurry, to be impatient, to be anxious (to do), to fret; to get a fright, to panic, to get flustered, to be startled"
"","コート","coat; coating"
"天下","てんか, てんが, てんげ","the whole world; the whole country; society, the public; supremacy over a nation, government of a country, the ruling power; having one's own way, doing as one pleases; peerless, incomparable, superlative, world-famous; shogun (Edo period)"
"誓う","ちかう","to swear, to vow, to take an oath, to pledge"
"才能","さいのう","talent, ability"
"広場","ひろば","public square, square, plaza, piazza, forum; open space, clearing"
"絶望","ぜつぼう","despair, hopelessness"
"小学校","しょうがっこう","primary school, elementary school, grade school"
"今後","こんご","from now on, hereafter"
"叔父","おじ, はくふ, しゅくふ","uncle"
"３００","さんびゃく","300, three hundred; 300 mon, trifling amount, two-bit item; shyster"
"決意","けつい","decision, determination, resolution"
"","ぴったり, ピッタリ, ぴたり, ピタリ, ぴったし, ピッタシ","tightly, closely; exactly, precisely; suddenly (stopping); perfectly (suited), ideally"
"責める","せめる","to condemn, to blame, to criticize, to criticise, to reproach, to accuse; to urge, to press, to pester; to torture, to torment, to persecute; to break in (a horse)"
"操作","そうさ","operation, management, handling; manipulating (to one's benefit), manipulation, influencing"
"収める","おさめる","to put (into), to put away (in), to put back (in), to keep (in), to store (in), to restore (to its place); to include (in an anthology, catalogue, etc.), to contain, to publish (in), to capture (on film); to achieve (results, success, etc.), to obtain, to get, to gain, to win, to make (a profit); to pay (fees, taxes, etc.), to deliver, to supply; to accept (a gift or money); to keep (within a limit); to offer (to a shrine, deity, etc.), to dedicate; to subdue, to suppress, to settle; to finish, to conclude, to wind up, to bring to a close"
"","エレベーター, エレベータ","elevator, lift; elevator"
"依頼","いらい","request, commission, entrusting (with a matter); dependence, reliance"
"作者","さくしゃ","creator (of a work), author, writer, artist, composer, playwright, dramatist"
"爺さん","じいさん, ジイさん","grandfather; male senior-citizen"
"勝利","しょうり","victory, triumph, win, conquest, success"
"何故なら","なぜなら","because, the reason is, if you want to know why"
"憎む","にくむ","to hate, to detest"
"","せずに","without (doing), instead of"
"得意","とくい","satisfaction, pride, triumph, elation; one's strong point, one's forte, one's specialty; regular customer, regular client, patron"
"結う","ゆう, いう","to do up (hair), to dress, to arrange; to tie, to bind, to fasten, to make (a fence)"
"通う","かよう","to go to and from (a place), to go back and forth between, to run between (e.g. bus, train, etc.), to ply between; to go to (school, work, etc.), to attend, to commute, to frequent; to circulate (e.g. blood, electricity), to be communicated (e.g. thought); to resemble"
"含める","ふくめる","to include (in a group or scope); to instruct, to make one understand; to include (a nuance), to put in (an implication); to put in (someone's) mouth; to permeate with flavor"
"与党","よとう","ruling party, government party, party in power, government"
"所得","しょとく","income, earnings"
"減税","げんぜい","tax reduction"
"消費税","しょうひぜい","consumption tax (incl. sales tax, VAT, excise duty, etc.)"
"勝ち","かち","win, victory"
"上下","じょうげ","top and bottom, high and low, above and below, upper and lower ends, up and down; going up and down, rising and falling, fluctuating; going and coming back; upper and lower classes, ruler and ruled, the government and the people; first and second volumes; top and bottom, two-piece (outfit)"
"負け","まけ","defeat, loss, losing (a game); failing to live up to (one's name, looks, etc.); discount, loss (on a sale)"
"輪","わ","ring, circle, loop; hoop; wheel; circle (e.g. of friends); planetary ring"
"同行","どうこう","accompanying (someone), going with, travelling together; the same bank, the said bank"
"寮","りょう","hostel, dormitory; bureau (government department beneath a ministry under the ritsuryō system); tea-ceremony room; villa"
"沿い","ぞい","along (a river, coast, railway, etc.), on (e.g. a street)"
"生る","なる","to bear fruit"
"飲料","いんりょう","beverage, drink"
"社会福祉","しゃかいふくし","social welfare"
"溝","みぞ","ditch, drain, gutter, trench; groove, tread, indentation; gap (between people, countries, etc.), gulf, rift"
"長","ちょう","head, chief, leader, elder; merit, strong point; superiority; major"
"地域社会","ちいきしゃかい","regional community"
"弓","ゆみ, ゆ","bow (weapon); archery; bow (for a violin, etc.)"
"新薬","しんやく","new medicine, new drug"
"学費","がくひ","tuition, school expenses"
"凧","たこ, はた","kite"
"固体","こたい","solid (body), solid matter, solid-state"
"不通","ふつう","suspension, interruption, stoppage, tie-up, cessation"
"乗り換え","のりかえ","transfer (trains, buses, etc.), change, connection; switch (to another ideology, party, system, method, etc.), change, conversion; switching (stock); chromosomal crossover, crossing over"
"鶏肉","とりにく, けいにく, ちょうにく","chicken meat; fowl, poultry, bird meat"
"山登り","やまのぼり","mountain climbing, mountaineering"
"杖","つえ","cane, walking stick, staff, wand"
"乗り場","のりば","place for boarding vehicles, bus stop, bus terminal, railway platform, taxi stand, jetty, wharf"
"行き渡る","いきわたる, ゆきわたる","to diffuse, to spread throughout, to prevail, to become widespread, to reach everyone"
"不親切","ふしんせつ","unkindness, unfriendliness"
"自活","じかつ","self-support"
"重なる","かさなる","to be piled up, to lie on top of one another; to come one after another, to happen over and over, to pile up (e.g. stress), to accumulate; to overlap (each other), to occur at the same time, to happen simultaneously"
"Ｙシャツ","ワイシャツ","(formal) shirt, dress shirt, business shirt, button-up shirt"
"２０","にじゅう, はた","twenty, 20"
"","スモッグ","smog"
"","センス","taste (in fashion, music, etc.), sense (e.g. of humour), flair"
"","バイト","part-time job, side job; part-time worker, part-timer"
"","ヒーター, ヒータ","heater"
"何分","なんぷん","what minute, how many minutes"
"県","けん","prefecture (of Japan), county (of China, Taiwan, Norway, etc.), department (of France), province (of Italy, Spain, etc.)"
"二酸化炭素","にさんかたんそ","carbon dioxide, CO2"
"日本製","にほんせい","made in Japan, Japanese-made"
"捻挫","ねんざ","sprain, twist, wrench"
"廃棄物","はいきぶつ","waste matter, waste, garbage, trash"
"弊社","へいしゃ","our company, our firm"
"口喧嘩","くちげんか, くちけんか","quarrel, dispute, argument"
"環境問題","かんきょうもんだい","environmental problem, environmental issue"
"持て成し","もてなし","hospitality, reception, treatment, service, entertainment; (light) refreshment, entertaining with food and drink, treat"
"","ガイドブック","guidebook"
"","コンタクトレンズ, コンタクト・レンズ","contact lens"
"","サイクリング","cycling, bicycling"
"","タイピスト","typist"
"","フロリダ","Florida"
"","ホームシック","homesickness"
"","たる","(those) who are, (that) which is, in the capacity of"
"困難","こんなん","difficulty, hardship, trouble, distress; infeasibility, inability (to carry out)"
"物凄い","ものすごい","terrific, staggering, tremendous, incredible, extreme; frightful, ghastly, horrific, terrible, awful, gruesome, eerie"
"心得る","こころえる","to know, to understand, to be aware of, to regard as, to take for; to (understand and) accept (a responsibility); to have a knowledge of (a skill, art, etc.), to have a command of, to know (how to do)"
"偶に","たまに","occasionally, once in a while, now and then"
"老婆","ろうば","old woman"
"畑","はたけ, はた","field (for growing wheat, fruit, vegetables, etc.), cultivated land, vegetable plot, kitchen garden, plantation; field (of specialization), sphere, area, line; womb, birth, birthplace"
"姪","めい","niece"
"散歩","さんぽ","walk, stroll"
"","スーツ","suit (clothing); suit"
"颯と","さっと","quickly (esp. actions); suddenly (esp. wind, rain, etc.)"
"辿る","たどる","to follow (a road, path, etc.), to trace; to follow (a clue, scent, tracks, plot, etc.), to trace (a route, history, family tree, etc.), to retrace (e.g. one's memory), to search, to go over; to head towards (of a situation), to go in the direction of, to take (a course), to pursue (a path), to meet (a fate)"
"姉さん","ねえさん, あねさん","older sister, elder sister; young lady; miss; ma'am"
"日本語","にほんご, にっぽんご","Japanese (language)"
"曲がる","まがる","to bend, to curve, to warp, to wind, to twist; to turn; to be awry, to be askew, to be crooked"
"寄越す","よこす","to send, to forward; to hand over (e.g. money)"
"紳士","しんし","gentleman"
"序でに","ついでに","while (one is at it), when, on the occasion of, at the same time (as), on one's way (to), by the way, incidentally, in passing"
"風呂","ふろ","bath, bathing, bathtub, bathroom; bathhouse, public bath; room for drying lacquerware; base (wooden joint connecting the blade of a hoe, spade, etc., to the handle)"
"結びつく","むすびつく","to be related, to be connected, to be joined together; to result in, to lead to, to bring about"
"玉","たま","ball, sphere, globe, orb; bead (of sweat, dew, etc.), drop, droplet; ball (in sports), pitch (e.g. in baseball); pile (of noodles, etc.); bullet; bulb (i.e. a light bulb); lens (of glasses, etc.); bead (of an abacus); ball (i.e. a testicle); gem, jewel (esp. spherical; sometimes used figuratively), pearl; female entertainer (e.g. a geisha); person (when commenting on their nature), character; item, funds or person used as part of a plot; egg; okonomiyaki; coin; precious, beautiful, excellent"
"作","さく","work (e.g. of art), piece, production; harvest, crop, yield, cultivation, tillage; technique"
"","ああ","like that, so"
"裾","すそ","hem, (trouser) cuff, shirttail, bottom (of a kimono), train (of a dress); bottom part, bottom edge; foot (of a mountain); tips (of hair); downstream"
"応える","こたえる","to respond, to answer, to meet (e.g. demands, expectations); to affect, to take a toll, to strike home, to have an effect on, to be hard on someone (e.g. heat, cold, work, illness, etc.), to be a strain"
"兵隊","へいたい","soldier, sailor"
"鋳物","いもの","casting, cast-metal object"
"定める","さだめる","to decide, to determine; to establish, to lay down, to prescribe, to provide, to stipulate; to bring peace (to), to make peaceful"
"清い","きよい","clean, clear; pure, honest, clean, innocent, platonic, chaste"
"泊まる","とまる","to stay at (e.g. hotel); to be docked, to be berthed, to be moored"
"縫う","ぬう","to sew, to stitch; to weave one's way (e.g. through a crowd)"
"爪","つめ","nail (e.g. fingernail, toenail), claw, talon, hoof; plectrum, pick; hook, clasp"
"浜","はま, ハマ","beach, seashore; captured pieces, captured stones; Yokohama; riverbank, riverside"
"冷める","さめる","to cool down, to get cold; to cool off (excitement, temper, etc.), to subside, to dampen, to fade, to wane; to be cold (eyes, expression, etc.), to be composed"
"拳銃","けんじゅう","pistol, handgun"
"習慣","しゅうかん","habit; (social) custom, practice, convention, tradition"
"叔母","おば, はくぼ, しゅくぼ","aunt"
"宜しく","よろしく","well, properly, suitably; best regards, please remember me, please treat me favorably (favourably), please take care of, please do; just like ..., as though one were ...; by all means, of course"
"同士","どうし, どし","fellow, mutual, companion, comrade"
"最中","さいちゅう, さなか","(in) the middle of, (in) the midst of, (in) the course of, (at) the height of"
"少佐","しょうさ","major, lieutenant commander, wing commander"
"僕ら","ぼくら","we, us"
"回転","かいてん","rotation, revolution, turn, spin; working (e.g. of one's mind), function; turnover (of goods, funds, etc.), circulation, flow (of customers); rotation, curl; slalom"
"上手く行く","うまくいく","to go smoothly, to turn out well, to do the trick, to have peaceful relations"
"大将","たいしょう, だいしょう","general, admiral; head, chief, leader, boss, kingpin; old chap, mate, boss, chief, man; athlete who competes in the last match of a team competition (kendo, judo, etc.)"
"焼ける","やける","to burn, to burn down, to go down in flames; to be roasted, to be thoroughly cooked; to be sunburnt, to fade (in the sun); to glow red (i.e. of the sky at sunset); to become hot (from the sun); to be jealous, to be envious"
"詰める","つめる","to stuff into, to jam, to cram, to pack, to fill, to plug, to stop up; to shorten, to move closer together; to reduce (spending), to conserve; to focus intently on, to strain oneself to do; to go through thoroughly, to work out (details), to bring to a conclusion, to wind up; to be on duty, to be stationed; to corner (esp. an opponent's king in shogi), to trap, to checkmate; to cut off (one's finger as an act of apology), to catch (one's finger in a door, etc.); to do non-stop, to do continuously, to keep doing (without a break); to do completely, to do thoroughly; to force someone into a difficult situation by ..."
"対象","たいしょう","target, object (of worship, study, etc.), subject (of taxation, etc.), coverage"
"幻","まぼろし","phantom, vision, illusion, apparition; something fleeting, short-lived dream; fabled item, mythical thing, very rare thing"
"苦い","にがい","bitter"
"１１月","じゅういちがつ","November; eleventh month of the lunar calendar"
"迷惑","めいわく","trouble, bother, annoyance, nuisance, inconvenience; to be troubled (by), to be bothered (by), to be inconvenienced (by)"
"任せる","まかせる","to leave (a matter, decision, etc. to someone), to entrust (to someone), to entrust (someone) with; to leave (to chance, one's imagination, etc.), to let (take its own course), to let (happen), to give (oneself to something); to use (money, strength, spare time, etc.) to the full, to use freely, to use without reserve"
"公爵","こうしゃく","prince, duke"
"相応しい","ふさわしい","appropriate, adequate, suitable, fitting, worthy"
"鈍い","にぶい","dull (e.g. a knife), blunt; thickheaded, obtuse, stupid; dull (sound, color, etc.), dim (light); slow, sluggish, inert, lethargic; insensitive, dull (e.g. reflexes), unperceptive, unfeeling"
"通り","とおり","street, road, avenue, thoroughfare; traffic, coming and going; flow (of water, air, etc.), passage, running; transmission (of sound), reach (of voice); reputation, favor, favour, popularity; understanding, comprehension, comprehensibility, clarity; the same way (as), as (follows, stated, expected, etc.); counter for sets of things; counter for methods, ways, kinds, etc."
"自転車","じてんしゃ, じでんしゃ","bicycle, bike"
"回復","かいふく","restoration, recovery, rehabilitation, return, improvement; recovery (from an illness), recuperation, convalescence"
"立ち止まる","たちどまる, たちとまる","to stop (in one's tracks), to come to a stop, to halt, to pause, to stand still"
"邸内","ていない","grounds, premises"
"証言","しょうげん","testimony, (verbal) evidence"
"生える","はえる","to grow, to spring up, to sprout; to cut (teeth)"
"友","とも","friend, companion, comrade, pal; accompaniment, companion (e.g. book), complement, accessory"
"次々","つぎつぎ","in succession, one by one"
"押し付ける","おしつける","to press against, to push against, to force against; to foist on (task, responsibility), to impose (one's will)"
"可哀想","かわいそう","poor, pitiable, pathetic, pitiful"
"","トラック","truck, lorry"
"罠","わな","trap (for catching animals), snare; trap, trick, ruse"
"交渉","こうしょう","negotiations, bargaining, discussions, talks; connection, relationship, relations, dealings"
"大河","たいが","large river"
"大佐","たいさ, だいさ","colonel, (navy) captain"
"戸惑う","とまどう","to be bewildered, to be perplexed"
"立ち去る","たちさる","to leave, to depart, to take one's leave"
"二期","にき","two periods, two terms"
"弁","べん","speech, tongue, talk, eloquence; dialect, brogue, accent; bento, Japanese box lunch; petal; valve; Oversight Department, division of the daijokan under the ritsuryō system responsible for controlling central and provincial governmental offices"
"彫る","ほる, える","to carve, to engrave, to sculpt, to chisel; to tattoo"
"小声","こごえ","low voice, whisper"
"","プロ","professional, pro; program; production; proletarian, proletariat; propaganda"
"解釈","かいしゃく","interpretation, explanation, reading, construction"
"８日","ようか","8th day of the month; eight days"
"堂","どう","temple, shrine, chapel; hall; company; front room"
"大尉","たいい, だいい","captain (Army, US Marine Corps, USAF), lieutenant (Navy), flight lieutenant (RAF, RAAF, RNZAF, etc.)"
"婆さん","ばあさん, ばーさん","grandmother; old woman, female senior citizen"
"詩人","しじん","poet"
"鎖","くさり","chain, chains"
"退屈","たいくつ","tedious, boring, dull, uninteresting, tiresome, monotonous; to feel bored, to get bored (with), to get tired (of)"
"様に","ように","like, as; so that, in order that, so as to, in order to; be sure to; I hope (that), I pray (that), may"
"着替える","きがえる, きかえる","to change (one's clothes)"
"旧","きゅう","old, former, ex-; the old, old things, old customs; old times, bygone days; Japan's old (lunisolar) calendar"
"見物","けんぶつ","sightseeing, watching, viewing; sightseer, spectator, viewer, onlooker"
"黄金","おうごん","gold (Au); golden, prosperous, excellent, superb; money (esp. ōban coin), cash"
"原稿","げんこう","manuscript, copy, draft, notes, contribution"
"あり得ない","ありえない","impossible; unthinkable, ridiculous, absurd"
"集団","しゅうだん","group, mass"
"中学","ちゅうがく","junior high school, middle school, lower secondary school"
"宣伝","せんでん","publicity, advertisement, advertising, propaganda"
"恋愛","れんあい","love, love-making, passion, emotion, affections"
"奴隷","どれい","slave, servant; slavery"
"魅力","みりょく","charm, fascination, glamour, glamor, attraction, appeal"
"注","ちゅう","annotation, explanatory note, comment"
"看護婦","かんごふ","(female) nurse"
"１２月","じゅうにがつ","December; twelfth month of the lunar calendar"
"遠慮","えんりょ","reserve, constraint, restraint, modesty, diffidence, hesitation, holding back, discretion, tact, thoughtfulness; declining, refraining; forethought, foresight"
"虎","とら, トラ","tiger (Panthera tigris); drunkard, drunk, sot"
"針","はり, ち","needle, pin; hook; stinger, thorn; hand (e.g. clock, etc.), pointer; staple (for a stapler); needlework, sewing; malice; counter for stitches"
"些とも","ちっとも","(not) at all, (not) a bit, (not) in the least, (not) in the slightest"
"祭る","まつる","to deify, to enshrine; to pray, to worship"
"必死","ひっし","frantic, frenetic, desperate; inevitable death; brinkmate (inevitable checkmate)"
"見下ろす","みおろす","to overlook, to command a view of, to look down on; to despise, to look down on"
"割に","わりに","comparatively, relatively, fairly, rather, pretty, unexpectedly; considering ..., for ..., despite ..., in spite of ..."
"技","わざ, ぎ","technique, art, skill, move"
"","エネルギー, エネルギ","energy; energy, strength, power, stamina, get-up-and-go; energy source, energy resource; food energy, calories"
"伝説","でんせつ","legend, folklore, tradition"
"荒い","あらい","rough, wild, violent, rude, coarse, harsh, fierce, heavy (e.g. breathing); immoderate, extravagant, reckless"
"","ニュース, ニューズ","news"
"可笑しな","おかしな","funny, amusing, comical, laughable, ridiculous; strange, odd, funny, peculiar, weird, wrong, unusual, eccentric; wrong, unsuitable, improper, inappropriate, unbecoming; suspicious"
"局","きょく","bureau, department; office (e.g. post, telephone), broadcasting station (e.g. television, radio), channel, exchange; affair, situation; game (of go, shogi, etc.)"
"生物","せいぶつ","living thing, organism, creature, life; biology"
"遭難","そうなん","(meeting with) disaster, (having an) accident, mishap, shipwreck, distress"
"道場","どうじょう","dojo, hall used for martial arts training; manda (place of Buddhist practice or meditation, esp. the place under the bodhi tree where Buddha attained enlightenment)"
"食堂","しょくどう","dining room, dining hall, cafeteria, canteen, messroom; restaurant, eatery, snack bar, diner"
"止める","とめる","to stop, to turn off; to park; to prevent, to suppress (a cough), to hold back (tears), to hold (one's breath), to relieve (pain); to stop (someone from doing something), to dissuade, to forbid, to prohibit; to notice, to be aware of, to concentrate on, to pay attention to, to remember, to bear in mind; to fix (in place), to fasten, to tack, to pin, to nail, to button, to staple; to detain, to keep in custody"
"卒業","そつぎょう","graduation, completion (of a course); moving on (from), outgrowing (something); leaving (a group, company, etc.), quitting"
"","ボート","boat; rowboat, rowing boat"
"据える","すえる","to place (in position), to fix, to set (e.g. table), to lay (foundation); to install, to seat (someone); to settle (upon something), to fix (e.g. one's gaze); to apply (moxa)"
"霞む","かすむ","to become misty, to become hazy; to get blurry, to grow dim; to be overshadowed, to be upstaged, to be outshone"
"何年","なんねん","how many years, how long; what year"
"４日","よっか","4th day of the month; four days"
"怪物","かいぶつ","monster"
"編む","あむ","to knit, to plait, to braid; to compile (anthology, dictionary, etc.), to edit"
"現象","げんしょう","phenomenon"
"何という","なんという, なんとゆう","how (beautiful, etc.), what a ...; nothing worth mentioning, nothing special; of what name"
"泉","いずみ","spring, fountain"
"身につける","みにつける","to learn, to acquire knowledge; to carry, to wear (clothes, etc.), to put on"
"染める","そめる","to dye, to colour, to color"
"下げる","さげる","to hang, to suspend, to wear (e.g. decoration); to lower, to reduce, to bring down; to demote, to move back, to pull back; to clear (plates), to remove (food, etc. from table or altar); to keep on playing after one has formed a scoring combination with captured cards"
"受け入れる","うけいれる","to accept, to receive, to agree"
"陸軍","りくぐん","army"
"暑い","あつい, あづい, あぢぃ, あぢー, あぢい, あっつい","hot, warm, sultry, heated; passionate, impassioned, burning (desire, etc.); on everybody's mind, on the radar, du jour, interested (gaze, etc.)"
"誰でも","だれでも","anyone, anybody, everyone, everybody, whoever"
"狐","きつね, けつね, きつ, キツネ","fox (esp. the red fox, Vulpes vulpes); fox (i.e. a sly person); soba or udon topped with deep-fried tofu; light brown, golden brown"
"嫌がる","いやがる","to appear uncomfortable (with), to seem to hate, to express dislike"
"惑星","わくせい","planet; dark horse, surprise contender"
"画面","がめん","screen (of a TV, computer, etc.); image (on a screen), picture, scene; surface of a painting (picture, drawing, etc.)"
"座敷","ざしき","tatami room, tatami mat room, formal Japanese room; dinner party in a tatami room (esp. when a geisha or maiko attends)"
"精々","せいぜい","at the most, at best; to the utmost, as much as possible, as much as one can"
"微妙","びみょう, ビミョー","subtle, delicate, fine; difficult, complex, tricky, delicate (situation, position, etc.), close (e.g. decision); doubtful, questionable, dicey; not great, iffy"
"又は","または","or, either ... or ..."
"洋袴","ズボン","trousers, pants"
"権利","けんり","right, privilege"
"手足","てあし, しゅそく","hands and feet, limbs; person at one's beck and call, person at hand, reliable worker"
"無用","むよう","useless, futile; unnecessary, needless; not on business, unrelated, unauthorised, unauthorized; prohibited, banned, forbidden"
"魔術","まじゅつ","magic, sorcery, witchcraft; magic tricks (with large-scale props)"
"唱える","となえる","to recite, to chant; to cry, to yell, to shout; to advocate, to advance, to preach, to insist"
"如何","いかが","how, in what way, how about; questionable"
"その内に","そのうちに","before very long, soon, someday, one of these days, sooner or later"
"会長","かいちょう","president (of a society), chairman"
"内心","ないしん","inner thoughts, real intention, inmost heart, one's mind; at heart, deep down, on the inside; inner center (centre)"
"差す","さす","to shine; to be visible; to be tinged with; to rise (of water levels), to flow in; to be felt (i.e. as an emotion), to come over one; to hold up (an umbrella, etc.), to put up, to raise; to extend one's arm straight ahead (in dance); to insert, to put in; to wear (a sword) in one's belt, to wear at one's side, to carry under one's arm; to insert one's arm under an opponent's arm; to pole (a boat); to pour, to add (liquid), to serve (drinks); to put on (lipstick, etc.), to apply, to colour, to dye; to light (a fire), to burn; to shut, to close, to lock, to fasten; to stop in the midst of, to leave undone"
"仕方","しかた","way, method, means, resource, course"
"同意","どうい","agreement, consent, approval, assent; same opinion, same view; same meaning"
"有様","ありさま, ありよう","state, condition, circumstances, sight, spectacle; the way things should be, ideal state; truth"
"剥ける","むける","to peel off, to come off, to be taken off"
"大正","たいしょう","Taishō era (1912.7.30-1926.12.25), Taisho era"
"一家","いっか, いっけ","a family, a household, a home, one's family, whole family; (one's own) style, school; gang, (yakuza) family"
"判事","はんじ","judge, judiciary"
"評判","ひょうばん","reputation, (public) estimation, popularity; rumour, rumor, talk (e.g. of the town); fame, notoriety"
"宝石","ほうせき","gem, jewel, precious stone"
"具","ぐ","tool, means; ingredients (added to soup, rice, etc.); counter for sets of armor, utensils, furniture, etc."
"室内","しつない","indoor, inside the room"
"皮膚","ひふ","skin"
"防ぐ","ふせぐ","to defend against, to protect against; to prevent, to avert, to avoid"
"動機","どうき","motive, incentive; motif"
"一般","いっぱん","general, universal; ordinary, average, common, non-celebrity; the same, no different, (just) as if"
"掃除","そうじ","cleaning, sweeping, dusting, scrubbing"
"満たす","みたす","to satisfy (conditions, one's appetite, etc.), to meet (e.g. demands), to fulfill, to gratify; to fill (e.g. a cup), to pack, to supply"
"動揺","どうよう","shaking, trembling, pitching, rolling, oscillation; disturbance, unrest, agitation, excitement, commotion, turmoil, discomposure, feeling shaken"
"挙句","あげく","after (a long process), at the end of; last line (of a renga)"
"周辺","しゅうへん","circumference, outskirts, environs, around, in the area of, in the vicinity of; (computer) peripheral"
"厄介","やっかい","trouble, burden, nuisance, bother, worry; care, dependence, support, kindness, obligation, staying (with a person)"
"滝","たき","waterfall; rapids"
"資料","しりょう","material, materials, data, information, documents"
"小柄","こがら","small build, small stature, petite; small pattern"
"服装","ふくそう","attire, dress, clothes, clothing, costume, garb"
"信仰","しんこう","(religious) faith, belief, creed"
"貫く","つらぬく","to go through, to pierce, to penetrate; to run through (e.g. a river through a city), to pass through; to stick to (opinion, principles, etc.), to carry out, to persist with, to keep (e.g. faith), to maintain (e.g. independence)"
"感触","かんしょく","feel (of something), touch, texture, sensation; feeling, impression"
"秘書","ひしょ","(private) secretary; treasured book, secret book"
"導く","みちびく","to guide, to lead, to show the way, to conduct; to derive, to deduce"
"監視","かんし","monitoring, watching, observation, surveillance, guarding, supervision, lookout"
"四つ","よっつ, よつ","four, 4; four years of age; ten o'clock (in the old time system); burakumin; cross grips"
"開発","かいはつ, かいほつ","development, exploitation (of resources)"
"","リア, リヤ","rear"
"認識","にんしき","recognition, awareness, perception, understanding, knowledge, cognition, cognizance, cognisance"
"乱暴","らんぼう","violence, assault, rowdiness, wildness, running riot; rough (handling, language, etc.), reckless, careless, coarse, rude, unreasonable (e.g. demand), wild (e.g. argument); rape, sexual assault"
"掘る","ほる","to dig, to excavate, to hollow; to delve into; to dig up (e.g. vegetables); (for two men) to have anal sex"
"呆れる","あきれる","to be amazed, to be shocked, to be astonished, to be astounded, to be disgusted, to be exasperated, to be fed up"
"見出す","みいだす, みだす","to find out, to discover, to notice, to detect; to select, to pick out; to look out (from the inside); to be wide-eyed (in surprise, anger, etc.)"
"示唆","しさ","suggestion, hint, implication"
"汚い","きたない","dirty, filthy, foul, unclean; disordered, messy, untidy, poor (e.g. handwriting); indecent (language, etc.), dirty, vulgar, coarse; dastardly, mean, base, underhanded; stingy, greedy"
"国王","こくおう","king, queen, monarch, sovereign; the Crown (as a focus of authority in the UK, etc.), the throne"
"財産","ざいさん","property, fortune, assets"
"練習","れんしゅう","practice, training, drill, (an) exercise, workout"
"諸君","しょくん","you (people); gentlemen, ladies and gentlemen, my friends, everyone"
"様になる","ようになる","to reach the point where ..., to come to ..., to come to be that ..., to start to ..., to begin to ..."
"代表","だいひょう","representation, representative, delegate, delegation; exemplification, typification, being representative of, being typical of, representative example, exemplar, model; leader; switchboard number, main number"
"収まる","おさまる","to fit into (a box, frame, category, etc.), to be contained within, to fall within (e.g. a budget); to settle down (into), to be installed (in one's rightful place), to be returned (to one's original position); to settle into (one's position), to take up (a post), to occupy (a role); to be delivered, to be paid (e.g. taxes); to be settled (dispute, conflict, etc.), to be sorted, to subside (e.g. wind), to calm down, to abate; to be satisfied (e.g. with an answer), to consent, to agree"
"何事","なにごと","what, what sort of thing; everything, anything; what (on earth)?, what's the meaning of this ...?, what's this ... all about?"
"支度","したく","preparation, arrangements"
"母さん","かあさん, かかさん","mother; wife"
"豆","まめ, マメ","legume (esp. edible legumes or their seeds, e.g. beans, peas, pulses), bean, pea; soya bean (Glycine max), soybean, soy; female genitalia (esp. the clitoris); kidney; small, miniature, baby, midget, small-scale; child"
"お負けに","おまけに","to make matters worse, besides, what's more, in addition, on top of that"
"性質","せいしつ","nature (of a person), disposition, temperament, character; quality, inherent characteristic, property, nature, (chemical) behavior"
"空中","くうちゅう","sky, air, mid-air"
"晴れる","はれる","to clear up, to clear away, to be sunny, to stop raining; to refresh (e.g. spirits); to be cleared (e.g. of a suspicion); to be dispelled, to be banished"
"","バレル, バーレル","barrel"
"霜","しも","frost; white hair, grey hair, gray hair"
"召す","めす","to call, to summon, to send for, to invite; to eat, to drink; to put on, to wear; to buy, to purchase; to take (a bath); to ride, to get in (a vehicle), to take; to catch (a cold); to put on (years), to get old; to strike one's fancy, to please one; to do; to commit seppuku; indicates respect"
"担ぐ","かつぐ","to shoulder, to carry on one's shoulder; to nominate for a position, to choose as a representative; to take (someone) for a ride, to deceive, to take in; to be caught up in superstition"
"妖精","ようせい","fairy, sprite, elf"
"","チャンス","chance, opportunity"
"出現","しゅつげん","appearance, emergence, advent, arrival, showing up, coming to existence"
"譲る","ゆずる","to hand over, to transfer, to turn over, to assign, to convey, to bequeath; to give up (e.g. one's seat), to give way; to yield, to concede, to give ground, to surrender; to sell; to postpone, to put off, to defer"
"攻める","せめる","to attack, to assault, to assail"
"犯す","おかす","to commit (e.g. crime), to perpetrate, to make (e.g. mistake); to break (e.g. rule), to violate, to transgress, to contravene; to rape, to violate, to ravish, to deflower"
"自慢","じまん","pride, boast"
"筋","すじ, スジ","muscle, tendon, sinew; vein, artery; fiber, fibre, string; line, stripe, streak; reason, logic; plot, storyline; lineage, descent; school (e.g. of scholarship or arts); aptitude, talent; source (of information, etc.), circle, channel; well-informed person (in a transaction); logical move (in go, shogi, etc.); ninth vertical line; seam on a helmet; gristly fish paste (made of muscle, tendons, skin, etc.); social position, status; on (a river, road, etc.), along; counter for long thin things, counter for roads or blocks when giving directions; street (in Osaka); (Edo period) counter for hundreds of mon (obsolete unit of currency)"
"決まって","きまって","always, without fail, invariably, usually, regularly"
"先進国","せんしんこく","advanced (developed) country, advanced nations"
"収支","しゅうし","income and expenditure"
"地","ち","earth, ground, land, soil; place; territory; bottom (of a package, book, etc.); earth (one of the five elements)"
"過半数","かはんすう","majority"
"床","とこ","bed, bedding; sickbed; alcove; riverbed; seedbed; straw ""core"" of a tatami mat; floor"
"不振","ふしん","dullness, slump, stagnation, inactivity, depression"
"実","じつ, じち","truth, reality; sincerity, honesty, fidelity; content, substance; (good) result"
"未満","みまん","less than, under, below"
"住み心地","すみごこち, すみここち","(level of) comfort (in the place one lives)"
"売れ行き","うれゆき","sales, demand"
"始まり","はじまり","origin, beginning, start"
"現行犯","げんこうはん","flagrante delicto, caught red-handed"
"歩","ほ","step, stride; counter for steps"
"辺","へん","area, vicinity, region; side, edge; circumstances"
"無断","むだん","absence of permission, lack of permission; absence of (advance) notice, lack of notice"
"具体化","ぐたいか","embodiment, materialization, actualization, realization, taking form, taking shape"
"採点","さいてん","marking, grading, scoring"
"拳","こぶし","fist"
"未払い","みはらい, みばらい","unpaid, overdue"
"落ち着き","おちつき","calmness, composure, presence of mind; stability, steadiness"
"手話","しゅわ","sign language"
"未解決","みかいけつ","unsolved, unresolved, unsettled, pending, outstanding"
"論点","ろんてん","point in question (at issue)"
"脅し","おどし","threat; bird-scaring device (scarecrow, gun, etc.)"
"遺言","ゆいごん","will, testament, one's dying wish, one's last words"
"恨み","うらみ","resentment, grudge, malice, bitterness; matter for regret, regret"
"豊作","ほうさく","abundant harvest, bumper crop"
"議案","ぎあん","legislative bill, measure; agenda item"
"人工衛星","じんこうえいせい","artificial satellite, man-made satellite"
"訪れ","おとずれ","visit, call; arrival (e.g. of spring), advent, coming, appearance; news, tidings, word"
"借り","かり","borrowing, debt, loan"
"満席","まんせき","full house, all seats occupied, fully occupied"
"つぎ込む","つぎこむ","to invest in, to sink money into, to put into, to lay out (funds), to inject, to impregnate, to infuse, to instill, to implant, to imbue, to focus (attention, efforts)"
"好天","こうてん","fine weather"
"持ち帰り","もちかえり","takeout (food), take-out, takeaway, carry-out, to-go"
"山火事","やまかじ","forest fire, wildfire, bushfire"
"折り返し","おりかえし","by return, (call or write back) without delay; lapel, cuff, turn-up, flap; going back, returning, turn (marathon, swimming, etc.); chorus, refrain; shuttle service; aliasing (in imaging); back-to-back, BTB; wrapping (text on computer screen), wrap"
"総計","そうけい","total, sum total, total amount"
"海抜","かいばつ","height above sea level"
"厳守","げんしゅ","strict observance, rigid adherence, scrupulous compliance"
"禁酒","きんしゅ","abstinence from alcohol, temperance; prohibition of drinking"
"刺","とげ, トゲ","thorn, spine, prickle; splinter (esp. lodged in one's flesh), hard sharp item (esp. lodged in one's throat, e.g. fish bone); biting words"
"慣らす","ならす","to accustom, to train (e.g. one's ear); to tame, to domesticate, to train (an animal)"
"儲け","もうけ","profit, earnings"
"","メイド, メード","maid"
"温度計","おんどけい","thermometer"
"丸","まる, マル","circle; entirety, whole, full, complete; money, dough, moola; enclosure inside a castle's walls; soft-shelled turtle; suffix for ship names, suffix for names of people (esp. infants), suffix for names of swords, armour, musical instruments, etc., suffix for names of dogs, horses, etc."
"競争力","きょうそうりょく","competitiveness, competitive edge, competitive power"
"健康診断","けんこうしんだん","health checkup, (general) medical examination, physical examination"
"摂氏","せっし","Celsius, centigrade"
"頭","とう","counter for large animals (e.g. head of cattle), counter for insects in a collection, counter for helmets, masks, etc."
"罰","ばつ","punishment, penalty"
"表","ひょう","table, chart, list; memorial to an emperor"
"謎々","なぞなぞ","riddle, puzzle, enigma"
"時は金なり","ときはかねなり","time is money"
"","コアラ","koala"
"得撒","テキサス, テクサス","Texas"
"","ポップス","pop music, popular music"
"凭れる","もたれる","to lean against, to lean on, to recline on; to lie heavy (on the stomach), to be uneasily digested"
"","チーズケーキ, チーズ・ケーキ","cheese cake"
"直行便","ちょっこうびん","non-stop flight, direct flight"
"孤独","こどく","solitude, loneliness, isolation"
"お袋","おふくろ, オフクロ","(one's) mother"
"怯える","おびえる","to become frightened, to be frightened (of), to be scared (of)"
"不審","ふしん","doubt, suspicion, question, strangeness"
"場面","ばめん","scene, setting, place (where something happens), scenario, case; scene (in a movie, play), shot; state of the market"
"どうでも良い","どうでもいい, どうでもよい","inconsequential, indifferent, not worth worrying about, trivial; whatever, whichever, I don't care"
"来","らい","next (year, spring, etc.), coming; since (e.g. last month), for (e.g. 20 years)"
"尊敬","そんけい","respect, esteem, reverence, honour, honor"
"動作","どうさ","movement (of the body), action, motion, gesture; bearing, carriage, behaviour, behavior, demeanour, demeanor; operation (of a machine, software, etc.), running, working, functioning"
"杯","さかずき, さかづき, うき","sake cup, cup for alcoholic beverages"
"笑い声","わらいごえ","(sound of) laughter, laughing voice"
"話し合う","はなしあう","to discuss, to talk together"
"市民","しみん","citizen (of a country), citizenry; citizen (of a city), resident, inhabitant, townspeople; bourgeoisie, middle class"
"眼差し","まなざし","(a) look, gaze"
"岸","きし","bank, coast, shore"
"運転","うんてん","operation (of a machine), running, working; driving (a vehicle); use (of capital, funds, etc.), management, investment"
"幕府","ばくふ","shogunate, bakufu; shogun's headquarters; Imperial Guards office, residence of the Imperial Guards commander"
"戦後","せんご","postwar period, period after Second World War"
"時折","ときおり, ときより","sometimes, at intervals, occasionally, on occasion, from time to time"
"嫉妬","しっと","jealousy, envy"
"捧げる","ささげる","to lift up, to hold up, to hold above eye level; to give, to offer, to consecrate; to devote, to sacrifice, to dedicate"
"曖昧","あいまい","vague, ambiguous, unclear; shady, disreputable; fuzzy"
"","バッグ, バック","bag"
"ああ言う","ああいう, ああゆう, あーゆー, あーいう","that sort of, like that"
"不快","ふかい","displeasure, discomfort, unpleasantness; indisposition, ailment"
"称する","しょうする","to call, to name; to call oneself ..., to go by the name of ...; to purport (to be), to profess, to claim, to pretend, to feign; to praise, to applaud"
"記者","きしゃ","reporter, journalist"
"ご主人","ごしゅじん","your husband, her husband"
"咲く","さく","to bloom, to flower, to blossom, to open; to rise up (of breaking waves)"
"事務","じむ","office work, clerical work, administration, business, affairs"
"塞ぐ","ふさぐ","to stop up, to close up, to block (up), to plug up, to shut up, to cover (ears, eyes, etc.), to close (eyes, mouth); to stand in the way, to obstruct; to occupy, to fill up, to take up; to perform one's role, to do one's duty; to feel depressed, to be in low spirits, to mope"
"","トイレ","toilet, restroom, bathroom, lavatory; going to the toilet, relieving oneself"
"尖る","とがる, とんがる","to taper to a point, to become pointed, to become sharp; to be on edge, to be nervous, to be irritable, to be touchy; to be sharp (of a voice, words, etc.), to be harsh, to be angry, to look displeased, to look sour; to be provocative, to be radical, to be rebellious"
"褒める","ほめる","to praise, to commend, to compliment, to speak well of, to speak highly of"
"売れる","うれる","to sell (well); to be well known, to be popular, to be famous"
"興す","おこす","to vitalize (e.g. an industry), to invigorate, to energize, to revive, to promote, to make prosperous; to establish (e.g. a company), to build up, to set up, to launch, to commence"
"機能","きのう","function, facility, faculty, feature"
"","ボール","ball; ball (pitch delivered outside the strike zone)"
"実験","じっけん","experiment, experimentation"
"曇る","くもる","to get cloudy, to cloud over, to become overcast; to cloud up, to fog up, to mist up, to become dim; to be gloomy, to be clouded (expression), to be downcast; to look slightly downward (of a noh mask; indicating sadness, grief, etc.)"
"計る","はかる","to measure, to weigh, to survey, to time (sound, gauge, estimate); to conjecture, to infer, to surmise"
"お宅","おたく","your house, your home, your family; your husband; your organization; you"
"旁","つくり","right-hand radical of a character"
"写る","うつる","to be photographed, to be projected"
"器","うつわ","bowl, vessel, container; ability, capacity, calibre, caliber"
"泥棒","どろぼう, ドロボー, どろぼー","thief, burglar, robber; theft, burglary, robbery"
"天使","てんし","angel"
"髪の毛","かみのけ","hair (on the head), (a) hair"
"付近","ふきん","neighborhood, neighbourhood, vicinity, environs, surrounding area, district"
"好奇心","こうきしん","curiosity, inquisitiveness"
"あの方","あのかた","that gentleman, that lady, he, she"
"古代","こだい","ancient times, distant past, antiquity"
"今にも","いまにも","at any moment (now), at any minute, on the verge of (doing), just about to"
"陽気","ようき","cheerful, jovial, merry, lively; weather, season; spirit of yang"
"","メモ","note, memo, memorandum"
"","スト","strike (i.e. industrial action)"
"","どうにか","in some way or other, one way or another, somehow, only just, barely"
"暗闇","くらやみ","darkness, the dark"
"幾つ","いくつ","how many; how old"
"王女","おうじょ, おうにょ","princess"
"選手","せんしゅ","player (of a sport), athlete, team member"
"死者","ししゃ","dead person, (the) deceased, (the) dead, casualties"
"見合わせる","みあわせる","to exchange glances, to look at each other; to postpone, to put off, to withhold, to abandon; to contrast, to compare"
"操る","あやつる","to operate (e.g. a machine), to handle, to manage, to control, to maneuver, to steer; to have a good command of (a language), to play proficiently (of a musical instrument); to work (a puppet), to pull the strings of a puppet; to manipulate (a person, public opinion, etc.), to pull the strings, to control from the shadows, to mastermind"
"猿","さる, サル","monkey (esp. the Japanese macaque, Macaca fuscata), ape, non-human primate; sly person; idiot, hick; sliding wooden bolt (for holding a door or window shut); clasp used to control the height of a pot-hook; bathhouse prostitute"
"","こっそり, コッソリ","stealthily, secretly, in secret"
"早める","はやめる","to bring forward (e.g. by 3 hours), to advance, to hasten (e.g. one's death), to expedite, to precipitate; to quicken (e.g. one's step), to speed up, to accelerate"
"師匠","ししょう","master, teacher; stable master"
"健康","けんこう","health; healthy, sound, fit, wholesome"
"淡い","あわい","light, faint, pale, fleeting"
"戦士","せんし","soldier, combatant, warrior"
"特徴","とくちょう","feature, trait, characteristic, peculiarity, distinction"
"考え方","かんがえかた","way of thinking, point of view, opinion, approach (e.g. to a problem), attitude"
"方角","ほうがく","direction, way; point of the compass, cardinal direction, bearing; method, means, approach"
"","システム","system"
"近寄る","ちかよる","to approach, to draw near"
"欲望","よくぼう","desire, appetite, lust"
"撮る","とる","to take (a photograph); to record (audio or video), to film, to shoot"
"除く","のぞく","to remove, to get rid of, to take away, to eliminate; to exclude, to except, to leave out, to omit; to kill (a traitor, opponent, etc.)"
"一回","いっかい","once, one time, one round, one game, one bout, one heat, one inning"
"","スピード","speed"
"咄嗟に","とっさに","at once, immediately, instantly, in an instant, quickly, suddenly, on the spur of the moment"
"実行","じっこう","execution (e.g. of a plan), carrying out, (putting into) practice, action, implementation, fulfillment, realization; execution (of a program), run"
"竹","たけ, タケ","bamboo (any grass of subfamily Bambusoideae); middle (of a three-tier ranking system)"
"日記","にっき","diary, journal"
"稼ぐ","かせぐ","to earn (income), to make (money); to score (points, victory), to gain (time), to play (for time); to work hard (at one's job), to labor, to labour, to toil"
"何人か","なんにんか","some people, a number of people, several people, a few people"
"誤解","ごかい","misunderstanding"
"半年","はんとし, はんねん","half a year, six months"
"贈る","おくる","to give (as a gift), to present; to confer, to bestow, to award"
"関わる","かかわる","to be involved (in), to get involved (in), to concern oneself (with), to take part (in), to interfere (in); to relate to (a matter), to pertain to, to concern, to have to do with; to (seriously) affect, to concern, to have a serious bearing (on); to stick (to), to adhere (to), to be particular (about)"
"義務","ぎむ","duty, obligation, responsibility"
"探偵","たんてい","detective, investigator, sleuth; detective work, secret investigation"
"警視","けいし","police superintendent"
"指揮","しき","command, direction, supervision; conducting (an orchestra, choir, etc.)"
"提案","ていあん","proposal, proposition, suggestion"
"盆","ぼん","tray; family, household; Obon, Bon Festival, Lantern Festival, Festival of the Dead; gambler's den"
"食","しょく, じき, し","food, foodstuff; eating, appetite; meal, portion"
"中尉","ちゅうい","first lieutenant, lieutenant junior grade"
"巨人","きょじん","giant, great man; Tokyo Giants (baseball team)"
"訳がない","わけがない","there is no way that ...; easy, simple"
"季節","きせつ","season, time of year"
"一匹","いっぴき","one (small animal); two-tan bolt of cloth"
"幕","まく","curtain; act (in a play); falling of the curtain, end (of a scene); end, close; case, occasion, role (to play), part, place; makuuchi, top division"
"取材","しゅざい","gathering material (for an article, novel, etc.), collecting information, covering (an event, incident, etc.), reporting, interview (for a news story)"
"実家","じっか","(one's parents') home"
"指摘","してき","pointing out, identification"
"急","きゅう","sudden, abrupt, unexpected; urgent, pressing; steep, sharp, precipitous; rapid, swift, fast; emergency, crisis, danger; urgency, hurrying, haste; (in gagaku or noh) end of a song"
"離婚","りこん","divorce"
"同化","どうか","assimilation, absorption; adaptation; assimilation, anabolism; assimilation (phonology)"
"羅馬","ローマ","Rome"
"一致","いっち","agreement, accord, correspondence, consistency, coincidence, match; union, unity, cooperation"
"復讐","ふくしゅう","revenge"
"祖母","そぼ, ばば, おおば, おば, うば","grandmother"
"閣下","かっか","your Excellency, his Excellency, her Excellency"
"作用","さよう","action, operation, process, agency, effect, function"
"発言","はつげん","statement, remark, observation, utterance, speech, proposal"
"深夜","しんや","late at night"
"具体的","ぐたいてき","concrete, definite, specific, material, substantial"
"元より","もとより","from the beginning, from the first, all along, originally; of course; not to mention ..., not only ... but also ..., to say nothing of ..."
"嫁","よめ","bride; (one's) daughter-in-law; wife"
"","ホール","hall (dance, concert, etc.); dining area of a restaurant"
"糞","くそ, クソ","damn, damn it, shit, crap; feces, excrement, dung; damn, damned, blasted, stupid; very, extremely, really; terrible, awful, shit, crap; a lot; negligible, insignificant, not mattering at all, counting for nothing, hardly worth consideration, out of the question"
"成長","せいちょう","growth, development, growing up, becoming an adult; growth (of a company, the economy, etc.)"
"持ち出す","もちだす","to take out, to carry out, to bring out from where it belongs; to mention something, to broach a topic, to bring up (a subject), to raise (an issue), to mention"
"斜め","ななめ, なのめ","slanting, tilted, sloping, diagonal, oblique; distorted (feeling), slanted (e.g. view of the world), bad (mood), amiss, awry"
"掲げる","かかげる","to put up (a notice, sign, etc.), to hang out (e.g. a banner), to fly (e.g. a flag), to hoist, to raise, to display; to hold up high, to raise overhead; to tout (a principle, plan, etc.), to herald, to hold up (an ideal), to parade (e.g. a slogan); to publish, to print, to carry (e.g. an article); to tuck up (e.g. sleeves), to roll up; to stoke (a fire), to fan (a flame)"
"男子","だんし","boy; man, male"
"餌","えさ, え, エサ","(animal) feed, fodder, pet food; bait, lure, enticement"
"油","あぶら","oil"
"歩み","あゆみ","walking; pace, step; course (of history, one's life, etc.), history, progress, advance, development; pitch (of a screw, etc.)"
"脱出","だっしゅつ","escape, getting away (from), getting out (of); prolapse, proptosis"
"海岸","かいがん","coast, beach"
"神父","しんぷ","Catholic priest, abbe, reverend father, minister, padre"
"預かる","あずかる","to look after, to take care of, to keep, to hold on to, to keep in custody; to be put in charge of, to be given responsibility for, to be entrusted with; to withhold (an announcement), to reserve (judgment), to leave undecided; to take upon oneself (to do), to settle (a matter) oneself"
"一撃","いちげき","blow, hit, stroke"
"告白","こくはく","confession (to a crime, wrongdoing, etc.), admission; professing one's feelings (to someone one wants to go out with), declaration of love; profession (of faith); confession (of sins)"
"仏","ふつ","France"
"励む","はげむ","to work hard, to try hard, to strive, to endeavour, to endeavor, to devote oneself to, to make an effort, to be zealous"
"非難","ひなん","criticism, blame, censure, attack, reproach"
"将校","しょうこう","commissioned officer"
"軍人","ぐんじん","serviceman, servicewoman, soldier, member of the armed forces, military personnel"
"縄","なわ","rope, cord; policeman's rope"
"","かもしれん","may, might, perhaps, may be, possibly"
"写す","うつす","to copy, to duplicate, to reproduce, to trace, to transcribe; to describe, to depict, to portray, to express; to imitate, to model after; to take (a photo), to photograph, to film, to shoot"
"先ほど","さきほど","a short while ago, a moment ago, just now, some time ago"
"一二","いちに","the first and second, a few"
"魔力","まりょく","magical powers, supernatural powers, spell, charm"
"伊太利","イタリア, イタリヤ","Italy"
"社員","しゃいん","company employee; member of a corporation, company stockholder (esp. in legal contexts)"
"折","おり","opportunity, chance, occasion, time; folding, fold, pleat, crease; small food box (wooden or cardboard); folding in ... (two, three, etc.); counter for folded items; counter for items (esp. food) packed in an oribako"
"表す","あらわす","to represent, to signify, to stand for; to reveal, to show, to display; to express; to make widely known"
"恥","はじ, じょく","shame, embarrassment, disgrace"
"","したい","want to do"
"方々","かたがた","people, (all) persons, everyone, ladies and gentlemen; you (usu. plural)"
"都合","つごう","circumstances, condition, convenience; arranging, managing; lending money, raising money; in all, in total, all told"
"何処にも","どこにも","(not) anywhere, nowhere; everywhere, anywhere"
"","スイッチ, スウィッチ, スィッチ","switch; switch, points; switch (from one thing to another), change"
"処理","しょり","processing, dealing with, treatment, disposition, disposal"
"不機嫌","ふきげん","pout, displeasure, ill humor, ill humour, sullenness"
"喫茶店","きっさてん, きっちゃてん","coffee shop, tearoom, coffee lounge, coffeehouse, cafe"
"汽車","きしゃ","train (esp. long distance train); steam train"
"然うすれば","そうすれば","if so, in that case, in that situation"
"素敵","すてき, ステキ","lovely, wonderful, nice, great, splendid, marvellous, fantastic, superb"
"通信","つうしん","correspondence, communication, transmission, news, signal, telecommunications"
"乙","おつ, オツ","(the) second (party, rank, etc.), B (grade), the latter; stylish, chic, smart, witty, tasty; strange, quaint, queer; thank you, good job; see you, goodbye, goodnight"
"経営","けいえい","management, administration, operation, running (a business), conducting"
"率いる","ひきいる","to lead, to spearhead (a group), to command (troops)"
"重る","おもる","to get heavy; to worsen (of illness), to grow serious"
"主人公","しゅじんこう","protagonist, main character, hero, heroine; head (of a household), proprietor (of a store)"
"真の","しんの","true, real, genuine, proper, utter"
"自体","じたい","itself; one's own body, oneself; originally, naturally, by nature, from the start"
"蘇る","よみがえる","to be resurrected, to be resuscitated, to be rehabilitated, to be revived, to be refreshed, to be restored; to be recalled (e.g. memories), to be brought back"
"散々","さんざん","thoroughly, completely, utterly; severely, harshly, terribly, miserably, wretchedly, badly; scattered, disconnected, dispersed, smashed into tiny pieces"
"畜生","ちくしょう, ちきしょう, チクショー","damn it, damn, son of a bitch, for Christ's sake; beast, animal; person reborn into the animal realm; brute, bastard"
"軍隊","ぐんたい","armed forces, military, troops"
"為さい","なさい","do ..."
"一階","いっかい","first floor, ground floor; one floor, one storey; one rank"
"僧","そう","monk, priest; sangha (the Buddhist community)"
"この前","このまえ","the other day, previously, before, earlier, recently; last time; last (Sunday, summer, etc.), previous (e.g. mayor, chapter), preceding"
"","キー","key (for a lock); key (of a piano, organ, computer keyboard, etc.); key; key (to solving something), clue; key (person, point, etc.), most important"
"評価","ひょうか","valuation, appraisal, evaluation, assessment, estimation, rating, judging; appreciation, recognition, acknowledgement, rating highly, praising"
"対","たい","versus, against, vs., v.; to (e.g. score of 4 to 2, ratio of 3 to 1, vote of 320 to 180); toward ..., to ..., with ..., against ..., anti-; equal footing, equal terms; opposite"
"籠","かご, カゴ","basket (shopping, etc.), hamper, cage"
"持っていく","もっていく, もってゆく","to take (something) along, to bring with one, to carry (something) away, to bear"
"墨","すみ","sumi, India ink, Chinese ink, ink stick, ink-cake; squid ink, octopus ink; carpenter's inking string"
"紫","むらさき, ムラサキ","purple, violet; purple gromwell (Lithospermum erythrorhizon), red gromwell, red-root gromwell; soy sauce"
"乗り込む","のりこむ","to board (a train, plane, etc.), to get into (a car), to get on (a bus), to go on board, to get aboard; to march into, to enter, to arrive (at, in)"
"握り締める","にぎりしめる","to grasp tightly"
"傾く","かたむく, かたぶく","to incline toward, to slant, to lurch, to heel over, to be disposed to, to trend toward, to be prone to; to go down (sun, moon), to sink; to decline, to wane, to ebb, to fall away; to tend (towards), to be inclined (to), to come around to (opinion, etc.)"
"別荘","べっそう","holiday house, vacation home, villa; prison, jail"
"不運","ふうん","misfortune, bad luck, ill luck, ill fortune"
"寅","とら","the Tiger (third sign of the Chinese zodiac); hour of the Tiger (around 4am, 3-5am, or 4-6am); east-northeast; first month of the lunar calendar"
"たどり着く","たどりつく","to (finally) arrive at, to reach (at last), to (manage to) get to, to find one's way to"
"匹","ひき, き","counter for small animals; counter for rolls of cloth (two han in size); counter for horses; roll of cloth"
"塊","かたまり","lump, mass, bundle, clump, clod, cluster; group, crowd; embodiment (of an idea, quality, feeling etc.), personification"
"","ノート","notebook, copy-book, exercise book; note, noting down; (musical) note; laptop (computer), notebook (computer)"
"源氏","げんじ","Genji (the character in the Genji Monogatari); the Minamoto family"
"状","じょう","form, shape, appearance; state, condition, circumstances; letter, correspondence"
"入り","いり","entering, entrance, entry; attendance, audience, number (of visitors, customers, etc.); containing; income, earnings, takings; expenses, expenditure; setting (of the Sun or Moon); beginning (of the equinoctial week, midsummer, etc.), start, first day"
"付く","つく","to be attached, to be connected with, to adhere, to stick, to cling; to remain imprinted, to scar, to stain, to dye; to bear (fruit, interest, etc.); to be acquired (of a habit, ability, etc.), to increase (of strength, etc.); to take root; to accompany, to attend, to follow, to study with; to side with, to belong to; to possess, to haunt; to be lit, to catch fire, to ignite, to be turned on (of a light, appliance, etc.); to be settled, to be resolved, to be decided; to be given (of a name, price, etc.); to be sensed, to be perceived; to be lucky; to become (a state, condition, etc.)"
"放す","はなす","to release, to let go, to free, to set free, to let loose, to turn loose; to add (pieces of eggplant, potato, etc.) to water, broth, etc."
"金属","きんぞく","metal"
"一個","いっこ","one (thing), one piece, one item"
"数字","すうじ","numeral, digit, numeric character; figure, number; a few characters"
"後方","こうほう","rear, back, behind"
"堂々","どうどう","magnificent, grand, impressive, dignified, majestic, imposing, stately; fair, square, open, unashamed, brazen; grandly, boldly, confidently; fairly, squarely, unreservedly, brazenly"
"不気味","ぶきみ","weird, eerie, ominous, creepy, uncanny, unearthly"
"構造","こうぞう","structure, construction, makeup, framework, organization, pattern"
"大和","やまと","(ancient) Japan, Yamato kingdom, state of Yamato; Yamato (former province located in present-day Nara Prefecture)"
"悉く","ことごとく","altogether, entirely"
"雇う","やとう","to employ, to hire, to take on; to charter (a car, boat, etc.), to hire"
"６日","むいか, むゆか, むよか","6th day of the month; six days"
"","ううん, うーん, ウーン","um, er, well; nuh-uh, no; oof"
"坂","さか","slope, incline, hill; milestone, (age) mark"
"一点","いってん","point, dot, speck; one point, one matter, one detail; one point (in a game, exam, etc.), one mark; one item, one article, one piece; slightest bit, trace, speck"
"日常","にちじょう","everyday, daily, ordinary, usual, routine, regular"
"施す","ほどこす","to give (time, money, goods), to donate; to do, to perform, to conduct; to apply (processing, makeup, etc.), to add (e.g. ornamentation, annotation); to sow, to seed, to scatter (e.g. fertilizer), to sprinkle; to spread far and wide"
"小僧","こぞう","youngster, boy, kid, brat; young Buddhist monk, young bonze; young shop-boy, errand boy, apprentice"
"薄暗い","うすぐらい","dim, gloomy"
"大して","たいして","(not) very, (not) so, (not) very much, (not) particularly, (not) especially"
"美味しい","おいしい, オイシイ","good(-tasting), nice, delicious, tasty; attractive (offer, opportunity, etc.), appealing, convenient, favorable, desirable, profitable"
"無意識","むいしき","unconsciousness; unconscious, involuntary, automatic, mechanical, unintentional, spontaneous; the unconscious"
"契約","けいやく","contract, compact, agreement"
"住所","じゅうしょ","address, residence, domicile"
"引き返す","ひきかえす","to turn back, to go back, to come back, to return, to retrace one's steps"
"看板","かんばん","signboard, sign, billboard, hoarding, doorplate; draw, attraction, feature, highlight, spokesman, figurehead; reputation (of a shop), name; appearance, look, show; closing (for the day, esp. of a restaurant or bar), closing time"
"筆","ふで, ひつ","writing brush, paintbrush, pen; writing with a brush, drawing with a brush, penmanship, something drawn with a brush; writing (composing text), the written word; (land) lot, plot"
"拭く","ふく","to wipe, to dry"
"授業","じゅぎょう","lesson, class, teaching, instruction, classwork, schoolwork"
"","ペン","pen"
"映像","えいぞう","image (on a screen), picture (e.g. on a TV); video, film, footage; reflection; image (in one's mind), mental picture"
"間違える","まちがえる","to make a mistake (in), to commit an error, to get wrong, to do incorrectly; to mistake (one thing for another), to confuse"
"倍","ばい","double, twice (as much); times (as much), -fold; 1-nth, 1 to n, 1 in n"
"","スカート","skirt"
"時点","じてん","point in time, occasion"
"大体","だいたい","generally, on the whole, mostly, almost, nearly, approximately, roughly, about; general, rough; outline, main points, gist, substance, essence; in the first place, first and foremost, from the start, to begin with"
"要","かなめ","pivot; vital point, cornerstone, keystone; Japanese photinia"
"","パーセント","percent, per cent, percentage"
"数日","すうじつ","few days"
"浪人","ろうにん","ronin, masterless samurai; high school graduate waiting for another chance to enter university after having failed the yearly entrance examination; person out of work, jobless person; wanderer, drifter"
"醜い","みにくい","ugly, unattractive, bad-looking; unsightly, unseemly, disgraceful, shameful, dishonorable"
"打ち明ける","うちあける","to confide, to reveal, to disclose, to lay bare, to speak frankly, to open (one's heart)"
"理屈","りくつ","theory, reason, logic; (unreasonable) argument, strained logic, excuse, pretext"
"","ビラ, ヴィラ","villa, holiday house"
"見渡す","みわたす","to look out over, to survey (scene), to take an extensive view of"
"尼","あま, アマ","Buddhist nun; Catholic nun, sister; bitch; Amagasaki (city in Hyogo Prefecture); Amazon (online retailer)"
"成立","せいりつ","formation, establishment, materialization, coming into existence; conclusion (e.g. of a deal), reaching (e.g. an agreement), approval, completion, closing, enacting, arrangement; being valid (of a theory, argument, etc.), holding, applying"
"出身","しゅっしん","one's origin (e.g. city, country, parentage, school)"
"挟む","はさむ","to hold between (e.g. one's fingers, chopsticks), to grip (from both sides); to put between, to sandwich between, to insert, to interpose; to catch (e.g. a finger in a door), to trap, to pinch; to insert (e.g. a break into proceedings), to interpose (e.g. an objection), to interject, to throw in (e.g. a joke); to be on either side of (a road, table, etc.), to have between each other, to be across (a street, river, etc.); to harbour (feelings), to cast (e.g. doubt)"
"当たり前","あたりまえ, あたりめー, あたりめえ, あったりめー","natural, reasonable, obvious; usual, common, ordinary, commonplace, the norm"
"旅館","りょかん","ryokan, traditional Japanese inn"
"員","いん","member"
"片付ける","かたづける","to put in order, to tidy up, to clean up, to put away, to clear away; to settle (a matter), to solve, to deal with, to dispose of; to finish, to get through, to complete, to get (something) done; to marry off (one's daughter); to do away with (someone), to bump off, to kill, to eliminate"
"只管","ひたすら","intently, single-mindedly, devotedly, solely, earnestly, with all one's heart"
"動","どう","motion"
"世話","せわ","care, looking after, help, assistance, aid; trouble, bother; good offices, recommendation, introduction; everyday life, everyday affairs, everyday language; sewamono (Edo-period drama about contemporary life)"
"畳む","たたむ","to fold (clothes, umbrella); to close (a shop, business); to vacate"
"数人","すうにん","several people, a few people"
"固める","かためる","to harden, to freeze, to strengthen, to solidify, to make (a fist), to tramp down (snow, dirt); to put together, to collect, to gather, to consolidate; to make secure, to stabilize, to settle down, to strengthen (belief, resolution, etc.), to establish (evidence); to fortify, to reinforce, to support; to wear for a specific purpose (armor, coat, etc.); to swear, to resolutely vow, to sincerely promise; to tie tightly, to fasten; to hold a bow fully drawn"
"強烈","きょうれつ","strong, intense, severe"
"巡査","じゅんさ","police officer, policeman, constable"
"成るべく","なるべく","as (much) as possible, as (much) as one can, wherever practicable, if possible"
"ご覧","ごらん","(please) try to; (please) look; seeing, looking, watching"
"帝","みかど, ごもん","emperor (of Japan), mikado; (the gates of an) imperial residence"
"把握","はあく","grasp (of the situation, meaning, etc.), understanding, control, hold, grip"
"仰ぐ","あおぐ","to look up (at); to look up to, to respect, to revere; to ask for (e.g. guidance), to seek, to turn to (someone) for; to depend on, to rely on; to gulp down, to quaff, to drink"
"鮮やか","あざやか","vivid, bright, brilliant, clear, fresh, vibrant; skillful, skilful, adroit, brilliant (performance, goal, etc.), splendid, superb, magnificent, fine"
"雇用","こよう","employment, hire"
"黒字","くろじ","(being in) the black, surplus; black letter"
"都","みやこ","capital (esp. Kyoto, Japan's former capital), seat of government; capital (of music, fashion, etc.), city (e.g. of light); location of the Imperial Palace"
"来日","らいにち","coming to Japan, visit to Japan, arrival in Japan"
"伸び","のび, ノビ","growth, development; stretching (one's body, e.g. when waking up); (ability to) spread (of paint, cream, etc.); elongation, extension, carry (e.g. of sound), sustain"
"下落","げらく","depreciation, decline, fall, slump"
"介護","かいご","nursing, care, caregiving, caring"
"収賄","しゅうわい","accepting a bribe"
"取り扱い","とりあつかい","treatment, service, handling, management"
"産業界","さんぎょうかい","the industrial world"
"宿","やど","lodging, inn, hotel; house, home, dwelling; home of a servant's parents (or guarantor, etc.)"
"乗り","のり, ノリ","riding, ride; spread (of paints); -seater (e.g. two-seater); (getting into the) mood, (entering into the) spirit, energy, enthusiasm, rhythm, feeling"
"誤って","あやまって","in error, by mistake, by accident, accidentally"
"別れ","わかれ","parting, separation, farewell"
"押し","おし","push, pushing; weight, pressure; authority, forcefulness, boldness, audacity, persistence; to forcibly ..., to strongly ..."
"戦場","せんじょう","battlefield, battleground"
"校則","こうそく","school rules, school regulations"
"霊","れい","soul, spirit, departed soul, ghost"
"綱","つな","rope, cord, line; grand champion's braided belt"
"強み","つよみ","forte, strong point"
"社会学","しゃかいがく","sociology"
"予防接種","よぼうせっしゅ","vaccination, inoculation, immunization, immunisation"
"荷","に","load, baggage, cargo, freight, goods; burden, responsibility"
"入場券","にゅうじょうけん","admission ticket, entrance ticket; platform ticket, ticket allowing a non-traveller access to a railway station platform"
"空き","あき","space, room, gap, emptiness; vacancy, opening, empty seat; free time, time to spare; disuse, unused thing"
"授業料","じゅぎょうりょう","tuition fee, course fee"
"選挙権","せんきょけん","suffrage, right to vote"
"展示会","てんじかい","exhibition"
"主食","しゅしょく","staple food"
"流し","ながし","sink (e.g. in a kitchen); cruising (e.g. taxi), strolling (entertainer, musician, etc.); washing area (in a Japanese-style bath); back-washing service (in a public bath); floating (something on water), setting adrift, washing away"
"書留","かきとめ","registered mail, registered post, registration (of mail); (putting on) record, writing down, noting down, registry"
"市民権","しみんけん","citizenship, civic rights, civil rights; widespread acceptance, social recognition, common use"
"償い","つぐない","recompense, indemnity, atonement"
"白鳥","はくちょう, ハクチョウ","swan (Cygnus spp.); white bird"
"増進","ぞうしん","promoting, increase, advance"
"論評","ろんぴょう","comment, criticism, critique, review"
"持ち込み","もちこみ","bring-your-own (e.g. food and drink), carry-on (e.g. luggage)"
"嘆き","なげき","grief, lamentation"
"雨季","うき","rainy season"
"氷山","ひょうざん","iceberg"
"残らず","のこらず","all, entirely, completely, without exception"
"お話中","おはなしちゅう","busy (phone)"
"出迎え","でむかえ","meeting, reception"
"別問題","べつもんだい","different thing, another question, different case"
"払い","はらい","payment, bill, account; sweeping, clearing away; sweeping stroke (e.g. when writing kanji)"
"日増しに","ひましに","day by day"
"議事","ぎじ","proceedings (e.g. parliament, congress), business (of the day)"
"装う","よそおう","to dress (oneself in), to attire oneself in, to adorn, to decorate; to pretend, to feign, to affect, to disguise oneself as"
"掃除機","そうじき","vacuum cleaner, vacuum, hoover; cleaning device"
"創造力","そうぞうりょく","creative power, creativity"
"妨げ","さまたげ","obstruction, hindrance"
"雨天","うてん","rainy weather"
"前払い","まえばらい","payment in advance, advance payment, prepayment"
"科する","かする","to inflict, to impose (a fine, etc.)"
"写し","うつし","copy, duplicate, facsimile, transcript"
"大当たり","おおあたり","great success, big hit, smash hit, winner; (hitting the) jackpot, big win; being right on the mark (of a prediction), being bang on, hitting the nail on the head; bumper crop; excellent hitting"
"生け花","いけばな, せいか","ikebana, Japanese art of flower arrangement; fresh flower, natural flower"
"逆境","ぎゃっきょう","adverse circumstances, unfortunate situation, adversity"
"雛","ひよこ, ひよっこ, ヒヨコ","young bird, chick, fledgling; greenhorn, fledgeling, novice, rookie"
"本校","ほんこう","main school, principal school; this school, our school"
"実用的","じつようてき","practical, useful, utilitarian, pragmatic"
"物音","ものおと","noise, sound"
"目上","めうえ","superior, superiors, senior"
"足し算","たしざん","addition"
"乾かす","かわかす","to dry (clothes, etc.), to desiccate"
"隙","すき","gap, opening, room, space; break, interval, spare moment, spare time; unguarded moment, carelessness, weak spot, chink in one's armor, flaw, fault; chance, opportunity"
"憧れ","あこがれ","yearning, longing, aspiration, adoration, admiration"
"ひと時","ひととき, いっとき","a (short) time, a while, moment; one time (in the past), a period, former times; two-hour period"
"子羊","こひつじ","lamb"
"４時","よじ","four o'clock"
"お手洗い","おてあらい","toilet, restroom, lavatory, bathroom"
"によって異なる","によってことなる","to differ depending on ..."
"見せ掛け","みせかけ","seeming, pose, show, pretense, sham, mock"
"社交的","しゃこうてき","sociable"
"書き取る","かきとる","to write down (what someone says), to take down dictation, to take notes (e.g. of a lecture); to copy out (a text)"
"赤面","せきめん","blushing, getting red in the face; embarrassment"
"電子メール","でんしメール","email, e-mail, electronic mail"
"禿げる","はげる, ハゲる","to lose hair, to become bald; to become bare (e.g. a mountain becomes bare of trees)"
"病","やまい","illness, disease; bad habit, weakness, fault"
"毎","まい","every (usu. with events, e.g. every weekend), each"
"綿","めん","cotton"
"料","りょう","fee, charge, rate; material"
"露","つゆ","dew; tears; (not) a bit, (not) at all"
"気味","ぎみ","-like, -looking, -looked, tending to ..."
"旅行会社","りょこうがいしゃ","travel agent, travel agency"
"正面","まとも","the front; honest, upright, decent, proper, respectable, straight, serious, sensible"
"","クレジット","credit"
"","テニスコート, テニス・コート","tennis court"
"","パーマ","perm (hairstyle), permanent wave"
"","ベビーシッター, ベビー・シッター, ベイビーシッター, ベビーシッタ, ベビシッター, ベービーシッター","babysitter"
"珍紛漢紛","ちんぷんかんぷん, チンプンカンプン","unintelligible language, incoherent language, talking nonsense, babble, gibberish, jargon, gobbledygook"
"","でしかない","is nothing but, is nothing more than, is only, is no more than"
"電気","でんき","electricity; (electric) light"
"直前","ちょくぜん","just before, just prior to; right in front of, just in front of"
"超","ちょう, チョー","super-, ultra-, hyper-, extreme; extremely, really, totally, absolutely; over, more than"
"烏賊","イカ, いか","cuttlefish, squid"
"印度","インド","India"
"侵入","しんにゅう","invasion, incursion, raid, aggression, intrusion, trespass, penetration, hacking"
"間に合う","まにあう","to be in time (for); to serve (suit, meet) the purpose, to be good enough, to be enough, to manage, to make do"
"背く","そむく","to run counter to, to go against, to disobey, to infringe"
"両腕","りょううで, もろうで","both arms"
"瞼","まぶた, まなぶた","eyelid"
"煩い","うるさい, ウルサイ","noisy, loud; annoying, troublesome, tiresome, persistent, importunate; fussy, finicky, picky, particular, nagging, fastidious, bossy; shut up, be quiet"
"あれ程","あれほど","to that extent"
"環境","かんきょう","environment, surroundings, circumstances"
"引き出す","ひきだす","to pull out, to take out, to draw out; to lead out (e.g. a horse from a stable), to summon (e.g. to court), to bring (e.g. someone to the negotiating table), to drag; to withdraw (money), to draw; to bring out (talent, potential, beauty, flavour, etc.), to extract (information, the truth, etc.), to get (e.g. an answer out of someone), to obtain (e.g. a result), to elicit, to draw (a conclusion), to derive (e.g. pleasure); to get (money) out of someone, to coax out of someone, to get someone to pay, to make someone produce (funds)"
"兄貴","あにき, アニキ","elder brother; one's senior; older man, man older than oneself"
"書物","しょもつ","book, volume"
"稽古","けいこ","practice, practising, training, study"
"大量","たいりょう","large quantity, massive (quantity), mass (e.g. mass production, mass transit, mass destruction)"
"路地","ろじ","alley, alleyway, lane; path through a gate or garden; teahouse garden"
"取り上げる","とりあげる","to pick up; to adopt (a proposal), to take up (a topic), to accept, to listen to; to take issue with, to make a problem of, to bring up (as a point of criticism); to report (news), to cover, to feature; to take away, to confiscate, to deprive (someone) of, to revoke, to disqualify, to cancel; to deliver (a baby); to collect (taxes)"
"先頭","せんとう","head (of a line, group, etc.), front, lead, forefront, vanguard"
"遠ざかる","とおざかる","to go away, to become more distant, to fade away, to die away; to be estranged"
"蜘蛛","くも, ちちゅ, ちちゅう, ちしゅ, クモ","spider"
"舞","まい","dancing, dance"
"","のんびり, ノンビリ","at leisure, in a relaxed manner, in a carefree manner, quietly, peacefully"
"使者","ししゃ","messenger, envoy, emissary"
"","スター, スタア","star (actor, athlete, etc.), celebrity; star (symbol), asterisk; (celestial) star"
"滲む","にじむ","to run (of liquid), to spread, to bleed, to blot; to blur, to blot, to be blurred; to ooze, to well up (of tears, etc.); to show through (of feelings, emotions, etc.), to reveal itself"
"整理","せいり","sorting, arrangement, organization, putting in order, adjustment, regulation; liquidation, settlement, consolidation, clearance (e.g. debt), paying off; retrenchment, curtailment, cutting down, disposal"
"一つ一つ","ひとつひとつ","one-by-one, separately, in detail"
"次々に","つぎつぎに","one by one, one after another, successively"
"下記","かき","the following"
"翌朝","よくあさ, よくちょう","next morning"
"軟化","なんか","softening; softening (of attitude), mollification; weakening (of the market); blanching (of vegetables; by depriving them of light)"
"未だ未だ","まだまだ","still, much more, (not) yet; still a long way to go, still a long way off, not there yet"
"飲み込む","のみこむ","to swallow, to gulp down; to understand, to grasp, to take in, to catch on, to learn; to engulf, to swallow up; to be filled with (people), to contain; to swallow (one's words), to suppress (a yawn, tears, etc.), to stifle, to hold back"
"情","じょう","feelings, emotion, sentiment; compassion, sympathy; passion, affection, love; the way things really are, the actual situation"
"特殊","とくしゅ","special, particular, peculiar, unique"
"","レストラン","restaurant (esp. Western-style)"
"職業","しょくぎょう","occupation, profession, job, vocation, trade, calling, business"
"福","ふく","good fortune, happiness, blessing, good luck"
"裂ける","さける","to split, to tear, to burst, to be separated, to be divided"
"機体","きたい","fuselage, airframe"
"欠ける","かける","to chip, to be chipped, to break (off), to be damaged; to be missing (from a set, team, etc.), to be absent, to become lost; to be lacking (in), to be short (of), to be deficient, to be wanting (in); to wane (of the moon), to go into eclipse"
"正月","しょうがつ","New Year (esp. first three days); first month of the year, January"
"謳う","うたう","to extol, to sing the praises of, to celebrate; to declare, to stipulate, to express, to state, to insist"
"","チーム, ティーム","team"
"名誉","めいよ","honor, honour, credit, glory, fame, distinction; prestige, dignity, reputation, honor, good name; honorary (e.g. president, doctorate)"
"紐育","ニューヨーク, ニュー・ヨーク","New York"
"大名","だいみょう","daimyo (Japanese feudal lord)"
"","ロッド","rod, pole, stick; fishing rod"
"","でかい, でっかい, デカイ, デカい, デッカい, でけえ, でっけえ, でけー, でっけー, でけぇ, でっけぇ","huge, big, gargantuan"
"枕","まくら","pillow, bolster; introduction (e.g. to a rakugo story), lead-in"
"憧れる","あこがれる","to long for, to yearn for, to hanker after, to be attracted by, to be drawn to, to aspire to, to admire, to adore"
"","となれば","where ... is concerned, when it becomes, if it becomes"
"運","うん","fortune, luck, chance"
"法外","ほうがい","exorbitant, outrageous, ridiculous, absurd, excessive, inordinate, extravagant, immoderate"
"崩す","くずす","to destroy, to demolish, to pull down, to tear down, to level; to disturb, to put into disorder, to throw off balance, to make shaky; to relax (one's pose), to make oneself at ease; to break (a bill), to change, to make change; to write in cursive style, to write in running style; to break into a smile, to let off a smile; to lower (a price)"
"鍋","なべ","pan, pot, saucepan; stew, hot pot"
"笛","ふえ, ちゃく","flute, fife, pipe, recorder, flageolet, shakuhachi, clarinet; whistle"
"滅多に","めったに","rarely, seldom"
"哀れ","あわれ, あはれ","pity, sorrow, grief, misery, compassion, pathos; pitiable, pitiful, pathetic, miserable; alack, alas"
"皺","しわ, シワ","wrinkle, crease; ripple"
"思い切る","おもいきる","to give up all thoughts of, to abandon, to despair of; to make up one's mind, to take a momentous decision"
"屋上","おくじょう","rooftop"
"露西亜","ロシア, ロシヤ","Russia"
"足元","あしもと","at one's feet, underfoot, one's step (as in ""watch your step""); gait, pace, step; most recent, current"
"油断","ゆだん","negligence, carelessness, inattention, unpreparedness"
"演じる","えんじる","to act (a part), to play (a role); to perform (a play, etc.), to put on (a production); to commit (e.g. a blunder), to disgrace oneself, to do something conspicuously, to make a scene; to pretend (e.g. to be a good father)"
"横切る","よこぎる","to cross (e.g. road), to traverse"
"役目","やくめ","duty, role, function"
"臭い","くさい, くせー, くっせー","stinking, smelly; suspicious, fishy; hammy (acting), over-the-top, cheesy; clumsy, unskilled; (overly) gamey, strong-tasting; smelling of; looking like, appearing like, smacking of, -ish"
"","さっぱり","feeling refreshed, feeling relieved; neat, tidy, clean; frank, open-hearted, plain, simple, light; completely, entirely; not in the least (with neg. verb), not at all; nothing at all, completely useless, hopeless, awful"
"彼是","あれこれ, かれこれ, ひし, アレコレ","this and that, this or that, one thing or another, this way and that; around, about, round about, roughly, nearly, almost"
"親戚","しんせき","relative, relation, kin"
"両側","りょうがわ, りょうそく","both sides"
"やり取り","やりとり","giving and taking, exchange (of letters), arguing back and forth, (conversational) exchange"
"情熱","じょうねつ","passion, enthusiasm, zeal"
"四方","しほう, よも, よほう","the four cardinal directions, north, east, south and west, all directions; surroundings; many countries, the whole world; all around, here and there; square, quadrilateral, four-sided figure; four sides (of a square)"
"銀座","ぎんざ","Ginza (district in Tokyo); busy shopping district, bustling location; silver mint (Edo period)"
"冷える","ひえる","to grow cold (from room temperature, e.g. in refrigerator), to get chilly, to cool down"
"","ヤクザ, やくざ","(member of the) yakuza, gangster, mobster; hoodlum, racketeer, gambler; useless, worthless, good-for-nothing, trashy"
"若しかして","もしかして","perhaps, possibly, maybe, by any chance, if I'm not mistaken; if, in case, in the event that"
"化粧","けしょう, けわい, けそう","make-up, makeup, cosmetics; decoration, dressing, veneer"
"接触","せっしょく","touch, contact, touching"
"景色","けしき, けいしょく","scenery, scene, landscape"
"尊い","とうとい, たっとい","precious, valuable, priceless; noble, exalted, sacred"
"年代","ねんだい","age, era, period, date"
"朝鮮","ちょうせん","Korea"
"目覚める","めざめる","to wake up, to awake; to awaken to (instinct, ability, perception, etc.), to become aware of, to become conscious of, to realize; to come to one's senses"
"共通","きょうつう","common, shared, mutual; to be common (to), to be shared (by); -wide"
"只今","ただいま","I'm home!, I'm back!, it's me!; now, at present, at the moment; just now, a moment ago; at once, right away, in a minute, shortly, soon"
"太る","ふとる","to put on weight, to gain weight, to grow fat, to get stout"
"帰国","きこく","return to one's country; return to one's hometown"
"純粋","じゅんすい","pure, true, genuine, unmixed"
"用心","ようじん","care, precaution, guarding, caution"
"接近","せっきん","getting closer, drawing nearer, approaching; being not much different, being near (age, skill, etc.); becoming close (i.e. friendly), becoming intimate"
"材料","ざいりょう","materials, ingredients; material (for a novel, experiment, etc.), subject matter; grounds (for a decision, judgement, etc.), basis, evidence, data; (market) factor"
"検事","けんじ","public prosecutor"
"一向に","いっこうに","completely, absolutely, totally; (not) at all, (not) a bit, (not) in the least; earnestly, intently, determinedly"
"","セックス","sex, sexual intercourse; (one's) sex, gender"
"琥珀","こはく","amber"
"目印","めじるし","mark (for quick identification or recognition), sign; landmark, guide; trademark"
"獲物","えもの","prey, catch, kill, game; spoils, trophy, loot, plunder"
"肥える","こえる","to grow fat, to gain weight, to put on weight; to grow fertile (of soil); to be discerning (of one's palate, eye, ear, etc.), to be discriminating, to be refined; to become rich, to become wealthy"
"上下","うえした","top and bottom, up and down, high and low, above and below, upper and lower ends; upside-down"
"何れ丈","どれだけ","how much, how many, to what extent"
"","ロック","lock; lock (in rugby), lock forward"
"長さ","ながさ","length"
"議論","ぎろん","argument, discussion, dispute, controversy"
"お腹","おなか","belly, abdomen, stomach"
"現に","げんに","actually, really"
"振舞う","ふるまう","to behave, to conduct oneself, to act; to treat (someone) to (food or drink), to entertain (e.g. to lunch)"
"筋肉","きんにく","muscle"
"犯行","はんこう","crime, criminal act, offence, offense"
"彼方","あちら, あっち, あち","that way, that direction, over there, yonder; that (one); that person; there, over there, foreign country (esp. a Western nation)"
"実現","じつげん","implementation (e.g. of a system), materialization, materialisation, realization, realisation, actualization, actualisation"
"推理","すいり","reasoning, inference, deduction; mystery genre, detective genre"
"管","かん, くだ","pipe, tube"
"染まる","そまる","to be dyed; to be tainted, to be infected, to be stained, to be steeped"
"松","まつ, マツ","pine tree (Pinus spp.); highest (of a three-tier ranking system)"
"両方","りょうほう","both, both sides, both parties"
"","かい, かえ","yes?, no?, isn't it?, is it?"
"通過","つうか","passing through (a tunnel, station, town, etc.), passing by (e.g. of a typhoon), transit; passage (of a bill, e.g. through parliament), carriage; passing (an examination, inspection, etc.), clearing, getting through (a preliminary round), qualification"
"薔薇薔薇","バラバラ, ばらばら","scattered, disperse, loose, disconnected, in pieces, in drops, rustling"
"本部","ほんぶ","headquarters, head office, main office"
"薪","まき, たきぎ","piece(s) of firewood (esp. chopped or split from logs); kindling (twigs, branches, etc.), firewood"
"任務","にんむ","duty, function, office, mission, task, role"
"強力","きょうりょく","powerful, strong"
"義理","ぎり","duty, sense of duty, honor, honour, decency, courtesy, debt of gratitude, social obligation; in-law, relation by marriage"
"許可","きょか","permission, approval, authorization, license"
"０","ゼロ","zero, 0, nought, nil; nothing, zilch"
"無くてはならない","なくてはならない","cannot do without something, indispensable, absolutely necessary; have to do"
"愉快","ゆかい","pleasant, delightful, enjoyable, joyful, cheerful, amusing, happy"
"替わる","かわる","to succeed, to relieve, to replace; to take the place of, to substitute for, to take over for, to represent, to hand over (telephone); to be exchanged, to change (places with), to switch"
"遺体","いたい","(dead) body, corpse, remains"
"君たち","きみたち","you (plural), all of you, you all"
"８０","はちじゅう, やそ","eighty, 80"
"","ハンカチ, ハンケチ","handkerchief"
"潮","しお, うしお","tide, current; sea water; opportunity, chance; thin soup of fish or shellfish boiled in seawater"
"お礼","おれい, おんれい","thanks, gratitude; manners, etiquette; bow; reward, gift; ceremony, ritual"
"漕ぐ","こぐ","to row, to paddle, to scull, to pull (the oars); to pedal (a bicycle, etc.); to swing (on a swing); to work (a hand pump); to push through (a thicket, deep snow, etc.)"
"撮影","さつえい","photography (still or motion), photographing, filming, shooting, (video) recording"
"仕草","しぐさ","gesture, movement, action, behavior, behaviour, bearing, mannerism; acting, performance"
"名刺","めいし","business card"
"外出","がいしゅつ, そとで","going out, outing, leaving (one's home, office, etc.)"
"訪問","ほうもん","call, visit"
"住居","じゅうきょ","dwelling, house, residence, address"
"何処までも","どこまでも","anywhere, for all time, to the ends of the earth; through thick and thin, come hell or high water, to the bitter end, to the utmost; persistently, stubbornly; in all respects, on every point; thoroughly, exhaustively"
"封筒","ふうとう","envelope"
"","ピストル","pistol"
"殺害","さつがい, せつがい, せちがい","killing, murder"
"仮面","かめん","mask; disguise, guise, mask"
"快い","こころよい","pleasant, agreeable, comfortable, refreshing"
"任","にん","obligation, duty, charge, responsibility"
"発揮","はっき","show (of power, ability, etc.), exhibition, demonstration, display, manifestation"
"男爵","だんしゃく","baron; Irish cobbler (variety of potato)"
"入院","にゅういん","hospitalization, hospitalisation"
"添える","そえる","to garnish, to accompany (as a card does a gift); to add to as support, to prop up; to accompany (as an aid, guide, translator, etc.); to mimic, to imitate; to draw something near to oneself, to approach nearby"
"常識","じょうしき","common sense, good sense, common knowledge, general knowledge, common practice, accepted practice, social etiquette"
"揃える","そろえる","to collect, to gather, to get together, to complete (a collection); to arrange, to put in order, to prepare, to get ready; to make uniform, to make even, to match"
"同僚","どうりょう","coworker, co-worker, colleague, associate"
"詰らない","つまらない, つまらねー","dull, uninteresting, boring, tedious; insignificant, unimportant, trifling, trivial, worthless; absurd, foolish, silly, stupid; useless, pointless, disappointing"
"殺人事件","さつじんじけん","murder case"
"地域","ちいき","area, region, district, locality"
"参謀","さんぼう","staff officer, military staff; adviser, counselor, counsellor"
"自覚","じかく","self-consciousness, self-awareness"
"連れてくる","つれてくる","to bring someone along"
"頑張って","がんばって","do your best, go for it, hang in there, keep at it"
"出版","しゅっぱん","publication"
"推測","すいそく","guess, conjecture"
"不明","ふめい","unclear, obscure, indistinct, uncertain, ambiguous; unknown, unidentified; ignorance, lack of wisdom, lack of insight"
"何度","なんど","how many times; how many degrees (temperature, angle, etc.)"
"科学","かがく","science; to think about scientifically, to think in terms of science"
"余所","よそ","another place, somewhere else, strange parts; outside (one's family or group), someone else, other people; not caring for, being indifferent to, taking little notice of, ignoring, neglecting"
"門下","もんか","one's pupil, one's student, one's follower"
"並","なみ","average, medium, common, ordinary; mid-grade (item), regular grade; same level as, equal to, equivalent to, on par with; each (e.g. month), every; row of (teeth, houses, etc.), line of"
"刺激","しげき","stimulus, stimulation, irritation (esp. of the body, e.g. skin, eyes); impetus, impulse, stimulus, spur, incentive, encouragement, stimulation, motivation, provocation; excitement, thrill"
"儀式","ぎしき","ceremony, rite, ritual, service"
"瓦斯","ガス","gas (as a fuel); gas (state of matter); poison gas; dense fog, thick fog; gas stove, gas cooker, gas range; gasoline, gas, petrol; flatulence, gas, wind, fart; gassed yarn"
"零す","こぼす","to spill, to drop, to shed (tears); to grumble (about), to complain (of); to let (one's feelings) show"
"経過","けいか","passage (of time), elapsing, lapse; progress, development, course (of events); transit"
"言い訳","いいわけ","excuse; explanation"
"","ノック","knock, knocking; fungo hitting, hitting balls for fielding practice; tap, click (e.g. of a retractable pen or mechanical pencil)"
"街道","かいどう","highway (esp. one existing from the Edo period), main road; highway (e.g. to success), path (to becoming ...); subdistrict (in China)"
"偉大","いだい","great, grand, magnificent, outstanding, mighty"
"金色","きんいろ, こんじき, きんしょく, かないろ","gold (colour, color)"
"網","あみ","net, netting; web"
"知恵","ちえ","wisdom, wit, sagacity, sense, intelligence; prajna (insight leading to enlightenment)"
"初","はつ, うい","first, new"
"近頃","ちかごろ","lately, recently, nowadays; terribly, awfully, extremely"
"限界","げんかい","limit, bound"
"唾","つば, つばき","saliva, spit, spittle"
"文庫","ぶんこ","library, book collection; paperback book"
"横顔","よこがお","profile, face in profile, face seen from the side; (personal) profile, (biographical) sketch, outline (of someone's life)"
"追いつく","おいつく","to catch up (with), to draw level, to pull even, to reach; to be compensated, to make up for one's losses"
"書斎","しょさい","study, library, den, home office, reading room"
"壊れる","こわれる","to be broken, to break, to fall apart, to collapse, to be destroyed, to be damaged; to break (down), to stop working; to fall through (of a plan, deal, etc.), to collapse, to break down (of a relationship, negotiations, etc.), to be broken off, to be ruined (of an atmosphere, one's image, etc.)"
"通り過ぎる","とおりすぎる","to go past, to pass, to pass by"
"目撃","もくげき","witnessing, observing, sighting"
"房","ふさ","tuft (of hair, threads, etc.), fringe, tassel; bunch (of grapes, bananas, etc.), cluster (of flowers); segment (of a tangerine, etc.), section"
"照れる","てれる","to be shy, to be bashful, to feel awkward, to feel embarrassed"
"お仕舞い","おしまい","the end, closing, being done for; that's it, that's enough, that's all"
"奇怪","きかい, きっかい","strange, wonderful, weird, outrageous, mysterious"
"停止","ていし, ちょうじ","stoppage, coming to a stop, halt, standstill; ceasing (movement, activity, etc.), suspension (of operations), interruption (e.g. of electricity supply), cutting off; suspension (of payment, a licence, etc.), (temporary) prohibition, ban; suspension of music, dance, etc. as a sign of mourning for a prominent person"
"説得","せっとく","persuasion"
"眩しい","まぶしい, まぼしい","dazzling, radiant"
"","メンバー, メンバ","member, participant, attendee, lineup (sport)"
"飼う","かう","to keep (a pet or other animal), to have, to own, to raise, to rear, to feed"
"惨め","みじめ","miserable, wretched, unhappy, sad, pitiable"
"俄かに","にわかに","suddenly, abruptly, unexpectedly"
"","レース","race"
"財布","さいふ","wallet, purse, coin purse, billfold, pocketbook"
"片方","かたほう","one side, one party, the other side, the other party; one (of a pair), the other (one), the mate, the fellow"
"先日","せんじつ","the other day, a few days ago"
"揺する","ゆする","to shake, to jolt, to rock (cradle), to swing; to blackmail, to extort, to shake down"
"目つき","めつき","look (in someone's eyes), expression (of the eyes), eyes"
"接する","せっする","to touch, to come in contact with, to border on, to adjoin, to be adjacent, to be close; to receive (e.g. visitor), to attend to, to serve, to take care of, to look after, to act towards, to deal with, to see; to receive (news), to get, to hear; to encounter, to come across; to be tangent to; to make touch, to bring into contact with, to bring adjacent to, to bring close, to connect"
"職人","しょくにん","craftsman, artisan, tradesman, worker, workman"
"","ピアノ, ピヤノ","piano (instrument); piano (dynamic)"
"乳房","ちぶさ, にゅうぼう","breast, udder"
"切り","きり","end, finish, place to stop; bound, limit, end; delivery date (of a futures contract); finale (of a noh song), end of an act (in jōruri or kabuki), final performance of the day (in vaudeville); trump card; king (court card; in mekuri karuta and unsun karuta); counter for slices (esp. thick slices), counter for cuts (of fish, meat, etc.); only, just; (ever) since, after; continuously, remaining (in a particular state)"
"説く","とく","to explain, to preach, to advocate; to persuade, to prevail upon, to reason with, to urge (someone to do)"
"手術","しゅじゅつ, しゅずつ","surgery, operation, procedure; skill with one's hands, sleight of hand"
"大好き","だいすき","liking very much, loving (something or someone), adoring, being very fond of"
"課","か","lesson; section (in an organization), division, department; counter for lessons and chapters (of a book)"
"精神的","せいしんてき","mental, spiritual, emotional"
"儲ける","もうける","to profit, to get, to earn, to gain; to have (bear, beget) a child; to have a stroke of luck"
"倉庫","そうこ","storehouse, warehouse, godown"
"叫び声","さけびごえ","shout, yell, scream, cry"
"父さん","とうさん","father, dad, papa, pa, pop, daddy, dada"
"英雄","えいゆう","hero, heroine, great person; Eroica Symphony (Beethoven, 1804); Heroic Polonaise (Chopin)"
"保証","ほしょう","guarantee, security, assurance, pledge; warranty"
"お帰り","おかえり","return; welcome home"
"寝台","しんだい, ねだい","bed, couch"
"好意","こうい","kindness, favor, favour, friendliness; goodwill, affection, liking (for someone), love"
"浅い","あさい","shallow, superficial; slight (wound), light (sleep), pale (colour), inadequate (knowledge); short (time), early, young"
"携帯","けいたい, ケータイ, ケイタイ","carrying (on one's person or in the hand); mobile phone, cell phone"
"球","きゅう","sphere, globe, ball, bulb; ball, sphere; counter for pitches"
"出口","でぐち","exit, way out; outlet, vent"
"","ラジオ, ラヂオ","radio"
"情けない","なさけない, なっさけない","miserable, pitiable, shameful, deplorable, pathetic"
"役割","やくわり","part, assigning (allotment of) parts, role, duties"
"絹","きぬ","silk"
"警視庁","けいしちょう","Metropolitan Police Department"
"女の人","おんなのひと","woman"
"予て","かねて","previously, already, for some time, for quite a while"
"勢力","せいりょく","influence, power, might, strength, potency, force, energy"
"発展","はってん","development, growth, expansion, extension, flourishing; development (of a situation, story, etc.), advancement, progression, unfolding; playing around (sexually; esp. of a male homosexual), having an active sex life"
"","ロビー","lobby, lounge"
"疲労","ひろう","fatigue, weariness, exhaustion, tiredness; fatigue (of metal, etc.)"
"支払う","しはらう","to pay"
"学問","がくもん","study, scholarship, learning, education, knowledge; discipline, branch of learning, (a) science"
"","モデル","model, dummy, mock-up; model (profession), fashion model; model (of a vehicle, machine, etc.), version; model (e.g. mathematical); model (for a fictional character, place, etc.), inspiration; model (in model theory)"
"喋る","しゃべる","to talk, to chat, to chatter"
"縋る","すがる","to cling to, to hang onto; to rely on, to depend on; to implore, to entreat"
"柔らかい","やわらかい","soft, tender, supple, flexible, limber, limp; gentle, mild, soft, mellow; light (topic, book, etc.), informal; flexible (thinking, mind, etc.), malleable, adaptable"
"治療","ちりょう, じりょう","(medical) treatment, care, therapy, cure, remedy"
"軽蔑","けいべつ","contempt, scorn, disdain, despising, looking down on, slighting"
"疾っくに","とっくに","long ago, a long time ago, already"
"批判","ひはん","criticism, judgement, judgment, comment"
"取れる","とれる","to come off (of a button, handle, lid, etc.); to go away (of a fever, pain, swelling, etc.), to disappear, to come out (of a stain), to come off (e.g. of dust), to be removed (e.g. of wrinkles); to be harvested, to be picked, to be produced, to be caught (of fish), to be obtained, to be extracted; to be interpreted (as), to be taken (as), to be understood (as), to be read (as); to be attained (of balance, harmony, etc.), to be achieved; to be able to get, to be able to obtain, to be able to secure, to be able to win, to be able to catch"
"人目","ひとめ, じんもく","(public) notice, attention, public eye, public gaze"
"日曜日","にちようび","Sunday"
"病人","びょうにん","sick person, patient, invalid"
"惚れる","ほれる","to fall in love (with), to fall for, to become enamored (with), to be taken (with); to be attracted (by), to be charmed (by), to be captivated (by), to be impressed (by), to admire; to forget oneself, to be entranced (by)"
"引き受ける","ひきうける","to take on, to undertake, to accept, to take charge of, to assume responsibility for; to take over, to inherit; to guarantee, to vouch for; to contract (a disease)"
"眠い","ねむい","sleepy, drowsy, somnolent"
"辛うじて","かろうじて","barely, narrowly, only just, with difficulty"
"選択","せんたく, せんだく","choice, selection, option"
"放送","ほうそう","broadcasting, broadcast, program, announcement"
"持ち上げる","もちあげる","to elevate, to raise, to lift up; to flatter, to extol, to praise to the sky"
"吐き出す","はきだす, ほきだす","to vomit, to spit out; to breathe out (e.g. air), to exhale, to blow out, to spew out (e.g. smoke), to belch out, to emit, to disgorge (e.g. passengers); to spend (e.g. saved money), to cough up; to give vent to (e.g. pent-up feelings), to let out; to output, to export"
"増し","まし, マシ","better, preferable, less objectionable, least-worst; more, increase, extra; increase, growth"
"","パッと, ぱっと, パっと","suddenly, in a flash, quickly, rapidly, swiftly, nimbly; conspicuously, prominently, showily, attractively, impressively"
"面する","めんする","to face on, to look out on to"
"","しようとする","to try to do, to attempt to do"
"食らう","くらう","to eat, to drink, to wolf, to knock back; to receive (e.g. a blow); to be on the receiving end (of something undesirable), to undergo (trouble)"
"見つめる","みつめる","to stare (at), to gaze (at), to look hard (at), to watch intently, to fix one's eyes (on)"
"尽きる","つきる","to be used up, to be run out, to be exhausted, to be consumed, to come to an end"
"長い間","ながいあいだ","long time, long interval, for quite some time"
"関係者","かんけいしゃ","person concerned, people involved (in an event), those concerned, staff"
"一発","いっぱつ","one shot, one charge, one explosion; one blow, one punch; home run; one try, one attempt; win on the first go-around after calling rīchi"
"申し出る","もうしでる","to offer, to propose, to suggest, to put forward, to request, to ask (for), to apply (for), to report (to), to notify"
"盛ん","さかん","prosperous, flourishing, thriving, successful; popular, widespread; active, lively, energetic, vigorous, brisk, strong; enthusiastic, eager, hearty, frequent, repeated"
"学","がく","learning, scholarship, study, erudition, knowledge, education; study of ..., -ology, -ics"
"上着","うわぎ, じょうい","coat, jacket, outerwear; top, upper-body garment"
"青白い","あおじろい","pale, pallid; bluish-white"
"尻尾","しっぽ, しりお","tail (of an animal); tail end, tip"
"将","しょう","commander, general, leader"
"","デスク","desk; copy editor"
"否々","いやいや, いえいえ","no!, no no!, no, not at all"
"建設","けんせつ","construction, establishment"
"生き残る","いきのこる","to survive"
"都会","とかい","city; Tokyo Metropolitan Assembly"
"","ラス","lath"
"貧しい","まずしい","poor, needy; lacking (quantity and quality-wise), poor, scanty, skimpy, slight, inadequate"
"","たがる","to (seem) eager to, to want to, to be anxious to"
"手首","てくび","wrist"
"実感","じっかん","real feeling, actual feeling; to actually feel, to have a real feeling (that ...), to experience personally"
"中庭","なかにわ","courtyard, quadrangle, middle court"
"近づける","ちかづける","to bring near, to bring close, to let go near; to associate with, to bring (people) together, to let come near (of a person)"
"憎い","にくい, ニクい","hateful, detestable, abominable, vexing, provoking; amazing, fantastic, admirable, lovely, wonderful"
"背景","はいけい","background, scenery, backdrop, setting; background (of an incident, situation, etc.), circumstances, context; backing, support (from behind the scenes)"
"毛布","もうふ","blanket"
"羊","ひつじ, ヒツジ","sheep (Ovis aries)"
"構成","こうせい","composition, construction, formation, makeup, structure, organization, organisation"
"理想","りそう","ideal, ideals"
"不足","ふそく","insufficiency, deficiency, shortage, lack, scarcity, deficit; dissatisfaction, discontent, complaint"
"劇場","げきじょう","theatre, theater, playhouse"
"親友","しんゆう","close friend, bosom friend, buddy, crony, chum"
"意思","いし","intention, wish, purpose, mind (to do)"
"大層","たいそう","very, extremely, exceedingly, greatly, terribly; extreme, excessive, great many, large number of; splendid, impressive, tremendous, immense; exaggerated"
"","アリバイ","alibi"
"正式","せいしき","formal, official, regular, proper, legal, due (formalities)"
"即座に","そくざに","immediately, right away, on the spot"
"完璧","かんぺき","perfect, complete, flawless"
"横浜","よこはま","Yokohama (city)"
"措置","そち","measure, step, action"
"載る","のる","to be placed on, to be set on, to be piled on, to be loaded on; to appear (in print), to be mentioned, to be recorded, to be reported, to be given"
"戦車","せんしゃ","tank (military vehicle); chariot"
"何十","なんじゅう","(several) tens, dozens, scores (of)"
"弾丸","だんがん","bullet, shot, shell"
"答え","こたえ","answer, reply, response; answer, solution, result"
"","ホーム","platform"
"","ええ, えー, えーー, えーっ","yes, that is correct, right; um, errr, well; huh?; grrr, gah, must I?; good"
"遷都","せんと","relocation of the capital, transfer of the capital"
"１万","いちまん","10,000, ten thousand"
"士官","しかん","officer"
"製","せい","make, manufacture, -made, made of ..., made in ..."
"総選挙","そうせんきょ","general election (of the lower house)"
"行方","ゆくえ","(one's) whereabouts; destination, where one is headed; outcome, course (of events), development, direction, tide; future, journey ahead"
"賛成","さんせい","approval, agreement, support, favour, favor"
"溶かす","とかす","to dissolve; to melt"
"基金","ききん","fund, foundation"
"所得税","しょとくぜい","income tax"
"開会","かいかい","opening of a meeting"
"聞かす","きかす","to let (someone) hear, to tell (e.g. a story), to inform (of); to make (someone) listen, to make (someone) understand, to drum into (someone); to grip (someone) with skilful singing, storytelling, etc., to hold (someone) enchanted by"
"先進","せんしん","advanced, developed; seniority, senior, superior, elder"
"脱税","だつぜい","tax evasion"
"入賞","にゅうしょう","winning a prize, placing (high; in a contest)"
"共和党","きょうわとう","Republican Party"
"指数","しすう","index, index number, exponent (e.g. in floating-point representation), characteristic"
"抜本的","ばっぽんてき","drastic, radical"
"募金","ぼきん","fundraising, collection of contributions; donating, donation, contribution"
"有料","ゆうりょう","fee-charging, paid, not free; toll road"
"会費","かいひ","membership fee"
"国民総生産","こくみんそうせいさん","gross national product, GNP"
"生産性","せいさんせい","productivity"
"野鳥","やちょう","wild bird"
"社会保障","しゃかいほしょう","social security"
"国民的","こくみんてき","national (e.g. hero, pastime, consensus), relevant to all citizens, popular on a national level"
"土産","みやげ","local specialty or souvenir bought as a gift while travelling; present brought by a visitor; something unpleasant that one is given (e.g. an illness while on vacation), unwelcome gift, disservice"
"立ち","たち","departure, setting off, start; being used up, being consumed, being burnt out; passage of time, lapse; rehearsal; leading male role in kabuki; rising from a crouch to charge, initial charge, faceoff; verb prefix conveying emphasis and sometimes formality"
"引き分け","ひきわけ","draw (in competition), tie game"
"値上がり","ねあがり","price increase, rise in price"
"除名","じょめい","striking off a name, dropping a name (from a list), expulsion, excommunication"
"招き","まねき","invitation"
"労働条件","ろうどうじょうけん","working conditions"
"心臓病","しんぞうびょう","heart disease, heart trouble, cardiopathy"
"園芸","えんげい","horticulture, gardening"
"輝き","かがやき","brightness, brilliance, brilliancy, radiance, glitter"
"空路","くうろ","air route, air lane; by air, by plane"
"酒類","しゅるい","alcoholic drinks, liquor"
"陶器","とうき","pottery, earthenware, ceramics, (soft-paste) porcelain, china"
"交通機関","こうつうきかん","(means of) transportation, transport, transportation facilities, transportation system, transit system"
"膨らます","ふくらます","to swell, to expand, to inflate, to bulge"
"願書","がんしょ","(written) application, written request, petition; written prayer for a shrine or Buddhist temple"
"市外","しがい","outside the city, suburbs"
"大家","たいか","master, expert, authority, leading figure; mansion, large house; rich family, distinguished family"
"和食","わしょく","Japanese food, Japanese dish, Japanese cuisine"
"特典","とくてん","privilege, special favor, special favour, benefit, prerogative, perk, amenity"
"計上","けいじょう","including (a cost) in a total calculation, appropriating (a sum of money), recording, allocating, booking"
"期末","きまつ","end of term"
"寄与","きよ","contribution, service"
"英文学","えいぶんがく","English(-language) literature; British literature"
"布地","ぬのじ","fabric, cloth, material"
"見張り","みはり","watch, guard, lookout, surveillance, watchman, sentinel"
"偽物","にせもの, ぎぶつ, がんぶつ, にせもん, ニセモノ","spurious article, forgery, counterfeit, imitation, sham"
"入れ歯","いれば","false tooth, denture"
"短所","たんしょ","defect, demerit, weak point, disadvantage"
"待ち合わせ","まちあわせ","appointment"
"礼状","れいじょう","acknowledgment, acknowledgement, letter of thanks"
"話し言葉","はなしことば","spoken language, colloquial expression"
"鎮痛剤","ちんつうざい","analgesic, painkiller, sedative, tranquilizer, tranquiliser"
"不眠症","ふみんしょう","sleeplessness, insomnia, wakefulness"
"回り道","まわりみち","detour, circuitous route, diversion"
"船便","ふなびん, せんびん","surface mail (by ship), sea mail; ferry service, steamer service"
"酔っ払い","よっぱらい","drunkard"
"擦る","する","to rub, to chafe, to strike (match), to file, to frost (glass); to squander (one's money), to run through (one's fortune), to lose money (e.g. by gambling)"
"会計士","かいけいし","accountant"
"垂れる","たれる","to hang, to droop, to dangle, to sag, to lower, to pull down; to give (e.g. lesson, instruction, scolding) (to someone of lower status), to confer, to grant, to bestow; to drip, to ooze, to trickle, to drop; to leave behind (at death); to say, to utter; to excrete (urine, feces, etc.), to let out (a fart)"
"早退","そうたい","leaving early"
"寝転ぶ","ねころぶ","to lie down, to throw oneself down"
"朝寝坊","あさねぼう","sleeping late in the morning, sleeping in, lie-in, oversleeping; late riser, person who is bad at getting up in the morning"
"退く","どく, のく","to step aside, to move (i.e. out of the way), to make way; to resign, to retire, to quit, to secede"
"","サーバ, サーバー","server; (cake) server; (water) dispenser; server (tennis, volleyball, etc.)"
"ノーベル賞","ノーベルしょう","Nobel Prize"
"","ビタミン, ヴィタミン, バイタミン","vitamin"
"解ける","ほどける","to come loose, to come untied, to come undone, to unravel; to loosen up (e.g. tension)"
"損害賠償","そんがいばいしょう","restitution, damages, indemnity, compensation"
"不適切","ふてきせつ","unsuitable, inappropriate, improper"
"勉強中","べんきょうちゅう","while studying, presently studying"
"有りそう","ありそう","probable, likely"
"クラブ活動","クラブかつどう","club activities (usu. clubs in association with a school), extracurricular activities"
"鈍い","のろい","thickheaded, obtuse, stupid; slow, sluggish, inert, lethargic; indulgent (esp. to the opposite sex), doting"
"","エンジニア, エンジニアー, エンジニヤ, エンジニヤー","engineer"
"","オイル","oil, petroleum; oil, lubricant, grease; (cooking) oil; (massage) oil, ointment; kerosene; engine oil"
"金糸雀","カナリア, カナリヤ","canary (esp. the island canary, Serinus canaria)"
"","カフェテリア, キャフェテリア","cafeteria"
"","クリスマスカード, クリスマス・カード","Christmas card"
"","サーフィン","surfing, surfboarding"
"獅子女","スフィンクス","sphinx"
"","ダウンタウン","downtown"
