"","ノウハウ, ノーハウ","know-how, expertise, the ropes, the knack"
"","ハイカー","hiker"
"","ヴァイオリニスト, バイオリニスト","violinist"
"","バレンタインデー, ヴァレンタインデー, バレンタイン・デー, ヴァレンタイン・デー","Valentine's Day"
"","ヘアスタイル, ヘアースタイル","hairstyle"
"巫山戯る","ふざける","to joke, to jest, to kid, to josh; to make fun of, to laugh at, to play a prank; to romp, to gambol, to frolic, to frisk, to mess around, to fool around, to screw around; to neck, to make out"
"遣り甲斐","やりがい","value in doing something, feeling that something is worth doing, rewarding feeling, sense of satisfaction"
"","ブログ","blog"
"じゃ無い","じゃない, ぢゃない","is not, am not, are not; isn't it?"
"飲酒運転","いんしゅうんてん","drunk driving, drink-driving, driving while intoxicated, drinking and driving, driving under the influence (of alcohol)"
"混凝土","コンクリート","concrete"
"耕作","こうさく","cultivation, farming"
"嘆く","なげく","to lament, to grieve, to regret; to deplore"
"梅","うめ, むめ, ウメ","Japanese apricot (Prunus mume), Japanese plum, ume, Chinese plum; lowest (of a three-tier ranking system)"
"独立","どくりつ","independence, self-reliance, supporting oneself, being on one's own; independence (e.g. of a nation), freedom; separation, isolation"
"役者","やくしゃ","actor, actress; man of wits, clever person, cunning fellow"
"","データ, データー","data, datum"
"素人","しろうと, しろと, しらびと","amateur, layman, ordinary person, novice; respectable woman (i.e. not a prostitute, hostess, geisha); unlicensed prostitute"
"蝶","ちょう, チョウ","butterfly"
"革命","かくめい","revolution; 58th year of the sexagenary cycle (in Onmyōdō)"
"洞窟","どうくつ","cave, cavern, grotto"
"尿","にょう, ゆばり, いばり, ゆまり, ばり, しい, しし, しと","urine"
"緑色","みどりいろ, りょくしょく","green, green color"
"阿呆","アホ, あほ, あほう, アホウ","fool, idiot, simpleton"
"","チェック","check (pattern), plaid; check, inspection, examination, looking over, scrutinizing; check (mark), tick, marking with a check, checking off, ticking; checking (something) out, following (with interest), keeping one's eye on, keeping a close watch on; check (bill of exchange), cheque; (restaurant) bill, check; check (in chess)"
"湿る","しめる, しとる","to become damp, to become moist, to become wet; to lack energy, to be in a slump, to be in low spirits, to feel depressed"
"雛","ひな, ヒナ","young bird, chick, fledgling; hina doll, doll displayed during the Girls' Festival"
"渦","うず","whirlpool, swirl, eddy, vortex, maelstrom"
"視野","しや","field of vision, view; one's outlook (e.g. on life), one's horizons"
"","コース","course, route, trail; course (of study), program; lane (in running, swimming, etc.); course (of action), policy, track, path; course (of a multi-course meal); full-course meal, multi-course meal; plan (type of offered service), course, option; flying path of a pitch"
"粉","こな, こ","flour, meal, powder, dust"
"主任","しゅにん","person in charge, senior staff, manager, chief, head"
"３０００","さんぜん","3000, three thousand; many"
"","ショー, ショウ","show, performance; show, exhibition, expo, fair, convention; TV show"
"幸運","こううん","good luck, fortune"
"","そしたら","then, and (then), in that case, if so"
"仕える","つかえる","to serve, to work for, to attend"
"閃く","ひらめく, ひろめく","to flash (e.g. lightning), to flicker, to glitter, to sparkle, to gleam; to flutter (e.g. flag), to wave, to undulate; to flash into one's mind (e.g. an idea), to come to one suddenly"
"手渡す","てわたす","to hand (over), to deliver in person"
"脅す","おどす","to threaten, to menace, to frighten (into doing)"
"斜面","しゃめん","slope, slanting surface, bevel"
"死亡","しぼう","death, dying, mortality"
"宣言","せんげん","declaration, proclamation, announcement"
"罰","ばち","(divine) punishment, curse, retribution"
"曲げる","まげる","to bend, to crook, to bow, to curve, to curl; to lean, to tilt, to incline, to slant; to bend (the truth), to distort, to twist, to pervert; to yield (a point), to depart (from a principle), to ignore (what one really thinks); to pawn"
"吸血鬼","きゅうけつき","vampire, bloodsucker"
"地点","ちてん","spot, point, place, position"
"反対側","はんたいがわ","opposite side, opposition"
"貴重","きちょう","precious, valuable"
"等しい","ひとしい","equal, identical, the same; no different (from), just like, equivalent"
"何れ","どれ","which (of three or more); well, now, c'mon"
"了解","りょうかい","comprehension, consent, understanding, agreement; OK, roger"
"","クリスマス","Christmas"
"真相","しんそう","truth, real situation"
"文明","ぶんめい","civilization, civilisation, culture; Bunmei era (1469.4.28-1487.7.20)"
"一件","いっけん","(one) matter, (one) item, (one) case"
"","うっかり, ウッカリ","carelessly, thoughtlessly, inadvertently"
"権力","けんりょく","(political) power, authority, influence"
"鈴","すず, りん, れい","bell (often globular)"
"甲板","かんぱん, こうはん","deck (of a ship)"
"番号","ばんごう","number, series of digits"
"分析","ぶんせき","analysis"
"経緯","けいい, いきさつ","details, particulars, sequence of events, circumstances, situation, how things got this way; longitude and latitude; warp and weft, warp and woof"
"思案","しあん","careful thought, consideration, deliberation, reflection, rumination, pondering"
"","すっと, スッと, スーッと, すうっと","straight, quickly, directly, all of a sudden; quietly, gently, softly; to feel refreshed, to feel satisfied"
"寒さ","さむさ","coldness"
"郡","ぐん, こおり","district, county; district (of 2-20 50-home neighbourhoods or townships, in the ritsuryō period); commandery (in China)"
"蝋燭","ろうそく, ローソク, ロウソク","candle"
"腰掛ける","こしかける","to sit (down)"
"妄想","もうそう, ぼうそう","delusion, wild idea, (wild) fancy, (ridiculous) fantasy"
"各","かく","each, every, all"
"地区","ちく","district, area, zone, quarter, section, region"
"一分","いちぶ","one tenth, one hundredth, one percent, one tenth of a sun, one quarter ryō (an old coin)"
"案外","あんがい","unexpectedly, surprisingly; unexpected, unanticipated, unforeseen, surprising"
"予め","あらかじめ","beforehand, in advance, ahead of time, previously"
"夫妻","ふさい","husband and wife, married couple"
"咎める","とがめる","to blame, to reproach, to censure, to rebuke, to reprove, to find fault, to take to task, to criticize, to criticise; to question (a suspect), to challenge; to aggravate (an injury), to be aggravated, to get inflamed; to prick (one's conscience)"
"生かす","いかす","to make (the best) use of, to put to good use, to leverage (skills, attributes, experience, etc.), to capitalise on (experience, etc.); to let live, to keep alive; to revive, to resuscitate, to bring back to life; to restore (a deleted passage; in proofreading)"
"破れる","やぶれる","to get torn, to tear, to rip, to break, to wear out; to be broken off (of negotiations, etc.), to break down, to collapse, to fall into ruin"
"近づき","ちかづき","acquaintance, making someone's acquaintance"
"見舞う","みまう","to visit and comfort or console, to go to see (e.g. someone in hospital), to ask after (e.g. someone's health), to inquire after; to attack, to hit, to strike, to deal (a punch)"
"民族","みんぞく","people, race, nation, ethnic group, ethnos"
"峰","みね","peak, summit, ridge, top; back of a blade"
"憎悪","ぞうお","hatred, abhorrence, loathing, detestation"
"推す","おす","to recommend, to endorse (e.g. a candidate), to nominate, to support, to back; to infer (from), to deduce, to gather, to conjecture, to surmise; to think (something) through, to ponder deeply"
"膳","ぜん","small dining table (usu. for a single person), serving tray (with legs); meal, food, serving; counter for bowlfuls of rice; counter for pairs of chopsticks"
"下着","したぎ","underwear, undergarment, underclothes, lingerie"
"","パーティー, パーティ, パーリー","party (social gathering); party (group of people participating in an activity, esp. mountain climbing); (political) party"
"上陸","じょうりく","landing, going ashore, disembarkation; making landfall (of a typhoon), striking land, hitting land"
"飽くまでも","あくまでも","to the end, to the bitter end, to the last, stubbornly, persistently, consistently, to the utmost; after all, it must be remembered, only, purely, simply"
"","ロープ, ロップ","rope"
"占める","しめる","to occupy, to hold; to account for, to make up, to take up"
"","チェッ, ちぇっ, チェ, ちぇ, チッ, ちっ","tsk, tut, shoot, darn, dang; chirp, tweet"
"指輪","ゆびわ","(finger) ring"
"庇う","かばう","to protect (someone), to look after (e.g. an injured leg), to defend, to cover for, to stand up for, to stick up for"
"利益","りえき, りやく","profit, gains; benefit, advantage, good, interests (e.g. of society); grace (of God, Buddha, etc., esp. as attained through rightful actions, prayer, adherence to one's faith, etc.), blessing, miracle"
"許りか","ばかりか","not only"
"贅沢","ぜいたく","luxury, extravagance; to live in luxury, to indulge oneself; lavish (use of something), abundant, copious, wasteful; excessive (e.g. demands, expectations)"
"連続","れんぞく","continuation, succession, series"
"心中","しんじゅう, しんぢゅう","double suicide, lovers' suicide; group suicide, family suicide"
"空港","くうこう","airport"
"小川","おがわ","stream, brook, creek"
"帰宅","きたく","returning home, going home, coming home, getting home"
"一生懸命","いっしょうけんめい","very hard, with utmost effort, as hard as one can, with all one's might, for dear life, eagerly, desperately"
"観念","かんねん","idea, notion, concept, conception; sense (e.g. of duty); resignation (to one's fate), acceptance, preparedness; observation and contemplation, meditation"
"体力","たいりょく","physical strength, power, stamina, endurance, vigor, resistance to disease; strength (of a business, economy, etc.)"
"手がかり","てがかり","clue, lead, key, trail, scent, track; handhold, hold"
"","そうすると","having done that, if that is done, if it is done in that way"
"芸術","げいじゅつ","art, the arts"
"冴える","さえる","to be clear (of a sight, sound, colour, etc.), to be bright, to be vivid, to be crisp; to be clear-headed, to be alert, to be on the ball, to be wide awake; to look upbeat, to be perky, to be cheerful; to master (a skill), to excel at, to cleanly execute; to be satisfying; to become frigid, to become intensely cold"
"未知","みち","not yet known, unknown, strange"
"永久","えいきゅう","eternity, permanence, perpetuity; Eikyū era (1113.7.13-1118.4.3)"
"冒す","おかす","to brave, to risk, to face, to venture; to harm, to afflict, to affect; to desecrate, to profane; to assume (someone else's surname), to take"
"版","はん, ばん","edition, version, printing, impression, implementation (of software); plate, block, cast; counter for editions of a publication"
"用事","ようじ","business, things to do, engagement, errand, affairs"
"過多","かた","excess, surplus, superabundance"
"一段","いちだん","even more, still more, much more, further; one step, one rung, one level, one grade, one rank; one paragraph, one passage; ichidan (verb, verb conjugation)"
"引きつる","ひきつる","to have a cramp, to twitch, to spasm; to stiffen (of a face, expression), to freeze, to grow tight (e.g. of a voice); to shrink (of skin, due to a scar), to tauten"
"","どっと, ドッと, ドっと","bursting out (laughter), breaking out (applause), roaring, whooping; in a rush, in a surge, flooding in, pouring in; suddenly, all of a sudden"
"","キラキラ, きらきら","glittering, sparkling, glistening, twinkling"
"高度","こうど","altitude, height, elevation; high-degree, high-grade, advanced, sophisticated, strong"
"水面","すいめん, みなも","water's surface"
"転ぶ","ころぶ, まろぶ","to fall down, to fall over; to turn out, to play out; to abandon Christianity (and convert to Buddhism), to apostatize; to roll, to tumble; (for a geisha) to prostitute (herself) in secret"
"ソ連","ソれん","Soviet Union, USSR"
"法律","ほうりつ","law"
"有難うございます","ありがとうございます","thank you"
"当人","とうにん","the person concerned, the person in question, the said person"
"生き物","いきもの","living thing, living creature, animal, life"
"木々","きぎ","(many) trees, every tree, all kinds of trees"
"罵る","ののしる","to abuse (verbally), to curse at, to shout abuse at, to speak ill of"
"銀色","ぎんいろ","silver (color, colour)"
"拒否","きょひ","refusal, rejection, denial, veto"
"九州","きゅうしゅう","Kyūshū (southernmost of the four main islands of Japan)"
"借金","しゃっきん","debt, loan, liabilities, borrowing money; number of games under the .500 mark"
"策","さく","plan, policy, means, measure, stratagem, scheme; fifth principle of the Eight Principles of Yong, right upward flick"
"植物","しょくぶつ","plant, vegetation"
"衣服","いふく","clothes"
"強引","ごういん","overbearing, coercive, pushy, forcible, high-handed"
"管理","かんり","control, management (e.g. of a business)"
"深刻","しんこく","serious, severe, grave, acute"
"矛盾","むじゅん","contradiction, inconsistency"
"瞑る","つぶる, つむる","to close (one's eyes), to shut"
"","ライト","light; light (colour, food, comedy, etc.)"
"","パイプ","pipe, tube; (tobacco) pipe; cigarette holder; go-between, intermediary, mediator, connections (with), channel (of communication)"
"伸し","のし","stretching; sidestroke (swimming)"
"会場","かいじょう","assembly hall, meeting place, venue, site, grounds"
"坊主","ぼうず, ぼんず","Buddhist priest, bonze; close-cropped hair, crew cut, person with a shorn head; boy, sonny, lad; not catching anything; the August 20-point card"
"奇異","きい","odd, strange, queer, peculiar"
"脅かす","おどかす","to threaten, to menace, to intimidate; to startle, to frighten, to scare"
"順","じゅん, ずん","order, turn, sorting; obedient, docile, submissive, meek"
"王国","おうこく","kingdom, monarchy"
"逆らう","さからう","to go against, to oppose, to disobey, to defy"
"魔女","まじょ","witch"
"二枚","にまい","two sheets (of paper or other flat objects)"
"遂げる","とげる","to accomplish, to achieve, to carry out; to arrive at (a certain outcome), to come to, to end with"
"見る見る","みるみる","very fast, in a twinkle, before one's eyes"
"貧乏","びんぼう, ビンボー","poverty-stricken, destitute, poor, penurious"
"解ける","とける","to be solved, to be resolved; to loosen, to come untied, to come undone; to be removed (of restrictions), to be lifted (e.g. a ban), to be broken (spells, curses, etc.); to dissipate (of anger, tension, etc.), to melt away, to ease, to be appeased, to be resolved (of a dispute, misunderstanding, etc.), to be cleared up"
"必ずしも","かならずしも","(not) always, (not) necessarily, (not) entirely, (not) all"
"住人","じゅうにん","dweller, inhabitant, resident; user (of a website)"
"芸","げい","art, craft, accomplishment, artistic skill, technique, performance"
"大胆","だいたん","bold, daring, audacious"
"五つ","いつつ","five; five years of age; eight o'clock (old time system)"
"細かい","こまかい","small; fine, minute; minor, trivial; sensitive, attentive; careful, frugal, stingy"
"保護","ほご","protection, safeguard, guardianship, custody, patronage; preservation, conservation"
"住民","じゅうみん","inhabitant, resident, citizen, population"
"磨く","みがく","to polish, to shine, to burnish, to scour, to scrub, to brush (teeth), to grind (e.g. a lens); to refine (a skill, etc.), to improve, to hone, to polish (up), to cultivate (one's character)"
"乗客","じょうきゃく, じょうかく","passenger"
"親子","おやこ, しんし","parent and child"
"人数","にんずう, にんず, にんじゅ","the number of people; many people, a large number of people"
"悲劇","ひげき","tragedy, tragic drama, tragic play; tragedy, calamity, disaster"
"万一","まんいち, ばんいち, まんいつ, ばんいつ","(unlikely event of) emergency, the worst(-case scenario), 10000 to 1; (if) by some chance, by some possibility, in the unlikely event that"
"不自然","ふしぜん","unnatural, artificial, affected, strained"
"切っ掛け","きっかけ, キッカケ","chance, start, cue, excuse, motive, impetus, occasion"
"昼食","ちゅうしょく","lunch, midday meal"
"馴染む","なじむ","to become familiar with, to get used to, to become accustomed to, to adapt oneself to, to become attached to, to become friendly with; to come to fit, to go (well) with, to suit, to match, to harmonize (with), to blend in (with), to agree with (e.g. one's skin)"
"首相","しゅしょう","prime minister, chancellor (Germany, Austria, etc.), premier"
"余地","よち","place, room, margin, scope"
"打つ","ぶつ","to hit (someone), to strike, to beat; to make (a speech), to give (an address); to gamble"
"落下","らっか","fall, drop, descent, coming down"
"蛙","かえる, かわず, かいる, カエル, カワズ","frog; kajika frog (Buergeria buergeri)"
"","ピンク","pink; erotic, blue, pornographic"
"走り出す","はしりだす","to begin to run, to start running, to break into a run"
"携帯電話","けいたいでんわ","mobile phone, cell phone"
"暴れる","あばれる","to act violently, to rage, to struggle, to be riotous"
"市場","いちば","(town) market, (street) market, marketplace"
"施設","しせつ","facility, facilities, institution, establishment; home (for the elderly, orphans, etc.)"
"錯覚","さっかく","optical illusion, hallucination; misapprehension, delusion"
"資格","しかく","qualifications, requirements, capabilities"
"枯れる","かれる","to wither (of a plant), to be blasted, to die; to mature (of one's personality, abilities, etc.)"
"劣る","おとる","to be inferior to, to be less good at, to fall behind"
"班","はん","group, party, team; squad, section"
"交わす","かわす","to exchange (messages, greetings, arguments, etc.); to intersect, to cross, to interlace; ... with one another, ... to each other"
"取り分け","とりわけ","especially, particularly, above all; portioning out (servings of food)"
"注目","ちゅうもく","notice, attention, observation"
"値段","ねだん","price, cost"
"殿下","でんか, てんが","Your Highness, His Highness, Her Highness"
"習う","ならう","to take lessons in, to be taught, to learn (from a teacher), to study (under a teacher), to get training in"
"傾向","けいこう","tendency, trend, inclination"
"試験","しけん","examination, exam, test; trial, experiment, test"
"親方","おやかた, おやがた","master, boss, chief, foreman, supervisor; stable master; craftsman, artisan; foster parent"
"思いがけない","おもいがけない","unexpected, contrary to expectations, by chance, casual"
"","ボーイ","boy; bellboy, porter, waiter"
"","ポール","pole; trolley pole; pole (unit of length or area), rod, perch"
"急速","きゅうそく","rapid (e.g. progress)"
"困惑","こんわく","bewilderment, perplexity, embarrassment, discomfiture, bafflement"
"返答","へんとう","reply, answer"
"隔てる","へだてる","to separate (by distance, time, etc.), to isolate, to partition, to divide; to interpose, to have between; to alienate, to estrange"
"何方も","どちらも, どっちも","both; (not) either"
"藤","ふじ, フジ","wisteria (esp. Japanese wisteria, Wisteria floribunda), wistaria"
"唐突","とうとつ","abrupt, sudden"
"お互いに","おたがいに","mutually, with each other, reciprocally, together, both"
"往来","おうらい","coming and going, traffic; road, street; association, socializing, socialising, fellowship, mutual visits; recurring (e.g. thoughts); correspondence"
"に渡って","にわたって","throughout, over a period of ..., over a span of ..."
"錠","じょう","lock, padlock; tablet, pill"
"","ニヤニヤ, にやにや","grinning, smirking"
"","ひっそり","quiet (place), still, silent, deserted; inconspicuously, modestly, quietly"
"灰","はい","ash, ashes"
"信","しん","honesty, sincerity, fidelity; trust, reliance, confidence; (religious) faith, devotion; counter for received messages"
"２０日","はつか, にじゅうにち","20th day of the month; 20 days"
"","テープ","tape"
"凝視","ぎょうし","stare, gaze, fixation"
"蒸かす","ふかす","to steam (food)"
"","スクリーン","screen"
"近衛","このえ","Imperial Guards"
"絶叫","ぜっきょう","scream, shriek, shout, exclamation"
"滞在","たいざい","stay, sojourn"
"埋まる","うまる, うずまる","to be buried, to be covered, to be surrounded; to overflow, to be crowded, to be filled; to be repaid (e.g. debt), to be replenished; to be filled (e.g. blank, vacancy, schedule)"
"隠居","いんきょ","retirement (from work), leading a quiet life (after retirement); retired person, retiree; surrendering headship of the family (pre-WWII)"
"引き取る","ひきとる","to take into one's possession, to receive, to accept, to collect, to claim; to take into one's care (e.g. person, pet), to take custody of, to adopt; to leave, to go away, to withdraw, to get out"
"閉ざす","とざす","to shut, to close, to fasten, to lock; to block (a street, entrance, etc.); to shut in (with snow, ice, etc.), to shut off, to cut off, to cover (e.g. in darkness); to consume (with negative feelings), to fill (e.g. with sadness), to bury (e.g. in grief)"
"疑惑","ぎわく","doubt, misgivings, distrust, suspicion"
"漫画","まんが, マンガ","cartoon, comic, comic strip, manga"
"９日","ここのか, ここぬか","9th day of the month; nine days"
"小型","こがた","small-sized, small-scale, miniature; small, little, tiny"
"個人的","こじんてき","personal, individual, private"
"修理","しゅうり, しゅり, すり","repair, mending, fixing, servicing"
"美女","びじょ","beautiful woman"
"大陸","たいりく","continent; continental Asia (esp. mainland China); continental Europe"
"鼠","ねずみ, ネズミ","mouse, rat; dark gray, slate gray"
"隊員","たいいん","troops, group members, team members"
"配置","はいち","arrangement (of resources), deployment, stationing, posting, disposition, configuration, layout"
"企業","きぎょう","enterprise, business, company, corporation"
"浅見","せんけん","shallow view, superficial idea; (one's) view, (one's) humble opinion"
"中将","ちゅうじょう","lieutenant general, vice-admiral"
"二回","にかい","twice"
"入り込む","はいりこむ, いりこむ","to go into, to come into, to penetrate, to get in, to step in (a house); to become complicated"
"どの位","どのくらい, どのぐらい","how long, how far, how much"
"残酷","ざんこく","cruel, brutal, ruthless, merciless, inhuman"
"築く","きずく","to build, to construct, to erect; to build up (a reputation, position, fortune, etc.), to establish (a relationship, household, tradition, etc.), to lay (a foundation)"
"印","しるし","mark, sign; symbol, emblem; badge, crest, flag; evidence, proof; token (of gratitude, affection, etc.)"
"こう言った","こういった","this sort of, this type of"
"無限","むげん","infinity, infinitude, eternity; infinite, limitless"
"爆弾","ばくだん, バクダン","bomb; alcohol with liquor added (esp. wine-based shōchū highball, also beer with whiskey)"
"妖怪","ようかい","ghost, apparition, phantom, spectre, specter, demon, monster, goblin, yōkai"
"再度","さいど","a second time, again, once more, twice"
"淵","ふち","deep pool, deep water, abyss; depths (e.g. of despair), grip (e.g. of death)"
"障子","しょうじ","shoji (paper sliding door)"
"軽","けい","light (e.g. aircraft, truck); light motor vehicle (up to 660cc and 64bhp), kei car"
"","ワイン","wine"
"肝心","かんじん","essential, important, crucial, vital, main"
"家来","けらい","retainer, vassal, follower"
"","マーク","mark, sign, symbol, emblem, logo, label, brand; to mark, to put a mark on; trademark; paying attention to, keeping one's eye on, watching, marking (a player), guarding; setting (a record), posting, recording"
"長男","ちょうなん","eldest son (may be the only son), first-born son"
"柵","さく","fence, paling, railing; fortress"
"夜明け","よあけ","dawn, daybreak"
"対応","たいおう","correspondence (to), equivalence; suitability, coordination, matching, being appropriate (for); dealing with, coping with, handling, response, reception, reaction; compatibility (with technology, software, etc.), capability, support (for)"
"発行","はっこう","publication (of a newspaper, magazine, book, etc.), issue; issue (of banknotes, bonds, passport, etc.); raising (an event)"
"一夜","いちや, ひとや, ひとよ","one night, all night, overnight, one evening"
"","ビデオ, ヴィデオ","video (esp. a televised image); videotape, VHS tape, videocassette; videocassette recorder, VCR; video (short film)"
"不愉快","ふゆかい","unpleasant, disagreeable, displeasing, uncomfortable, unhappy"
"吠える","ほえる","to bark, to howl, to bay, to roar, to yelp, to yap; to howl (of the wind), to roar (of the sea); to yell, to shout, to cry, to moan"
"脆い","もろい","brittle, fragile, weak, frail; tender-hearted, sentimental, easily moved"
"交換","こうかん","exchange, interchange, switching, reciprocity, barter, substitution, replacement, clearing (of checks, cheques)"
"身動き","みうごき","movement (of one's body), moving about, stirring; acting freely, doing as one pleases"
"依然として","いぜんとして","still, as yet, as of old"
"","ずれる, ズレる, づれる","to slide, to slip off, to get dislocated, to be out of alignment, to get dislodged, to deviate, to shift (position), to be out of sync, to be slightly off, to be off-point"
"賢い","かしこい","wise, clever, smart; well-behaved (esp. children and pets), obedient, good"
"砕ける","くだける","to break (into pieces), to be broken, to be smashed; to collapse, to crumble, to decline, to cool (e.g. enthusiasm), to dampen (e.g. one's will to fight); to become less formal, to throw off reserve, to become affable; to become easy to understand (e.g. a story); to be worried"
"芋","いも, イモ","tuber, taro, potato, yam; yokel, bumpkin; dud, worthless thing"
"悔しい","くやしい, くやしーい","frustrated (over a failure, humiliation or injustice), annoyed, chagrined, (bitterly) disappointed, bitter, vexed, frustrating, annoying, regrettable"
"大部分","だいぶぶん","most part, greater part, majority"
"病室","びょうしつ","sickroom, hospital room, ward"
"","ドレス","dress"
"","シート","seat"
"誤る","あやまる","to make a mistake (in), to commit an error, to do incorrectly, to err; to be wrong, to be incorrect, to be false, to be mistaken; to mislead, to misguide, to lead astray"
"引っ込む","ひっこむ","to draw back, to sink, to cave in; to be set back (e.g. from a road); to withdraw (e.g. from the public eye), to retire to (somewhere), to stay indoors, to butt out, to stay out of it"
"","マイク","mike, mic, microphone"
"北海道","ほっかいどう","Hokkaido (island, prefectural-level administrative unit)"
"足跡","あしあと, そくせき","footprints; record of page visitors (e.g. in social networking sites)"
"持ち主","もちぬし","owner, proprietor, possessor (e.g. of talent, beauty, etc.)"
"付け加える","つけくわえる","to add (one thing to another), to add (a few more words, an explanation, etc.)"
"多数","たすう","large number (of), many; majority"
"今すぐ","いますぐ","at once, immediately, right now"
"見当","けんとう","estimate, guess, conjecture, aim; direction, bearings; registration mark (printing); approximately, about, around"
"品物","しなもの","article, item, thing, goods, wares"
"帰す","かえす","to send (someone) back, to send (someone) home"
"勘","かん","perception, intuition, the sixth sense"
"幹部","かんぶ","management, (executive) staff, leaders, leadership, top brass, upper echelons"
"鉄道","てつどう","railroad, railway, rail transport"
"理性","りせい","reason, reasoning power, (one's) sense"
"大半","たいはん","majority, more than half, most (of); mostly, largely, mainly, predominately, nearly"
"週間","しゅうかん","week"
"奉行","ぶぎょう","magistrate, shogunate administrator"
"継ぐ","つぐ","to succeed (a person, to a position, etc.), to inherit, to take over, to follow; to patch (clothes), to mend, to repair; to add (e.g. charcoal to the fire), to replenish with, to feed with, to follow up with (e.g. remarks), to gather (one's breath)"
"抗議","こうぎ","protest, objection"
"警備","けいび","defense, defence, guard, policing, security"
"誕生","たんじょう","birth, creation, formation"
"発射","はっしゃ","firing (esp. a rocket or missile), launching, shooting, discharge, catapult; ejaculation"
"","えっと, えーと, えーっと, ええと, ええっと, えーーっと, えーーーっと, えーーーーっと","let me see, well, errr ..., uhh ..."
"検査","けんさ","inspection (e.g. customs, factory), examination, test, check, scan (e.g. MRI, PET), audit"
"派遣","はけん","dispatch, despatch, deployment; temporary employee (esp. from an agency), temporary worker, agency temp"
"","うんざり, ウンザリ","tedious, boring, being fed up with"
"天国","てんごく, てんこく","paradise, heaven, Kingdom of Heaven"
"鉄砲","てっぽう","gun, firearm; wooden pole that wrestlers strike in practice; puffer fish"
"欠く","かく","to chip, to nick, to break, to crack; to lack"
"度々","たびたび","often, again and again, over and over again, repeatedly, frequently"
"","ベルト","belt (worn around the waist); (machine) belt; belt, zone, area"
"護衛","ごえい","guard, convoy, escort"
"一層","いっそう","even more, still more, all the more, more than ever; one layer; lowest floor (of a building); rather, sooner, preferably"
"羨ましい","うらやましい","envious, jealous; enviable (position, etc.)"
"方針","ほうしん","policy, course, plan (of action), principle; magnetic needle"
"主義","しゅぎ","doctrine, rule, principle, -ism"
"囚人","しゅうじん, めしゅうど, めしうど","prisoner, convict"
"業","ぎょう","work, business, company, agency; study"
"直ぐさま","すぐさま","immediately, promptly"
"解説","かいせつ","explanation, commentary, exposition, elucidation"
"副","ふく","assistant, associate, vice-, sub-, deputy, substitute, auxiliary, supplementary, additional, collateral; duplicate, copy; adverb"
"沿う","そう","to run along, to run beside, to stick to (a line); to follow (a policy, plan, etc.), to act in accordance with, to align with; to meet (wishes, expectations, etc.), to satisfy, to comply with, to live up to"
"恥じる","はじる","to feel ashamed"
"院長","いんちょう","director (of a hospital, institution, academy, etc.), superintendent, rector"
"天才","てんさい","genius, prodigy, natural gift"
"前進","ぜんしん","advance, moving forward, progress"
"処置","しょち","measure, step, dealing with; medical treatment"
"崩壊","ほうかい","collapse, crumbling, breaking down, caving in; (radioactive) decay, disintegration"
"忠臣","ちゅうしん","loyal retainer, loyal subject"
"裁判","さいばん","trial, judgement, judgment"
"懸命","けんめい","eager, earnest, strenuous, fervent, assiduous, with utmost effort"
"巻き込む","まきこむ","to roll up, to enfold, to swallow up; to involve, to drag into"
"値","あたい","price, cost; value, worth, merit; value"
"高級","こうきゅう","high-class, high-grade, high-quality, high-end, luxury; high-ranking, high-level, senior"
"稲","いね, イネ","rice plant (Oryza sativa)"
"証人","しょうにん","witness"
"駐車場","ちゅうしゃじょう","parking lot, car park, carpark, parking garage"
"商品","しょうひん","commodity, article of commerce, goods, stock, merchandise"
"演奏","えんそう","musical performance"
"繋がり","つながり","connection, link, relationship"
"","ぎょっと, ギョッと","being startled"
"","あれだけ","to that extent, to that degree, that much, that many"
"年寄り","としより","old person, elderly person, senior citizen; trustee of the Japan Sumo Association, retired high-ranking wrestler who is licensed to coach and receives retirement pay; senior statesman (of the Tokugawa shogunate); important local official (under the Tokugawa Shogunate)"
"忠告","ちゅうこく","advice, warning"
"丸める","まるめる","to make round, to roll up, to curl up; to seduce, to cajole, to explain away; to round off (a fraction); to shave (one's head); to lump together"
"賑やか","にぎやか","bustling, busy, crowded, lively, prosperous, thriving; lively (party, voices, etc.), loud, noisy, merry, cheerful"
"","ひょっとすると","perhaps, maybe, possibly"
"可愛がる","かわいがる","to be affectionate to, to treat tenderly, to dote on, to show one's love (for), to cherish; to show favouritism to, to be partial to; to fondle, to caress, to pet; to be tough on, to be rough with, to torment, to train harshly"
"見込む","みこむ","to anticipate, to expect, to estimate, to count on, to allow for, to take into account; to place confidence in, to put trust in, to trust; to find promising, to see good prospects (in); to set one's eye on (e.g. prey), to mark (e.g. as a victim), to hold spellbound"
"","いいや","no, nope"
"","シャワー","shower"
"提供","ていきょう","offer, tender, providing, supplying, making available, donating (blood, organs, etc.); sponsoring (a TV program)"
"建つ","たつ","to be erected, to be built"
"指導","しどう","guidance, leadership, instruction, direction, coaching; shido (minor penalty in judo)"
"あいつ等","あいつら, アイツら","they, those guys, those fellows"
"出席","しゅっせき","attendance, presence, appearance"
"藁","わら, ワラ","straw"
"","セット","set (of things), combo; setting up, preparing, arranging, placing, positioning, configuring, setting (e.g. an alarm); setting (hair); set (in tennis, volleyball, etc.); set (in a play, film, etc.), movie set; (television or radio) receiver"
"外部","がいぶ","outside (e.g. of a building), exterior; outside (of a group, company, etc.), outside world"
"上空","じょうくう","sky, the skies, high-altitude sky, upper air"
"突進","とっしん","rush, dash, charge"
"万事","ばんじ","all, everything"
"大型","おおがた","large, large-sized, large-scale, big"
"鶏","にわとり, とり, かけ, くたかけ, ニワトリ","chicken (Gallus gallus domesticus), domestic chicken; chicken meat"
"","マダム","madam, (married) woman, lady, housewife; proprietress (of a bar, coffee shop, etc.), manageress"
"要素","ようそ","component, factor, item (e.g. in list); element (e.g. in array), member (e.g. data structure)"
"年上","としうえ","older, senior"
"金髪","きんぱつ, キンパツ","blond hair, blonde hair, golden hair"
"平凡","へいぼん","ordinary, common, commonplace, mediocre, unremarkable, undistinguished, uneventful"
"優秀","ゆうしゅう","superior, excellent, brilliant, outstanding"
"指紋","しもん","fingerprint"
"人殺し","ひとごろし","murder, murderer"
"鎧","よろい","armor, armour"
"苦手","にがて","poor (at), weak (in), not very good (at); not one's cup of tea, not one's favorite"
"心理","しんり","state of mind, mentality, psychology"
"断言","だんげん","assertion, declaration, affirmation"
"舌打ち","したうち","clicking one's tongue, tut-tut; smacking one's lips (with relish)"
"一台","いちだい","one machine, one vehicle"
"食卓","しょくたく","dining table"
"青ざめる","あおざめる","to become pale, to turn pale"
"","スキー","skiing; ski, skis"
"感想","かんそう","impressions, thoughts, feelings, reactions"
"腕時計","うでどけい","wristwatch, watch"
"危機","きき","crisis, critical situation, emergency, pinch"
"緩める","ゆるめる","to loosen, to slacken; to relax (attention, efforts, etc.), to let down (one's guard), to relieve (tension); to relax (a rule), to ease (e.g. restrictions), to loosen (control); to reduce (speed), to slow down, to ease up; to make more gradual (of a slope)"
"区別","くべつ","distinction, differentiation, discrimination, difference"
"愚か","おろか","foolish, stupid, silly"
"案","あん","idea, plan, proposal, suggestion, (government) bill; draft, rough copy; expectation; desk, stand"
"窯","かま","stove, furnace, kiln"
"設ける","もうける","to prepare, to provide; to set up, to establish, to organize, to lay down (rules), to make (an excuse)"
"理論","りろん","theory"
"衝動","しょうどう","impulse, urge, impetus"
"","リング","ring"
"同然","どうぜん","just like, (virtually) no different from, (almost) the same as, as good as (e.g. dead, settled)"
"空想","くうそう","daydream, fantasy, fancy, vision"
"","ロス","loss; feeling of loss"
"所々","ところどころ, しょしょ","here and there, in places"
"暴力","ぼうりょく","violence, mayhem"
"因みに","ちなみに","by the way, in this connection, incidentally, in passing"
"消滅","しょうめつ","extinction, extinguishment, disappearance, vanishing, termination, lapse; annihilation"
"見なす","みなす","to regard (as), to consider (to be), to deem, to look upon (as), to think of (as)"
"米国","べいこく","(United States of) America, USA, US"
"一軒","いっけん","one house"
"辞める","やめる","to resign, to retire, to quit, to leave (one's job, etc.)"
"野球","やきゅう","baseball"
"根拠","こんきょ","basis, grounds, foundation, reason, authority; base (of operations)"
"範囲","はんい","extent, scope, sphere, range, span"
"市内","しない","in the city, within the city"
"英国","えいこく","United Kingdom, Britain, Great Britain"
"","フォーク, ホーク","fork; forkball"
"","サラリーマン, サラーリーマン, サラリマン, サラーリマン, サラリー・マン","office worker, company employee, company man, salaryman"
"打","ダース","dozen"
"削る","けずる","to shave (wood, leather, etc.), to sharpen (e.g. pencil), to plane, to whittle, to pare, to scrape off, to erode; to cut down (budget, expenses, staff, time, etc.), to curtail, to reduce; to delete, to erase, to remove, to cross out, to strike out"
"","もしもし","hello (e.g. on phone); excuse me! (when calling out to someone)"
"活躍","かつやく","activity (esp. energetic or successful), great efforts, active participation; walking about with great vigor"
"専門","せんもん","speciality, specialty, special subject of study, area of expertise, (one's) field, (one's) major; sole interest, single focus, concentrating exclusively on, doing exclusively, sticking to"
"片隅","かたすみ","corner, nook"
"養子","ようし","adopted child (usu. male), son-in-law"
"脳裏","のうり","one's mind"
"主婦","しゅふ","housewife, mistress (of the house), homemaker"
"温泉","おんせん","hot spring; onsen, hot spring resort, hot spring spa"
"兜","かぶと","helmet (of a warrior), headpiece"
"拒む","こばむ","to refuse, to reject, to decline; to prevent (from doing), to deny (e.g. access), to block"
"次のように","つぎのように","in the following manner, as follows"
"機関","きかん","engine; agency, organisation, organization, institution, organ, body; system, facility, facilities"
"選手権","せんしゅけん","championship, title (of champion); championship game, championship tournament"
"議席","ぎせき","parliamentary seat"
"税制","ぜいせい","tax system"
"高齢者","こうれいしゃ","old person, elderly person, senior citizen"
"空間","くうかん","space, room, airspace"
"源","みなもと","source (of a river), fountainhead; source, origin, root"
"増税","ぞうぜい","tax increase"
"上場","じょうじょう","listing (on the stock exchange, etc.), taking (a company) public; performance (of a play, opera, etc.), staging, presentation"
"縁","ふち","rim, brim, edge, brink"
"指標","しひょう","index, indices, indicator"
"節","せつ","occasion, time; section (of a literary work or piece of music), passage, paragraph, verse, stanza; clause; season, term; one's principles, integrity; node (of a plant stem); (taxonomical) section; knot (nautical mile per hour)"
"分割","ぶんかつ","partition, division, separation, segmenting, splitting"
"値下げ","ねさげ","price reduction, price cut, reduction in price, markdown"
"出来高","できだか","yield, crop, production, volume, piecework"
"撤廃","てっぱい","annulment, abolition, repeal, rescission"
"農産物","のうさんぶつ","agricultural produce"
"休業","きゅうぎょう","suspension of business, temporary closure (of a store, school, etc.), shutdown, holiday"
"目前","もくぜん","before one's very eyes, under one's nose, imminence, close at hand"
"高騰","こうとう","sharp rise (in prices), steep rise, substantial increase, soaring"
"至って","いたって","very much, exceedingly, extremely"
"集計","しゅうけい","totalization, totalisation, aggregation, tally (e.g. of votes), adding up, summing up"
"衣料","いりょう","clothing"
"急増","きゅうぞう","rapid increase, proliferation, surge, explosion"
"歳入","さいにゅう","annual revenue (government), annual income (government), budget receipts"
"走り","はしり","running; gliding; first (harvest) of the season; beginning, start; kitchen sink"
"社会問題","しゃかいもんだい","social problem"
"上り","のぼり","ascent, climbing, ascending (path), climb; up-train, train heading toward the starting point of its route; upbound (esp. toward Tokyo); upstream, uphill"
"学級","がっきゅう","(school) class"
"稼ぎ","かせぎ","earnings"
"腰痛","ようつう","lower back pain, lumbago"
"取り決め","とりきめ","decision, agreement"
"畳","たたみ","tatami mat, Japanese straw floor coverings"
"鴨","かも, カモ","duck; easy mark, sucker, sitting duck"
"口頭","こうとう","oral, verbal, spoken, parol"
"資本金","しほんきん","capital stock"
"公会堂","こうかいどう","town hall, public hall"
"水道水","すいどうすい","tap water"
"割り当て","わりあて, かっとう","allotment, assignment, allocation, quota, rationing; allocation"
"不合格","ふごうかく","(examination) failure, rejection, disqualification"
"急騰","きゅうとう","sudden rise (in price), sharp rise, jump, surge"
"非行","ひこう","delinquency, misconduct"
"１１９番","ひゃくじゅうきゅうばん","119 (ambulance and fire brigade emergency telephone number in Japan)"
"開演","かいえん","curtain raising, starting (e.g. play, concert)"
"寄港","きこう","calling at a port; making an intermediate stop at an airport"
"淡水","たんすい","fresh water (i.e. not salt water)"
"母乳","ぼにゅう","mother's milk"
"算数","さんすう","arithmetic; calculation"
"購読","こうどく","buying and reading (book, magazine, etc.), subscribing (incl. free subscriptions), taking (e.g. newspaper)"
"激論","げきろん","heated argument, heated discussion, heated debate"
"思い切り","おもいきり","to one's heart's content, as much as one wants, as hard as one can, with all one's strength, to the best of one's ability, to the utmost, with determination, hard, heavily; resolution, decisiveness, determination, resignation"
"裏返し","うらがえし","inside out, upside down; flip side, opposite, contrary, reverse"
"方法論","ほうほうろん","methodology"
"日用品","にちようひん","daily necessities"
"有毒","ゆうどく","poisonous, toxic"
"説明書","せつめいしょ","(printed) instructions, manual, explanatory leaflet (pamphlet, note), description"
"払い戻し","はらいもどし","repayment, refund, payback"
"授与","じゅよ","awarding, conferment, granting, presentation"
"生態学","せいたいがく","ecology"
"算出","さんしゅつ","calculation, computation"
"不適当","ふてきとう","inadequacy, inappropriateness, unfitness, impropriety"
"少額","しょうがく","small sum (of money), small amount; small denomination (banknote, coin, etc.)"
"貸家","かしや, かしいえ","house for rent"
"陰口","かげぐち","malicious gossip, backbiting, speaking ill behind someone's back"
"火災保険","かさいほけん","fire insurance"
"幾何学","きかがく","geometry"
"平均点","へいきんてん","average mark, mean point"
"日当たり","ひあたり","exposure to the sun, sunny place; per day"
"腐食","ふしょく","rot, decay, erosion; corrosion, etching, rust; saprophagy"
"急病","きゅうびょう","sudden illness"
"上り坂","のぼりざか","ascent, uphill, upward slope; (gradual) upturn, increase"
"乗車券","じょうしゃけん","ticket (for bus, train, etc.), passenger ticket; basic fare ticket (not valid on limited express trains without a supplemental express ticket)"
"例え","たとえ","example; simile, metaphor, allegory, fable, parable"
"細やか","ささやか","small, little, tiny, insignificant, humble, modest, meagre, meager"
"正方形","せいほうけい","square"
"渇き","かわき","thirst; craving, thirst (for love, knowledge, etc.), hunger"
"傑出","けっしゅつ","being outstanding, excelling, being foremost"
"似合い","にあい","well-matched (esp. of a couple), becoming, suitable"
"抜かす","ぬかす","to omit, to leave out, to skip; to overtake, to pass; to say, to speak"
"流れ星","ながれぼし","shooting star, falling star, meteor; blaze (wide white stripe down the face of a horse)"
"大水","おおみず","flood"
"非常口","ひじょうぐち","emergency exit"
"復習","ふくしゅう","review (of learned material), revision"
"日給","にっきゅう","daily wages"
"片思い","かたおもい","unrequited love, one-sided love"
"処方箋","しょほうせん","prescription"
"後の祭り","あとのまつり","a day after the fair, (at a) stage when it's too late"
"返送","へんそう","sending back, return to sender"
"誤植","ごしょく","misprint, typographical error, typo"
"惹かれる","ひかれる","to be charmed by, to be attracted to, to be taken with, to be drawn to"
"晩御飯","ばんごはん","dinner, evening meal"
"昼ご飯","ひるごはん","lunch, midday meal"
"","クイズ","quiz"
"シャボン玉","シャボンだま, しゃぼんだま","soap bubble"
"","セミナー, ゼミナール, セミナール, セミナ","seminar"
"悪影響","あくえいきょう","bad influence, negative influence"
"運転士","うんてんし","(professional) driver (of a taxi, train, etc.), motorman; mate (on a ship), officer"
"運動不足","うんどうぶそく","lack of physical exercise, insufficient exercise, inactivity"
"後","のち","later, afterwards; future; after one's death; descendant"
"自惚れ","うぬぼれ, おのぼれ","conceit, vanity, pride, self-importance, egotism"
"主","ぬし","head (of a household, etc.), leader, master; owner, proprietor, proprietress; subject (of a rumour, etc.), doer (of a deed); guardian spirit (e.g. long-resident beast, usu. with mystical powers), long-time resident (or employee, etc.); husband; you"
"受動的","じゅどうてき","passive"
"従姉妹","いとこ, じゅうしまい","cousin (female)"
"待ちかねる","まちかねる","to wait impatiently for"
"地球温暖化","ちきゅうおんだんか","global warming"
"長話","ながばなし","long talk"
"売り切れる","うりきれる","to be sold out"
"不良品","ふりょうひん","inferior goods, defective product, defective goods"
"労働力","ろうどうりょく","labor, labour, manpower, working force"
"弄る","いじる, まさぐる","to finger, to touch, to play with, to fiddle with, to toy with; to make changes to, to tinker with, to tamper with; to dabble in, to do as a hobby, to play around with; to tease, to make fun of; to grope, to feel around (in one's pocket, bag, etc.)"
"貶す","けなす","to speak ill of, to disparage"
"退く","ひく","to move back, to draw back, to recede, to fall back, to retreat; to lessen, to subside, to ebb, to go down (e.g. of swelling); to resign, to retire, to quit"
"物覚え","ものおぼえ","memory, ability to learn"
"買い得","かいどく","bargain, good buy"
"化学物質","かがくぶっしつ","chemical substances, chemicals"
"路線図","ろせんず","route map (for buses, trains, etc.)"
"予期せぬ","よきせぬ","unexpected, unforeseen"
"逸れる","はぐれる","to lose sight of (one's companions), to stray from; to miss (one's chance to ...)"
"問題ない","もんだいない","no problem, all right, not an issue, unobjectionable"
"退ける","どける","to put something out of the way, to move (something, someone) aside"
"","イースター","Easter"
"","イヤホン, イヤフォン, イヤホーン, イアホン, イアフォン, イヤフォーン","earphones, earphone"
"","カンガルー","kangaroo"
"","ガロン","gallon"
"","キャンペーン","(sales) promotion, (sales, advertising) campaign; campaign (for an election, social change, etc.), movement, drive (fund-raising, recruitment, etc.); (military) campaign"
"","クリケット","cricket (game)"
"","サミット","summit (meeting)"
"","ショパン","Chopin"
"","ジェスチャー, ジェスチャ, ゼスチャー","gesture; charades (game)"
"","スペースシャトル, スペース・シャトル","space shuttle"
"","タンク","tank (of fluid), cistern, vat; tank (military vehicle)"
"","データベース, データーベース","database"
"","ナイター","game under lights (e.g. baseball), night game"
"尼羅","ナイル","Nile (river)"
"","ブラスバンド, ブラス・バンド","brass band"
"","マーガリン","margarine"
"","マーケティング, マーケッティング","marketing"
"","マイホーム, マイ・ホーム","one's (own) house, one's (own) home"
"","メールアドレス, メール・アドレス","email address"
"透明","とうめい","transparent, clear"
"総","そう","whole, total, gross, entire, overall, general (election, manager, etc.)"
"仰向け","あおむけ","facing upward"
"","いっそ","rather, sooner, preferably, might as well, just; on the contrary, if anything"
"投げ出す","なげだす","to throw down, to throw out, to stretch out (one's legs); to abandon, to resign; to give freely, to give generously, to sacrifice (e.g. one's life); to start to throw"
"冒険","ぼうけん","adventure, venture; venture which is unlikely to succeed, risky attempt, danger, hazard, risk"
"死後","しご","after death"
"差し上げる","さしあげる","to lift up, to hold up, to raise; to give, to present, to offer; to do (for someone)"
"観","かん","look, appearance; spectacle, sight; observation meditation; outlook on ..., view of ..."
"恐るべき","おそるべき","terrible, terrifying, dreadful, horrible, horrifying, appalling; astonishing, astounding, staggering, tremendous, awesome, enormous"
"泡","あわ, あぶく","bubble, foam, froth, suds, lather, head (on beer)"
"お願いします","おねがいします","please"
"村人","むらびと","villager"
"比較","ひかく","comparison"
"言語","げんご, ごんご, げんきょ","language"
"王妃","おうひ","queen (consort), empress (consort)"
"","ぐるぐる, グルグル","(turning) round and round, in circles; wrapping around, winding around"
"砂漠","さばく","desert"
"億","おく","hundred million, 100,000,000, 10^8"
"彷徨う","さまよう","to loiter, to putter, to prowl, to wander about, to roam about, to knock around"
"無邪気","むじゃき","innocent, simple-minded"
"","カール","curl (of hair), ringlet"
"九九","くく","multiplication table, times table"
"","にっこり, ニッコリ, にこり, ニコリ","sweetly (smiling), broadly (grinning)"
"処分","しょぶん","disposal, throwing away, selling off; dealing with (a problem), measure; punishment, penalty; putting down (e.g. diseased animal)"
"由","よし","reason, significance, cause; piece of information that one has heard, I hear that ..., it is said that ..."
"何かと","なにかと","one way or another, in many ways, in various ways"
"","ブルー","blue; sad, down (in the dumps)"
"火事","かじ","fire, conflagration"
"壊す","こわす","to break, to destroy, to demolish; to wreck, to ruin, to spoil, to damage; to break (a bill, etc.)"
"紛れる","まぎれる","to disappear into, to be lost in, to slip into, to get mixed in among; to do something under the cover of (confusion, etc.); to be almost indistinguishable, to be confusingly similar; to be diverted from (negative emotions, etc.), to forget about; to be distracted by, to be too absorbed in"
"維持","いじ","maintenance, preservation, improvement"
"外国人","がいこくじん","foreigner, foreign citizen, foreign national, alien, non-Japanese"
"高校生","こうこうせい","senior high school student"
"先端","せんたん","pointed end, tip, point, cusp (of a leaf, crescent moon, etc.), apex (of a curve); forefront, vanguard, spearhead, leading edge"
"大男","おおおとこ","big man, large man, tall man, giant"
"経済","けいざい","economy, economics; finance, (one's) finances, financial circumstances; being economical, economy, thrift"
"何方","どなた","who"
"牧師","ぼくし","pastor, minister, clergyman, reverend"
"行列","ぎょうれつ","line, queue, procession, parade; matrix"
"酒場","さかば","bar, pub, tavern"
"二部","にぶ","two parts, two copies, the second part"
"有利","ゆうり","advantageous, favourable, better, stronger; profitable, lucrative, gainful, paying"
"奥様","おくさま","wife, your wife, his wife, married lady, madam"
"虚しい","むなしい","empty, void, vacant; vain, fruitless, futile, ineffective; lifeless"
"締める","しめる, シメる","to tie, to fasten, to tighten; to wear (necktie, belt), to put on; to total, to sum; to be strict with; to economize, to economise, to cut down on; to salt, to marinate, to pickle, to make sushi adding a mixture of vinegar and salt; to kill (fish, poultry, etc.); to strongly press (someone), to crack down on, to keep under strict control"
"思い込む","おもいこむ","to be convinced (that), to be under the impression (that), to feel sure (that), to assume (that); to make up one's mind, to set one's heart on, to be determined (to do), to be bent on; to be obsessed (with a thought, idea, etc.), to think about obsessively"
"西班牙","スペイン","Spain"
"お辞儀","おじぎ","bow, bowing"
"独特","どくとく","peculiarity, uniqueness, characteristic; understood only by oneself"
"祭り","まつり","festival, feast, matsuri; harassment by an Internet pitchfork mob, online shaming, flaming; galore (as in ""goals galore""), frenzy, mania"
"幸","さち, こう, さき","good luck, fortune, happiness; harvest, yield"
"女優","じょゆう","actress, female actor"
"化ける","ばける","to take the form of (esp. in ref. to a spirit, fox, raccoon dog, etc.), to assume the shape of, to turn oneself into, to transform oneself into; to disguise oneself as; to change radically, to metamorphose; to improve unexpectedly and dramatically (esp. of an actor, artist, rikishi, etc.)"
"執拗い","しつこい, しつっこい","insistent, obstinate, persistent, tenacious; too rich (taste, etc.), fatty, heavy, greasy"
"恰も","あたかも, あだかも","as if, as it were, as though; right then, just then, at that moment"
"","やれやれ","oh!, ah!, oh dear!, good grief!, dear me!, thank God!"
"王様","おうさま","king"
"広大","こうだい","vast, extensive, immense, huge, large, grand, magnificent"
"宮殿","きゅうでん","palace"
"信者","しんじゃ","believer, adherent, devotee, follower; fanboy, fanatic, superfan"
"詫びる","わびる","to apologize, to apologise, to make an apology"
"慣れ","なれ","practice, experience, habituation; being used to, being comfortable with, being experienced in"
"地味","じみ","plain, simple, subdued, sober; reserved (behaviour, attitude, etc.), modest, quiet, unobtrusive; quite, a (little) bit"
"一口","ひとくち","mouthful, morsel, bite; gulp, sip, draft, draught; one word, in short; one share, one contribution"
"努める","つとめる","to endeavor (to do), to endeavour, to try hard, to work hard, to strive, to make an effort, to exert oneself, to devote oneself, to be committed (to doing)"
"概念","がいねん","general idea, concept, notion"
"一冊","いっさつ","one copy (of a book, magazine, etc.), one volume"
"毎年","まいとし, まいねん","every year, yearly, annually"
"毛皮","けがわ, もうひ","fur, skin, pelt; kanji ""fur"" radical"
"抜け出す","ぬけだす","to slip out, to sneak away, to break free, to get through (a difficult situation); to break into the lead, to get ahead; to begin to fall out (e.g. hair); to break out (of a loop)"
"桃","もも, モモ","peach (Prunus persica)"
"ご馳走","ごちそう","treat (esp. food and drink), entertainment, treating someone (to a meal), taking someone to dinner; gorgeous dinner, feast, excellent food, special dish, delicacy"
"粒","つぶ, りゅう, つび, つぼ","grain, bead, drop; counter for small round objects including grains, seeds, pills, drops"
"株","かぶ","stock, share; stump; (clump of) roots, plant with attached roots or stem; strain (of bacteria, etc.); stock company, corporation, kabushiki kaisha, KK; goodwill (of a business), privilege (that comes with a role); reputation, standing, popularity; one's forte"
"葬式","そうしき","funeral"
"革","かわ","leather"
"猛烈","もうれつ","fierce, intense, severe, violent, strong, vehement, terrific, terrible"
"","バック","back, rear; background, backdrop; backing, support, backer, supporter; going backwards, reversing, backing up; reverse (gear); refunding, returning (e.g. profits); back (player); backstroke (swimming); backhand; doggy style (sexual position)"
"成績","せいせき","results, record, grades, marks"
"逃す","のがす","to miss (e.g. a chance), to lose, to let get away; to set free, to let go; to fail to ..."
"手袋","てぶくろ","glove, mitten, mitt"
"史","し","history"
"両者","りょうしゃ","pair, the two, both persons, both things"
"お祖父さん","おじいさん","grandfather; male senior-citizen, old man"
"天地","てんち, あめつち","heaven and earth, the universe, the world, nature; land, world, realm, sphere; top and bottom; gods of heaven and earth"
"赴く","おもむく, おもぶく","to go in the direction of, to proceed toward, to proceed according to, to repair to, to betake oneself to; to become, to face (facts, circumstances, etc.); to abide by, to agree to, to consent to, to obey"
"基本的","きほんてき","fundamental, basic"
"赤","あか","red, crimson, scarlet; red-containing colour (e.g. brown, pink, orange); Red (i.e. communist); red light (traffic); red ink (i.e. in finance or proof-reading), (in) the red; complete, total, perfect, obvious; copper; red 5-point card"
"配る","くばる","to distribute, to hand out, to deliver, to deal out, to serve out; to allot, to allocate, to place (staff, soldiers, etc.), to station"
"押し込む","おしこむ","to push into, to cram into, to stuff into, to crowd into; to break in, to burgle, to burglarize"
"封じる","ふうじる","to seal (e.g. a letter); to prevent (e.g. movement), to forbid, to block (e.g. speech), to seal off (e.g. a building)"
"","レンズ","lens"
"基督","キリスト","Christ"
"呆気","あっけ","being taken aback, state of shock, dumbfoundedness"
"徹底的","てっていてき","thorough, exhaustive, complete"
"象徴","しょうちょう","symbol (of something abstract), emblem, (symbolic) representation"
"茶色","ちゃいろ","brown, light brown, tawny"
"三本","さんぼん","three (long cylindrical things); three-of-a-kind (in a dealt hand)"
"美貌","びぼう","beautiful face, good looks, beauty"
"用途","ようと","use, service, purpose"
"痺れる","しびれる, シビれる, シビレる","to become numb, to go to sleep (e.g. a limb); to get an electric shock, to tingle (from an electric shock); to be excited, to be titillated, to be mesmerized, to be enthralled"
"吸い込む","すいこむ","to inhale, to breathe in, to suck up, to soak up, to absorb; to swallow up (in a crowd, whirlpool, the darkness, etc.), to suck in"
"","マスコミ","mass communication, mass media"
"胴","どう","trunk, torso, body, abdomen, waist; plastron (in kendo), touching the plastron (kimari-te in kendo); frame (of a drum, etc.), sound box (of a shamisen, etc.), hull (of a ship); dealer"
"勤務","きんむ","service, duty, work"
"期間","きかん","period, term, interval"
"","ふらふら, フラフラ","unsteadily (e.g. on one's feet), shakily, staggering, tottering, reeling, dizzily, giddily; wavering (in one's mind), unsteadily, indecisively; aimlessly, unconsciously, whimsically, without thinking"
"用件","ようけん","business, thing to be done, something that should be performed, information that should be conveyed"
"気力","きりょく","willpower, energy, vitality"
"取り巻く","とりまく","to surround, to encircle, to enclose"
"あなた方","あなたがた","you (plural)"
"","パイロット","pilot"
"","そうなると","if that is the case, if it becomes so, when it becomes so"
"立ち寄る","たちよる","to drop in (at), to drop by, to call at, to stop by, to stop off, to stop in"
"万人","ばんにん, ばんじん, まんにん","all people, everybody"
"渋谷","しぶや","Shibuya City (special ward of Tokyo), Shibuya"
"茶碗","ちゃわん","rice bowl, tea cup, teacup"
"余っ程","よっぽど","very, greatly, much, considerably, to a large extent, quite; just about to, almost, very nearly"
"甘える","あまえる","to behave like a spoiled child, to fawn on; to take advantage of, to presume upon (e.g. another's benevolence), to depend on"
"","メール, メイル, メェル","email; mail, post; message (in an instant messaging application), instant message, IM, (SMS) text"
"大統領","だいとうりょう","president (of a country); big man, boss, buddy, mate"
"起き上がる","おきあがる","to rise, to get up, to stand up, to sit up"
"互い","たがい","each other, one another"
"反省","はんせい","reflection, reconsideration, introspection, meditation, contemplation; regret, repentance, remorse, being sorry"
"和尚","おしょう, かしょう, わじょう","priestly teacher, preceptor; monk (esp. the head monk of a temple), priest, head priest; second highest priestly rank in Buddhism; master (of one's art, trade, etc.)"
"何百","なんびゃく","hundreds"
"弁当","べんとう","bento, Japanese box lunch"
"二重","にじゅう, ふたえ","double, two-fold, two layers, duplex; diplo-, dipl-; double-edged eyelid, double eyelid, creased eyelid"
"追い出す","おいだす","to expel, to drive out"
"難題","なんだい","difficult problem, challenge"
"","ボー, ボウ","bow (weapon); bow, bowknot; bow tie"
"番組","ばんぐみ","program (e.g. TV), programme"
"一角","いっかく, イッカク","corner, section, point, part; one horn; pillar (of a group, system, etc.), member (of an organization, etc.); first corner; narwhal (Monodon monoceros)"
"手帳","てちょう","notebook, memo pad, (pocket) diary; certificate; identification card"
"家具","かぐ","furniture"
"浮気","うわき","extramarital sex, affair, fooling around; infidelity, wantonness, unfaithfulness, inconstancy, fickleness, caprice"
"事業","じぎょう","business, enterprise, venture, (commercial) activity, (business) operation, industry; (social) project, undertaking, enterprise, work, activity, program, service"
"政治家","せいじか","politician, statesman"
"男の人","おとこのひと","man"
"","テスト","test (of ability, knowledge, etc.), exam, examination, quiz; test (of performance, quality, etc.), trial; rehearsal"
"陸","りく, おか","land, shore"
"","ぶつぶつ, ブツブツ","grunt, grumble, complaint, mutter; pimples, spots, eruption, rash; cutting into small pieces; simmering"
"荒野","こうや, あれの, あらの","wasteland, wilderness, deserted land, prairie, vast plain, wilds, desert, wild land"
"強さ","つよさ","strength, power"
"上司","じょうし","(one's) superior, (one's) boss, the higher-ups"
"","がっかり, ガッカリ","to be disappointed, to be dejected, to be downhearted, to be discouraged, to be disheartened, to lose heart, to feel let down; to feel exhausted, to feel drained"
"通常","つうじょう","usual, ordinary, normal, regular, general, common"
"途切れる","とぎれる","to break off, to come to an end, to be interrupted, to be cut short, to pause"
"進行","しんこう","moving forward (e.g. of a vehicle), onward movement; progress (of work, activities, etc.), advance, making headway; progression (of a disease, global warming, etc.); progression (e.g. chord progression)"
"警告","けいこく","warning, caution, admonition; keikoku (penalty in judo)"
"祝う","いわう","to celebrate, to congratulate, to observe (a festival); to present (a gift) in celebration, to drink in celebration; to wish for (a happy future, good fortune, etc.), to pray for"
"","カッと, かっと","flaring up, burning hotly, suddenly becoming bright; flying into a rage, losing one's cool; opening suddenly and widely (e.g. eyes, mouth); acting resolutely"
"友情","ゆうじょう","friendship, fellowship, camaraderie"
"広告","こうこく","advertisement, advertising; announcement, notice"
"崎","さき","small peninsula, cape, promontory, headland"
"破片","はへん","fragment, broken piece, splinter, chip, shard"
"管理人","かんりにん","administrator, janitor, manager, concierge, caretaker, superintendent, supervisor; custodian, executor"
"非常","ひじょう","emergency; extreme, great, extraordinary, remarkable, unusual, terrible, severe"
"","ぶらぶら, ブラブラ","dangling, swaying, swinging; (walking) leisurely, aimlessly, strolling, wandering, rambling; idly, lazily, leisurely, aimlessly"
"首都","しゅと","capital (city), metropolis"
"科","か","department, section, faculty, school, arm; course (of study), branch of study, specialization; (taxonomical) family"
"伯","はく","count, earl; chief official of the Department of Worship (under the ritsuryō system); Brazil"
"白髪","しらが, はくはつ, しろかみ, しらかみ","white hair, grey hair, gray hair"
"馬場","ばば","riding ground, racecourse, racetrack"
"振り回す","ふりまわす","to wield, to brandish, to flourish, to wave (about), to swing; to display (one's knowledge), to show off; to abuse (one's power); to manipulate someone"
"予測","よそく","prediction, estimation"
"早々","そうそう","as soon as..., just after..., immediately after...; hurriedly, in haste, quickly, promptly, early"
"辰","たつ","the Dragon (fifth sign of the Chinese zodiac); hour of the Dragon (around 8am, 7-9am, or 8-10am); east-southeast; third month of the lunar calendar"
"戯れる","たわむれる, ざれる","to be playful, to gambol, to be amused (with something), to play, to sport, to frolic, to joke; to flirt with; to have elegance, to have refinement"
"山野","さんや","hills and fields, countryside"
"数十","すうじゅう","dozens, scores of, decades"
"着せる","きせる","to put clothes on (someone), to dress, to clothe; to cover, to coat, to plate, to gild, to veneer; to pin (e.g. a crime on someone), to lay (blame), to charge (with an offence), to give (a bad name), to remind someone of (their indebtedness)"
"麓","ふもと","foot (of a mountain or hill), bottom, base"
"怖がる","こわがる","to be afraid (of), to fear, to be frightened (of), to be scared (of), to worry (about)"
"不吉","ふきつ","ominous, sinister, unlucky, inauspicious"
"極端","きょくたん","extreme, extremity"
"襲撃","しゅうげき","(surprise) attack, assault, raid, charge"
"西洋","せいよう","the West, the Occident, Western countries"
"村長","そんちょう, むらおさ","village headman, village mayor"
"沼","ぬま","marsh, swamp, wetland, bog, pond; obsession, addiction, being hooked on, getting sucked into; ugly man; retard, mentally disabled person"
"解剖","かいぼう","dissection, autopsy, postmortem examination; analysis, postmortem"
"刃物","はもの","edged tool, cutting instrument, knife"
"署長","しょちょう","chief (of police), head (of office)"
"物質","ぶっしつ","material, substance; matter"
"玩具","おもちゃ, オモチャ","toy; (person or thing treated as a) plaything"
"","デート, デイト","date (with someone), (social) outing (for two), date night; date (day)"
"禁止","きんし","prohibition, inhibition, ban"
"右側","みぎがわ, うそく, みぎっかわ","right side, right-hand side"
"優雅","ゆうが","elegant, graceful, refined; leisurely, comfortable, easy, carefree"
"裁く","さばく","to judge, to try, to sit in judgement (on), to decide (on)"
"工事","こうじ","construction work"
"全力","ぜんりょく","all one's power (strength, energy, efforts), one's utmost"
"兵力","へいりょく","military force, force of arms, strength of an army"
"暗黒","あんこく","darkness"
"力強い","ちからづよい","powerful, strong, forceful, vigorous; reassuring, encouraging"
"快楽","かいらく, けらく","pleasure; supreme pleasure obtained by freeing oneself from earthly desires"
"物語る","ものがたる","to tell (a story), to give an account of (an event, experience, etc.), to relate, to recount; to tell of, to show, to indicate, to prove, to attest to"
"陣地","じんち","encampment, position; side, end, goal area"
"座席","ざせき","seat"
"寝床","ねどこ","bed, berth, crib, cot, bedroom"
"粗野","そや","rustic, rude, vulgar, rough"
"兵器","へいき","arms, weapon, ordnance"
"形式","けいしき","form (as opposed to substance); format, form, style, manner; formality, form; mode, form; form (bilinear, quadratic, etc.)"
"富","とみ","riches, wealth, fortune; resources; lottery"
"臨む","のぞむ","to look out on, to overlook, to front onto; to face (a situation, crisis, etc.), to meet (e.g. death), to be confronted by; to deal with (an issue); to attend (e.g. a function), to appear (e.g. in court), to be present at, to go to (e.g. a place), to take part in, to participate, to join"
"寸前","すんぜん","just before, on the verge of, on the brink of; just in front of, just ahead of"
"干す","ほす","to air, to dry, to desiccate; to drain (off); to drink up; to deprive of a role, job, etc."
"野菜","やさい","vegetable; marijuana, cannabis"
"照明","しょうめい","illumination, lighting"
"幾分","いくぶん","somewhat, to some extent, to some degree; some, part, portion"
"限り限り","ぎりぎり, ギリギリ","just barely, only just, at the very limit, at the last moment"
"静寂","せいじゃく","silence, stillness, quietness"
"工夫","くふう","devising (a way), contriving, inventing, thinking up, figuring out, coming up with, working out; device, design, idea, plan, invention; dedication to spiritual improvement (esp. through Zen meditation)"
"見知らぬ","みしらぬ","strange, unfamiliar, unknown"
"甚だ","はなはだ","very, greatly, extremely, exceedingly, highly, quite"
"地理","ちり","geography"
"制する","せいする","to hold back (e.g. emotions), to rein in (e.g. a horse, unruly people), to bridle; to get the better of; to control, to command"
"私的","してき","private, personal"
"以降","いこう","on and after, from ... onward, since"
"積極的","せっきょくてき","positive, assertive, active, proactive, aggressive"
"取り囲む","とりかこむ","to surround, to crowd around, to gather around, to encircle, to besiege"
"反射的","はんしゃてき","reflexive, reflecting"
"助手","じょしゅ","assistant, helper; assistant (to a professor), research assistant"
"お休み","おやすみ","holiday, day off, absence; sleep, rest; good night"
"決定的","けっていてき","definite, final, decisive, conclusive"
"頭部","とうぶ","head"
"庵","いおり, あん, いお","hermitage, retreat"
"","ダンス","dance, dancing"
"高まる","たかまる","to rise, to swell, to be promoted"
"双方","そうほう","both parties, both sides"
"事柄","ことがら","matter, thing, affair, circumstance"
"可愛らしい","かわいらしい","lovely, sweet, pretty, cute, adorable"
"捜索","そうさく","search (esp. for someone or something missing), manhunt; legally authorized search of a person, building, etc."
"傾ける","かたむける","to incline, to lean, to tip, to tilt, to slant, to bend, to list; to devote oneself to, to concentrate on, to pour one's energy into; to ruin, to squander, to empty; to drink (alcohol)"
"食べ物","たべもの","food"
"","ネクタイ","tie, necktie"
"涼しい","すずしい","cool, refreshing; clear (e.g. eyes), bright; clear, distinct; composed (facial expression), unruffled, unconcerned; pure, upright, innocent"
"数々","かずかず","many, numerous, various, large number of"
"持参","じさん","bringing, taking, carrying"
"占領","せんりょう","occupying, having (an area) all to oneself; military occupation, possession, capture, seizure"
"愛人","あいじん","lover, mistress"
"城内","じょうない","inside of a castle; area surrounded by castle walls"
"狂気","きょうき","madness, insanity"
"朝日","あさひ","morning sun"
"境内","けいだい","grounds (esp. of shrines and temples), compound, churchyard, precincts"
"煽る","あおる","to fan (oneself, flames, etc.); to flap (in the wind); to instigate, to stir up, to incite, to agitate; to drive up prices (by buying a large amount of something); to take a photo from a low angle; to tailgate"
"物体","ぶったい","object, body, solid"
"跳ねる","はねる","to jump, to leap, to prance, to spring up, to bound, to hop; to break up, to close, to come to an end; to hit (e.g. to have a car hit something or someone)"
"アメリカ人","アメリカじん","American person"
"説教","せっきょう","sermon, preaching, homily; remonstration, scolding, lecturing"
"境","さかい, きょう","border, boundary; turning point, watershed; area, region, spot, space, environment; psychological state, mental state; cognitive object, something perceptible by the sense organs or mind"
"同盟","どうめい","alliance, union, league"
"意地","いじ","stubbornness, obstinacy, willpower, pride; disposition, nature; appetite, desire, greed"
"外見","がいけん, そとみ","outward appearance, looks"
"弥生","やよい, いやおい","third month of the lunar calendar; Yayoi period (ca. 300 BCE-300 CE), Yayoi culture; thick growth (of grass, etc.)"
"一途","いちず","single-minded, intent, determined, wholehearted, earnest, devoted (to)"
"歓迎","かんげい","welcome, (warm) reception"
"長屋","ながや","tenement house, row house"
"何て","なんて","how ...!, what ...!; what?, what's that?"
"燃やす","もやす, もす","to burn; to burn with (emotion, feeling), to be fired up"
"直る","なおる","to get mended, to be repaired, to be fixed; to return to normal, to recover (e.g. one's temper), to be restored, to improve, to rally, to come right; to be corrected, to get put right, to be rectified; to come right, to cure (itself), to get cured; to sit properly; to be promoted, to rise; to have one's crimes forgiven"
"大使","たいし","ambassador"
"紅茶","こうちゃ","black tea"
"宅","たく","house, home; one's house, one's home; one's husband"
"巧み","たくみ","skillful, adroit, dexterous, masterful, clever, ingenious, cunning; craft, craftsmanship, skill, dexterity, design; plot, scheme, artifice, trick"
"演技","えんぎ","acting, performance"
"級","きゅう","(school) grade, year, class; class, grade, rank, level; kyu (junior rank in martial arts, go, shogi, etc.)"
"大気","たいき","atmosphere, air; magnanimity, generosity"
"耽る","ふける","to indulge in, to give oneself up to, to be obsessed by; to be engrossed in, to be lost in, to be absorbed in"
"１０万","じゅうまん","100,000, hundred thousand"
"正義","せいぎ","justice, right, righteousness; correct meaning, correct explanation"
"","ミリ","milli-, 10^-3; millimetre, millimeter"
"人格","じんかく","personality, character, individuality, personhood"
"歩み寄る","あゆみよる","to compromise, to meet halfway; to step up to, to walk up to, to approach"
"幻想","げんそう","fantasy, illusion, vision, dream"
"滑らか","なめらか, すべらか","smooth (of a surface), glassy, velvety, soft; smooth (of an action, proceedings, etc.), fluent (speech), fluid, trouble-free; continuously differentiable"
"纏まる","まとまる","to find resolution, to be settled, to be agreed on, to be completed; to be collected, to be assembled, to be brought together; to be well arranged, to be in order, to be unified, to take shape, to be coherent"
"確保","かくほ","securing, obtaining, ensuring, guarantee, maintaining; belay, belaying"
"加減","かげん","degree, extent, amount, balance, state, condition; (health) condition, state of health; adjustment, moderation, regulation; addition and subtraction; slight sign of ..., slight state of ...; just right for ..."
"三回","さんかい","three times"
"反論","はんろん","objection, refutation, rebuttal, counterargument"
"","プール","(swimming) pool; pool (cue sport); pooling (money, resources, etc.); pool (price ring)"
"衣装","いしょう","clothing, costume, outfit, garment, dress"
"","それでいて","and yet, despite (all) that"
"善","ぜん","good, goodness, right, virtue"
"持ち込む","もちこむ","to bring in, to take in, to carry in; to approach (someone) with (a proposal, offer, problem, etc.), to bring, to lodge (a complaint), to propose (e.g. a project); to bring (to another stage), to take (e.g. to court, to extra time, to a play-off)"
"勘定","かんじょう","calculation, computation, counting, reckoning, count; bill, check, account, payment (of a bill), settlement (of an account); consideration, allowance"
"対立","たいりつ","confrontation, opposition, antagonism"
"捕虜","ほりょ","prisoner (of war), POW, captive"
"駅前","えきまえ","in front of a station"
"","ハンドル","handle; steering wheel; handlebar, handlebars; handle, screen name, username"
"旅人","たびびと, りょじん, たびと, たひと","traveller, traveler, wayfarer, tourist"
"堀","ほり","moat, fosse; canal, ditch"
"塵","ゴミ, ごみ","rubbish, trash, garbage, refuse, litter"
"","サービス, サーヴィス","service, help, assistance, care, concern; discount, discounted item; free service, freebie, gift; service, utility, amenity, resource; (after-sales) service, servicing, (product) maintenance; service (e.g. in tennis), serve"
"弱る","よわる","to weaken, to grow weak, to wane, to decline (of one's health); to be downcast, to be dejected, to be dispirited; to be troubled, to be at a loss, to be perplexed, to be annoyed"
"尾行","びこう","shadow, tail, following"
"圧倒的","あっとうてき","overwhelming"
"青木","あおき, アオキ","Japanese laurel (Aucuba japonica), spotted laurel; lush, green tree"
"陰気","いんき","gloomy, dismal, miserable, melancholy; spirit of yin"
"浸る","ひたる","to be soaked in, to be flooded, to be submerged; to be immersed in (joy, memories, alcohol, etc.), to give oneself over to, to bask in"
"引っかかる","ひっかかる","to be caught in, to be stuck in; to stop by, to drop in for a short visit, to be delayed, to take time; to get mixed up in (trouble), to get entangled in (a problem), to be involved with; to fall for (a trick), to be deceived, to be cheated; to be on one's mind, to worry one, to be bothered by, to feel uneasy; to be obstructed, to be hindered; to splash"
"編","へん","compilation (of a text), editing; volume (of a text); completed literary work"
"私自身","わたしじしん, わたくしじしん","myself"
"どうしようも無い","どうしようもない, どうしょうもない","it cannot be helped, there's nothing for it, it's no use fighting back, it's hopeless, there is no way out of it"
"苦しめる","くるしめる","to torment, to pain, to inflict (physical) pain, to hurt; to harass, to cause (emotional) pain, to afflict, to distress, to bother, to trouble, to stump, to baffle"
"","トンネル","tunnel; to tunnel (through a potential barrier); letting a grounder go through one's legs"
"一昨日","おととい, おとつい, いっさくじつ","day before yesterday"
"辛抱","しんぼう","patience, endurance, perseverance"
"校舎","こうしゃ","school building, schoolhouse"
"指定","してい","designation, specification, assignment, appointment, pointing at"
"大会","たいかい","mass meeting, convention, rally, conference, assembly, gathering; tournament, competition, contest, meet; grand event"
"指差す","ゆびさす","to point at"
"背広","せびろ, セビロ","business suit"
"化け物","ばけもの, ばけもん, バケモノ","goblin, apparition, monster, ghost, phantom, spectre, specter"
"姫君","ひめぎみ","daughter of a person of high rank (esp. eldest daughter)"
"","スポーツ","sport, sports"
"当惑","とうわく","bewilderment, perplexity, embarrassment, confusion"
"食糧","しょくりょう","food (esp. staple food such as rice or wheat), provisions, rations, food supply"
"先祖","せんぞ","ancestor, forefather, foremother"
"冷蔵庫","れいぞうこ","refrigerator, fridge"
"店員","てんいん, ていいん","employee (of a store), shop assistant, clerk, salesperson"
"事にする","ことにする","to decide to; to pretend that; to make a practice of doing, to make it a rule to"
"過程","かてい","process, course, mechanism"
"謝意","しゃい","gratitude, thanks; apology"
"誘拐","ゆうかい","abduction, kidnapping, kidnaping"
"秘める","ひめる","to hide, to keep to oneself"
"招待","しょうたい, しょうだい","invitation"
"逃がす","にがす","to set free, to let go, to release; to miss (e.g. a chance), to lose, to let get away, to fail to catch"
"勘違い","かんちがい","misunderstanding, mistaken idea, wrong guess"
"緩やか","ゆるやか","loose, slack; gentle (slope, curve), slow (speed); lenient, liberal, lax"
"独り言","ひとりごと","soliloquy, monologue, speaking to oneself"
"乱す","みだす","to throw into disorder, to disarrange, to disturb (order, peace, etc.), to corrupt (public morals), to dishevel (hair)"
"","ふん, ふーん, ふうん, フン, フーン","hmm, well ..., humph, huh, pshaw, pish; roughly, harshly, violently"
"慌ただしい","あわただしい","busy, hectic, hurried, rushed; rapid, quick, sudden"
"華やか","はなやか","bright and beautiful, gorgeous, showy, brilliant, splendid, gay, colorful, flowery; prosperous, flourishing, thriving"
"固定","こてい","fixing (in place), being fixed (in place), securing, anchoring, fastening down; fixing (e.g. salary, capital), keeping the same; fixation (histology); user name (on an online forum like 2ch where the majority of users post anonymously); user of an online handle (instead of posting anonymously)"
"芝生","しばふ","lawn, grass"
"","スーパー, スーパ","supermarket; subtitles, telop; superheterodyne; super"
"知人","ちじん","friend, acquaintance"
"左側","ひだりがわ, さそく, ひだりっかわ","left side, left-hand side"
"１０００","いっせん","1,000, one thousand"
"頂上","ちょうじょう","top, summit, peak"
"吹き飛ぶ","ふきとぶ","to be blown off, to blow off, to blow away; to vanish, to disappear, to be dispelled"
"被害","ひがい","(suffering) damage, injury, harm"
"梯子","はしご, ていし, ハシゴ","ladder; stairs; going to several places in succession (e.g. barhopping)"
"特定","とくてい","specific, particular, designated, special; specifying, designating, identifying, pinpointing"
"伝う","つたう","to go along, to walk along, to follow"
"提出","ていしゅつ","presentation (of documents), submission (of an application, report, etc.), production (e.g. of evidence), introduction (e.g. of a bill), filing, turning in"
"明かす","あかす","to pass (the night), to spend; to reveal, to divulge, to disclose, to expose; to prove, to verify"
"所長","しょちょう","head (of an office, laboratory, etc.), chief"
"後退","こうたい","retreat, falling back, moving backwards, reversing, backing up (of a vehicle), retrogression, retraction; recession, waning; backspace (key)"
"明確","めいかく","clear, precise, definite, distinct"
"緩む","ゆるむ","to become loose, to slacken (e.g. rope); to become less tense, to relax, to let one's guard down; to slacken (e.g. coldness, supervision), to become lax; to become softer (e.g. ground, facial expression), (of ice) to partially melt; to decrease (e.g. speed); (of a market price) to go down slightly"
"領域","りょういき","territory, domain; field, area, domain, sphere, realm; domain, region"
"制度","せいど","system, institution, organization, organisation"
"一室","いっしつ","one room"
"荒れる","あれる","to become stormy, to become rough (of the sea); to fall into ruin, to become neglected, to become dilapidated; to become rough (of skin), to get chapped; to become unruly, to become violent, to go wild, to get out of control; to become unsettled (e.g. of one's life), to become disordered"
"中学生","ちゅうがくせい","junior high school student, middle school pupil"
"気楽","きらく","carefree, comfortable, at ease; easygoing, happy-go-lucky"
"乗り出す","のりだす","to set out, to set sail; to embark on (a new venture), to set out (to achieve something); to begin to ride; to lean forward"
"","ボス","boss, leader, head; boss (difficult enemy, usu. at the end of a section or level)"
"恐る恐る","おそるおそる","fearfully, timidly, nervously, cautiously, gingerly"
"洋画","ようが","Western painting; Western film, Western movie"
"拡大","かくだい","expansion, extension; magnification, enlargement; escalation, spread"
"飛んだ","とんだ","unexpected, unlikely, strange; terrible, awful, horrible, serious, outrageous; very, extremely"
"突入","とつにゅう","rushing into, breaking into, storming; plunging into (war, etc.), embarking on (a new venture)"
"無関係","むかんけい","unrelated"
"不和","ふわ","discord, trouble, dissension, disagreement, friction, conflict, feud, bad terms"
"軌道","きどう","orbit, trajectory; (railroad) track; (right) track, proper course"
"","ライター, ライタ","lighter"
"間近","まぢか, まじか","near, close (to), nearby; (drawing) near, approaching, almost here, just around the corner"
"麻","あさ, お","cannabis (Cannabis sativa), hemp (plant); hemp (fiber), linen, flax, jute"
"外側","そとがわ, がいそく","exterior, outside, outer, external, lateral"
"上品","じょうひん","elegant, refined, polished, stylish, sophisticated; high-quality goods, first-class article"
"国内","こくない, こくだい, くぬち","internal, domestic"
"沈める","しずめる","to sink (e.g. a ship), to submerge; to lower (e.g. one's body into a chair); to floor (an opponent)"
"治る","なおる","to get better, to get well, to recover (from an illness), to be cured, to be restored, to heal"
"同志","どうし","like-mindedness, (being of the) same mind, shared sentiment; comrade, fellow, kindred soul"
"下宿","げしゅく","boarding, lodging, board and lodging, room and board; boarding house, lodging house, lodgings"
"無意味","むいみ","nonsense, no meaning, meaningless"
"検討","けんとう","consideration, examination, investigation, study, scrutiny, discussion, analysis, review"
"装備","そうび","equipment"
"綿","わた, ワタ","cotton plant (Gossypium spp.); batting, wadding, padding"
"地元","じもと","home area, home town; local"
"体重","たいじゅう","(body) weight"
"採用","さいよう","use, adoption, acceptance; appointment, employment, engagement, recruitment"
"浚う","さらう","to sweep away, to wash away, to dredge"
"","テーマ","theme, topic, subject matter, motif, project, slogan"
"死因","しいん","cause of death"
"重さ","おもさ","weight"
"父子","ふし","father and child, father and son, father and daughter"
"出来上がる","できあがる","to be completed, to be finished, to be ready (e.g. to serve or eat); to be very drunk, to get plastered"
"待機","たいき","standing by, awaiting an opportunity, being on alert; quarantine"
"神殿","しんでん","temple, shrine, sanctuary"
"前日","ぜんじつ, まえび","previous day, day before, eve, prior day, preceding day"
"ため息","ためいき","sigh"
"全国","ぜんこく","the whole country"
"","デパート","department store; department"
"変更","へんこう","change, modification, alteration, revision, amendment"
"表示","ひょうじ","indication, expression, showing, manifestation, demonstration; display, displaying; representation; (copyright) attribution"
"例外","れいがい","exception"
"誘惑","ゆうわく","temptation, allurement, lure, enticement, seduction"
"航空","こうくう","aviation, flying"
"死人","しにん, しびと","corpse, dead person"
"電報","でんぽう","telegram"
"夜空","よぞら","night sky"
"住まう","すまう","to live, to reside, to inhabit"
"専ら","もっぱら, もはら","wholly, solely, entirely, exclusively, devotedly, fixedly; principally, mostly, chiefly, mainly"
"推定","すいてい","presumption, assumption; estimation"
"絞る","しぼる","to wring (towel, rag), to squeeze; to squeeze (fruit to extract juice), to press, to extract, to milk, to express milk; to rack (one's brains), to strain (one's voice); to extort, to exploit; to chew out, to reprimand severely, to rake over the coals, to give a sound scolding, to tell someone off, to scold, to rebuke; to drill into, to train; to narrow down (one's focus), to whittle down; to gather up (curtain, etc.), to tighten (drawstring); to stop down (lens); to turn down (e.g. radio); to bend (bow), to draw; to hold down, to constrict, to immobilize"
"何気ない","なにげない","casual, unconcerned, nonchalant, indifferent, offhand; ordinary, normal, regular, everyday, unremarkable"
"師団","しだん","(army) division"
"","ルール","rule"
"哲学","てつがく","philosophy"
"司令官","しれいかん","commandant, commanding officer, general"
"凍る","こおる","to freeze, to become frozen, to freeze over"
"顔面","がんめん","face (of person)"
"この辺","このへん","this area, around here; this point, this much, this extent"
"","バランス","balance"
"細長い","ほそながい","long and narrow"
"鬘","かつら, かずら, カツラ","wig, hairpiece, toupee"
"当初","とうしょ","beginning, start, outset; at first, at the beginning, initially, originally"
"","ローズ","rose"
"精","せい","spirit, sprite, nymph; energy, vigor (vigour), strength; fine details; semen"
"両足","りょうそく, りょうあし, もろあし","both feet; both legs"
"悪口","あっこう","(verbal) abuse, name-calling, abusive language, insulting remarks"
"飢える","うえる, かつえる","to starve, to be famished, to be hungry; to be starved of (e.g. love), to be thirsty for (e.g. knowledge), to be hungry for"
"酔っ払う","よっぱらう","to get drunk"
"駒","こま","piece (in shogi, chess, etc.); horse, foal; bridge (of a violin, etc.)"
"催す","もよおす","to hold (an event), to give (a dinner, party, etc.); to feel (sensation, emotion, call of nature, etc.), to show signs of"
"句","く","section (i.e. of text), sentence, passage, paragraph; phrase; verse (of 5 or 7 mora in Japanese poetry; of 4, 5, or 7 characters in Chinese poetry); haiku, first 17 morae of a renga, etc.; maxim, saying, idiom, expression; clause (e.g. in a database query language)"
"縁側","えんがわ","engawa, external corridor on the outer side of traditional Japanese houses; bone at the base of a fin (esp. of a flatfish), meat at the base of a fin"
"","ひょっとしたら","possibly, by some possibility, perhaps"
"失望","しつぼう","disappointment, despair"
"考えてみれば","かんがえてみれば","if you think about it, come to think of it"
"犠牲者","ぎせいしゃ","victim (esp. someone killed), casualty"
"土曜日","どようび","Saturday"
"一人一人","ひとりひとり, ひとりびとり","each (person), individually, one by one, one at a time, in turn"
"砕く","くだく","to break (into pieces), to smash, to crush, to shatter, to grind (into powder), to pound; to shatter (someone's hopes, confidence, etc.), to crush, to frustrate; to simplify, to make easy to understand"
"浮かび上がる","うかびあがる","to rise to the surface; to come to the front, to emerge (e.g. from obscurity); to stand out (e.g. against a dark background)"
"","せず","without doing"
"妊娠","にんしん","pregnancy, conception, gestation"
"愛想","あいそ, あいそう","amiability, friendliness, affability, sociability; fondness (of someone), affection, liking; compliments, civilities, courtesies, flattery; hospitality, special treatment, entertainment; bill (at a restaurant), check"
"関連","かんれん","relation, connection, relevance"
"小学生","しょうがくせい","elementary school student, primary school student, grade school student"
"止む","やむ","to cease, to stop, to be over"
"頭脳","ずのう","head, brains; intellect, understanding"
"洋服","ようふく","Western-style clothes (cf. traditional Japanese clothes)"
"１５日","じゅうごにち","15th day of the month; 15 days"
"若しかすると","もしかすると","perhaps, possibly, maybe, by some chance"
"小鳥","ことり","small bird, little bird"
"見逃す","みのがす","to miss, to overlook, to fail to notice; to let pass (a matter), to overlook (e.g. a wrongdoing), to turn a blind eye to; to pass up (e.g. an opportunity); to let (a good ball) go by"
"豪華","ごうか","extravagant, lavish, opulent, luxurious, magnificent, splendid, fancy, gorgeous"
"独身","どくしん","unmarried, single"
"墓地","ぼち, はかち","cemetery, graveyard"
"お姉さん","おねえさん","older sister, elder sister; young lady; miss; ma'am; older girl"
"割り","わり","rate, ratio, proportion; one tenth, ten percent; (comparative) profit, gain; assignment, allotment, allocation; match, schedule of matches; diluted with (of drinks), mixed with; discount, rebate"
"宗","しゅう","sect, denomination; tenets (of a religious sect)"
"","おいおい, オイオイ","hey!, wait a minute!, whoa!; boohoo, waaaa"
"盗賊","とうぞく","thief, robber, burglar, bandit"
"","スタイル","(one's) figure, build, physique, shape; style"
"宿る","やどる","to dwell (in), to exist (within), to form; to stay (at), to stop (at), to lodge (in), to take shelter; to be in the womb (of an unborn child); to be part of a constellation"
"すぐ側","すぐそば","right beside, close to, nearby"
"長崎","ながさき, ナガサキ","Nagasaki (city, prefecture)"
"中止","ちゅうし","interruption, discontinuance, suspension, stoppage; cancellation (of a planned event), calling off"
"劇","げき","drama, play; powerful drug"
"頭取","とうどり","(bank) president; greenroom manager (in a theater)"
"受け止める","うけとめる","to catch, to stop the blow; to react to, to take (advice, etc.), to accept, to come to grips with"
"念のため","ねんのため","just to make sure, just to be sure, for confirmation; just in case, for caution's sake, by way of precaution"
"静まる","しずまる","to become quiet, to quiet down, to quieten down; to calm down, to die down, to subside, to abate, to be suppressed"
"","トップ","top; top position; senior management, senior bureaucrat; home page (of a website)"
"","タイミング","timing"
"衰える","おとろえる","to become weak, to decline, to wear, to abate, to decay, to wither, to waste away"
"尚更","なおさら","still more, even more, all the more; still less, even less"
"民衆","みんしゅう","people, populace, masses"
"江","え","inlet, bay"
"","ムッと, むっと, むーっと, むうっと","to be offended, to get angry, to be annoyed, to be miffed, to be huffy, to be sullen, to be upset; to be stuffy, to be stifling, to be muggy; firmly (shutting one's mouth)"
"外貨","がいか","foreign currency, foreign money, foreign exchange; foreign goods, imported goods"
"家内","かない, やうち","(my) wife; inside the home, one's family"
"危うく","あやうく","barely, narrowly; almost, nearly"
"店内","てんない","inside of a store (restaurant, café, etc.), store interior, on the premises"
"","ネット","network; Internet; net (e.g. hairnet, tennis net); net (price, weight, etc.), nett"
"後書き","あとがき","afterword, postscript"
"偽る","いつわる","to lie, to pretend, to feign, to falsify; to deceive, to trick"
"風邪","かぜ, ふうじゃ","(common) cold, influenza, flu, ague, inflammatory respiratory system illness (in general)"
"無造作","むぞうさ","easy, simple, ready; casual, off-hand, easy-going, careless, artless"
"会釈","えしゃく","slight bow (as a greeting or sign of gratitude), nod, salutation; consideration, thoughtfulness"
"判明","はんめい","establishing, proving, ascertaining, identifying, confirming"
"不自由","ふじゆう","discomfort, inconvenience; poverty, want, destitution, lack; inability, disability, impairment (physical, mental, etc.), nonfluency (in a language)"
"呎","フィート","feet, foot"
"枠","わく","frame, framework; border, box; limit, restriction, quota; category, bracket, class; time slot (in a broadcasting schedule); stream, livestream, live stream, live (online) broadcast; spool (of thread), reel"
"乞食","こじき, こつじき","beggar; begging"
"便利","べんり","convenient, handy, useful"
"再会","さいかい","meeting again, reunion"
"階級","かいきゅう","(social) class; rank, grade"
"修行","しゅぎょう, すぎょう","training, practice, discipline, study; ascetic practices"
"翌年","よくねん, よくとし","following year"
"特有","とくゆう","characteristic (of), peculiar (to)"
"口実","こうじつ","excuse, pretext"
"数年","すうねん","several years, a few years"
"奉公","ほうこう","live-in domestic service, live-in apprenticeship; public duty, public service"
"連想","れんそう","association (of ideas), being reminded (of something), suggestion"
"失踪","しっそう","disappearance, running away, going missing, absconding"
"背筋","せすじ","spine, line of the backbone; seam down the back (of clothing)"
"営業","えいぎょう","business, trade, operations; sales"
"連隊","れんたい","regiment"
"図書館","としょかん, ずしょかん","library"
"信号","しんごう","signal, signalling, signaling; traffic light, traffic signal"
"絨毯","じゅうたん, ジュータン, ジュウタン","carpet, rug, runner"
"大げさ","おおげさ","exaggerated, overdone, overblown, hyperbolic, bombastic, grandiose"
"膜","まく","membrane, film"
"論理","ろんり","logic"
"右腕","みぎうで, うわん","right arm; right-hand man, right hand, right-hand person; right-handed pitcher"
"翻訳","ほんやく","translation; deciphering, decoding; translation"
"衝突","しょうとつ","collision, crash, impact, running into; clash, skirmish, conflict, discord, quarrel, brush"
"託す","たくす","to entrust (someone) with, to leave (a matter) with someone, to place under someone's care; to have someone deliver (a message, parcel, etc.), to send (through someone), to leave (a message) with someone; to use (something) to express (one's feelings, opinion, etc.), to express in the form of (something); to use as a pretext"
"免れる","まぬがれる, まぬかれる","to escape (disaster, death, etc.), to be saved from, to be rescued from; to avoid (e.g. punishment), to evade (e.g. responsibility), to avert, to elude, to be exempted from"
"キリスト教","キリストきょう","Christianity"
"数百","すうひゃく","several hundred, hundreds (of)"
"","トランク","suitcase, trunk; trunk (of a car), boot; (trunk) line"
"散らばる","ちらばる","to be scattered about, to disperse, to be littered (with)"
"躊躇","ちゅうちょ","hesitation, indecision, vacillation"
"破滅","はめつ","ruin, destruction, fall"
"整備","せいび","maintenance, servicing; putting in place, development, improvement, preparation, provision, equipping, outfitting"
"学園","がくえん","educational institution, school, academy, campus"
"","コンピュータ, コンピューター","computer"
"神話","しんわ","myth, mythology"
"","ルート","route, path; channel (e.g. sales, distribution)"
"費用","ひよう","cost, expense"
"武装","ぶそう","arms, armament, taking up arms, arming oneself"
"上半身","じょうはんしん, かみはんしん","upper half of the body, upper body"
"苦悩","くのう","(mental) agony, anguish, suffering, distress"
"白状","はくじょう","confession"
"人質","ひとじち","hostage"
"表紙","ひょうし","cover (of a book, magazine, etc.), binding; to appear on the cover of a magazine"
"","プレゼント","present, gift"
"統一","とういつ","unity, consolidation, uniformity, unification, compatible"
"早朝","そうちょう","early morning"
"","スパイ","spy, spying"
"禁じる","きんじる","to forbid, to ban, to prohibit; to suppress (a feeling, laughter, etc.), to hold back (e.g. tears)"
"少尉","しょうい","second lieutenant, sublieutenant, ensign"
"夏休み","なつやすみ","summer vacation, summer holiday"
"募る","つのる","to become stronger, to grow in intensity, to grow violent, to become worse; to invite contributions, etc., to solicit help, participation, etc., to recruit (e.g. soldiers)"
"石段","いしだん","(flight of) stone steps, stone stairway"
"報道","ほうどう","report (of news), reporting, news, information, (media) coverage"
"左腕","さわん, ひだりうで","left arm; left-handed (baseball pitcher)"
"真理","しんり","truth"
"憎しみ","にくしみ","hatred"
"職員","しょくいん","staff member, employee, worker, personnel"
"直に","じかに","directly, in person, firsthand"
"毎晩","まいばん","every night"
"熟","つくづく, つくつく, つくずく","deeply, keenly, severely, completely, utterly; intently, carefully, closely, attentively"
"本能","ほんのう","instinct"
"薄れる","うすれる","to fade, to become dim"
"月光","げっこう","moonlight, moonbeam"
"液体","えきたい","liquid"
"賢明","けんめい","wise, sensible, well-advised, intelligent, sagacious, prudent"
"切ない","せつない","painful, heartrending, trying; oppressive, suffocating, miserable"
"乳","ちち, ち","milk; breast; loop; decorative bump (on a hanging bell)"
"言うまでもない","いうまでもない, ゆうまでもない","goes without saying, needless to say, obvious"
"実力","じつりょく","(real) ability, true strength, merit, efficiency, competency; arms, force"
"神聖","しんせい","holiness, sacredness, sanctity, dignity"
"一流","いちりゅう","first-class, first-rate, top-flight, top-ranking, leading, eminent, top; characteristic (of), peculiar (to), unique (to); school (e.g. of flower arrangement); one flag, one banner, one streamer"
"","ホステス","hostess; barmaid"
"少将","しょうしょう","major general, rear admiral, air commodore"
"年頃","としごろ","approximate age, apparent age; marriageable age (esp. of a woman), age of maturity, age of adulthood; age (when ...); for years (past), for a long time"
"挑む","いどむ","to challenge to (a fight, game, etc.), to throw down the gauntlet, to contend for; to tackle (e.g. a problem), to attempt, to go after (a prize, record, etc.); to pressure (someone) for sex, to make advances to"
"手に入る","てにはいる","to obtain, to come into possession of, to get hold of, to get one's hands on"
"","ライン","line"
"宮廷","きゅうてい","imperial court, royal court"
"玄人","くろうと, くろと","expert, professional, master, connoisseur; woman in the nightlife business, demimondaine, geisha and prostitutes"
"生み出す","うみだす","to create, to bring forth, to produce; to invent, to think up and bring into being; to give birth to, to bear"
"別人","べつじん, べつにん","different person, another person, someone else, changed man"
"","グリーン, グリン","green (colour); green (energy, car, etc.), environmentally friendly; greenland, green space, lawn; green, putting green"
"各地","かくち","each place, every place, various places, all parts (of the country, world, etc.)"
"青","あお","blue, azure; green; green light (traffic); black (horse coat color); blue 5-point card; immature, unripe, young"
"安定","あんてい","stability, steadiness, consistency, equilibrium, balance, composure; stable"
"","スタッフ","staff, staff member"
"編集者","へんしゅうしゃ","editor (in publishing, etc.)"
"あっという間に","あっというまに","in an instant, in a flash, in the blink of an eye, in no time at all, just like that"
"良さ","よさ","merit, virtue, good quality"
"世界中","せかいじゅう","around the world, throughout the world"
"比較的","ひかくてき","comparatively, relatively"
"一団","いちだん","body, group, party, gang, troupe, troop"
"画","かく","stroke (of a kanji)"
"４００","よんひゃく","400, four hundred"
"銃声","じゅうせい","sound of a gunshot, report of a gun"
"漢字","かんじ","kanji, Chinese character"
"仕業","しわざ","deed (esp. negative), act, action, one's doing, one's work"
"所有","しょゆう","one's possessions, ownership"
"休める","やすめる","to rest, to suspend, to give relief"
"引き抜く","ひきぬく","to extract, to pull out, to draw out, to uproot; to headhunt, to lure away, to poach, to entice"
"週","しゅう","week"
"社会的","しゃかいてき","social, societal, societary"
"打ち込む","うちこむ","to drive in (a nail, stake, etc.), to hammer in; to hit (a ball, etc.), to drive, to smash; to fire into, to shoot into; to input (data), to enter; to devote oneself to, to be absorbed in, to be (really) into, to be enthusiastic about, to put heart and soul into, to throw oneself into, to go head over heels for; to practice hitting (baseball, tennis, etc.); to hit (an opponent in kendo, boxing, etc.), to get a blow in; to invade one's opponent's territory, to place a stone in an opponent's formation; to pour (concrete, etc.) into a form"
"","ぽかん, ポカン, ぱかん, パカン","vacantly, blankly, absentmindedly; openmouthed, with one's mouth wide-open, gaping, flabbergasted; with a whack, with a thump"
"出張","しゅっちょう","business trip, official trip"
"今頃","いまごろ","about this time, about now"
"和","わ","sum; harmony, peace; Japan, Japanese-style"
"向こう側","むこうがわ","other side, opposite side, other party"
"部落","ぶらく","hamlet, subunit of village; burakumin area"
"引っ越す","ひっこす","to move (house), to change residence"
"処刑","しょけい","execution"
"爽やか","さわやか","fresh, refreshing, invigorating, pleasant, delightful; clear (voice), fluent (speech), eloquent"
"建築","けんちく","construction, architecture (of buildings)"
"精一杯","せいいっぱい","the best one can do, one's best effort; with all one's might, to the best of one's ability, as hard as possible"
"到達","とうたつ","reaching, attaining, arrival"
"暦","こよみ, れき","calendar, almanac"
"他者","たしゃ","another person, others"
"長年","ながねん","many years, a long time"
"","ませんか","won't (hasn't, isn't, doesn't, etc.); won't you"
"無茶","むちゃ, むっちゃ","absurd, unreasonable, ridiculous; rash, reckless; excessive, immoderate, extreme; very, extremely, excessively"
"所属","しょぞく","belonging to (a group, organization, etc.), affiliation (with), being attached to, being under the control of, serving (in the military, congress, etc.)"
"婿","むこ","husband, groom; (one's) son-in-law"
"芸者","げいしゃ","geisha, professional female entertainer, usu. at traditional banquets"
"その辺","そのへん","around there, near there; or thereabouts, or so; such a matter, such a thing"
"飛び降りる","とびおりる","to jump down, to leap down, to jump off, to leap off"
"大騒ぎ","おおさわぎ","clamour, clamor, uproar, tumult, furore, furor"
"週刊誌","しゅうかんし","weekly (publication), weekly magazine, weekly journal"
"砂糖","さとう","sugar"
"物事","ものごと","things, everything"
"に限って","にかぎって","particularly, only, in the case of"
"大方","おおかた","large part, greater part, majority; people in general, general public, public at large; mostly, for the most part, almost, nearly; probably, maybe, perhaps"
"仕立てる","したてる","to tailor, to make (clothing); to train, to bring up; to make it seem like, to pass off; to turn into a play or movie; to prepare, to send, to despatch"
"郊外","こうがい","suburb, residential area on the outskirt of a city, commuter belt"
"和む","なごむ","to be softened, to calm down"
"","シルク","silk"
"昨年","さくねん","last year"
"若さ","わかさ","youth, youthfulness"
"香り","かおり","aroma, fragrance, scent, smell"
"","ルーム","room"
"厳重","げんじゅう, げんじょう, げんちょう","strict, severe, stringent, rigorous, rigid, firm, strong, secure"
"後半","こうはん","second half, latter half"
"対抗","たいこう","opposition, rivalry, competition, antagonism"
"お喋り","おしゃべり","chattering, talk, idle talk, chat, chitchat, gossip; chatty, talkative, chatterbox, blabbermouth"
"役立つ","やくだつ","to be useful, to be helpful, to serve the purpose"
"給料","きゅうりょう","salary, wages, pay"
"麻痺","まひ, マヒ","paralysis, palsy, stupor; numbness, loss of sensation; standstill, state of paralysis, inability to take action"
"中隊","ちゅうたい","company, battery, troop"
"出迎える","でむかえる","to meet, to greet"
"上等","じょうとう","superior, first-class, excellent, top quality; (that's) just fine!, bring it on!"
"伝統","でんとう","tradition, convention"
"出世","しゅっせ","success in life, getting ahead, successful career, promotion, climbing the corporate ladder, eminence"
"下値","したね","lowest price"
"繋がる","つながる","to be tied together, to be connected to, to be linked to; to lead to, to be related to; to be related (by blood)"
"愚痴","ぐち, グチ","idle complaint, grumble; moha (ignorance, folly)"
"","しょっちゅう","always, all the time, constantly, frequently, often"
"国境","こっきょう, くにざかい","border (between countries), national border"
"南部","なんぶ","southern part, the south (of a region)"
"問い合わせ","といあわせ","inquiry, query, enquiry"
"自民党","じみんとう","Liberal Democratic Party, LDP"
"天皇","てんのう","Emperor of Japan"
"課税","かぜい","taxation"
"金額","きんがく","amount of money, sum"
"後援","こうえん","support, backing"
"好調","こうちょう","favourable, favorable, promising, satisfactory, in good shape"
"入札","にゅうさつ","bid, tender, bidding"
"任期","にんき","term of office"
"受け入れ","うけいれ","receiving, acceptance, reception"
"兵","へい","(common) soldier, rank and file; army, troops; warfare, strategy"
"軍縮","ぐんしゅく","reduction of armaments, disarmament"
"子会社","こがいしゃ","subsidiary (company)"
"訴え","うったえ","lawsuit, complaint"
"交付","こうふ","delivery, issuance, handing over, granting"
"原案","げんあん","original plan, original bill, original motion, draft"
"地方自治体","ちほうじちたい","local authority, local government, locality, local self-governing body, municipality"
"管理職","かんりしょく","management, managerial position, administrative post, person in a managerial position"
"採択","さいたく","adoption, selection, choice"
"保守党","ほしゅとう","Conservative Party"
"頼り","たより","reliance, dependence"
"立ち入り","たちいり","entering, going into"
"上がり","あがり","rise, increase, ascent; income, takings, earnings, proceeds, (crop) yield, return, profit; completion, end, finish; end result (e.g. of crafts), how something comes out, finish; finishing (in a board or card game, etc.); green tea (esp. in a sushi restaurant); after (rain, illness, etc.); ex- (e.g. ex-bureaucrat), former"
"再選","さいせん","re-election, reelection"
"卓球","たっきゅう","table tennis, ping-pong"
"使い","つかい","errand, mission, going on an errand; messenger, bearer, errand boy, errand girl; familiar spirit; use, usage, user, trainer, tamer, handler, charmer"
"条件付き","じょうけんつき","conditional, qualified, with conditions attached"
"接戦","せっせん","close contest, close match, close game, close race; close combat"
"水曜","すいよう","Wednesday"
"慢性","まんせい","chronic (illness)"
"為替相場","かわせそうば","exchange rates"
"種子","しゅし","seed, pit"
"母国","ぼこく","one's home country, one's homeland"
"効率的","こうりつてき","efficient"
"再検討","さいけんとう","re-examination, review, reconsideration, reappraisal"
"相手取る","あいてどる","to challenge (esp. in a lawsuit), to take on an opponent (in negotiations, contest, etc.)"
"博覧会","はくらんかい","exhibition, exposition, expo, fair"
"避妊","ひにん","contraception, birth control"
"仕上げ","しあげ","finish, finishing, finishing touches"
"急落","きゅうらく","sudden fall, sharp fall, sudden drop, sharp drop"
"死亡率","しぼうりつ","death rate, mortality rate"
"紫外線","しがいせん","ultraviolet rays, ultraviolet radiation, UV radiation"
"出火","しゅっか","outbreak of fire"
"組み立て","くみたて","construction, framework, erection, assembly, organization, organisation"
"国際人","こくさいじん","internationally minded person, cosmopolitan, cosmopolite, citizen of the world; international celebrity"
"励まし","はげまし","encouragement, cheering on"
"建設的","けんせつてき","constructive"
"抗生物質","こうせいぶっしつ","antibiotic"
"誘い","さそい, いざない","invitation, introduction; temptation"
"支配的","しはいてき","dominant, ruling"
"弁論","べんろん","discussion, debate, argument"
"原材料","げんざいりょう","raw materials, ingredients"
"将来性","しょうらいせい","future prospects, promise"
"身体障害者","しんたいしょうがいしゃ","(physically) disabled person, person with a physical disability"
"備え","そなえ","preparation, provision, guarding"
"評決","ひょうけつ","decision, verdict"
"親しみ","したしみ","intimacy, affection, familiarity"
"好況","こうきょう","prosperous (economic) conditions, favourable conditions, (economic) boom, thriving business, brisk market"
"旨","むね","principle, aim, main purpose, central part, pillar; purport, gist, drift, meaning; instructions, orders, intention, wishes"
"免職","めんしょく","dismissal, sacking, discharge"
"点差","てんさ","point spread, point difference"
"叫び","さけび","shout, cry, outcry, yell, shriek, scream"
"生死","せいし, しょうじ, しょうし","life and death, life or death; samsara (cycle of death and rebirth); death"
"音質","おんしつ","tone quality, sound quality"
"酔い","よい, えい","drunkenness, intoxication; motion sickness, travel sickness"
"滞納","たいのう","falling behind (with a payment), being in arrears, non-payment, default, delinquency"
"撲滅","ぼくめつ","eradication, extermination, destruction, suppression"
"哀悼","あいとう","condolence, regret, tribute, sorrow, sympathy, lament"
"確約","かくやく","firm promise, definite promise"
"服役","ふくえき","penal servitude, serving time in prison; military service; forced labor, compulsory service"
"定期券","ていきけん","commuter pass, season ticket"
"片道","かたみち","one-way (trip); one-way ticket"
"炎症","えんしょう","inflammation, irritation"
"味付け","あじつけ","seasoning, flavour, flavor"
"折り紙","おりがみ","origami, art of paper folding; hallmark, certificate of authenticity"
"上向き","うわむき, うえむき","pointing up, pointing upward, upturn, uptrend, upward tendency"
"生年月日","せいねんがっぴ","birth date, date of birth, DOB"
"文房具","ぶんぼうぐ","stationery"
"防水","ぼうすい","waterproofing, making watertight"
"悪性","あくせい","malignant (cancer), virulent, pernicious (anemia, anaemia)"
"繰り上げる","くりあげる","to move up, to advance"
"刻々","こっこく, こくこく","moment by moment, hour by hour"
"史学","しがく","study of history"
"送迎","そうげい","seeing off and meeting on return"
"好景気","こうけいき","good times, boom, (wave of) prosperity"
"熱湯","ねっとう","boiling water"
"永続","えいぞく","permanence, continuation"
"英訳","えいやく","English translation"
"読み物","よみもの","reading matter, reading material"
"沸かす","わかす","to boil, to heat (a liquid), to prepare (a bath, hot drink); to excite, to rouse, to stir"
"会計年度","かいけいねんど","fiscal year"
"降雪","こうせつ","snowfall, snow"
"高給","こうきゅう","high salary"
"交じり","まじり","mixed with, mingled with, interspersed with, dashed with, sprinkled with"
"教育的","きょういくてき","educational, instructive"
"潤い","うるおい","moisture, damp, wetness; richness, warmth, interest, taste, charm; financial leeway, gains, profit; blessing, grace, favour, favor"
"歯磨き","はみがき","dental brushing, brushing one's teeth; dentifrice, toothpaste, tooth powder"
"急ぎ","いそぎ","haste, hurry, expedition, speed, dispatch"
"世界大戦","せかいたいせん","world war"
"政敵","せいてき","political opponent"
"生化学","せいかがく","biochemistry"
"受取人","うけとりにん","recipient (e.g. of mail), addressee, payee, beneficiary"
"耐久性","たいきゅうせい","durability"
"乾季","かんき","dry season"
"脚色","きゃくしょく","dramatization (e.g. of a novel), dramatisation, adaptation (for the stage or screen); embellishment (of the facts), exaggeration, dramatization, embroidery"
"貸借","たいしゃく","loan, debit and credit, lending and borrowing"
"独学","どくがく","self-education, self-instruction, self-study"
"品切れ","しなぎれ","out of stock, sold out"
"休校","きゅうこう","(temporary) closure of school"
"特売","とくばい","special sale, bargain sale"
"多め","おおめ","somewhat larger (amount), quite a lot, a little more (than usual), a little extra"
"流行歌","りゅうこうか","popular song, hit song"
"一喜一憂","いっきいちゆう","alternating between happiness and anxiety, swinging between joy and sorrow, being glad and sad by turns, oscillating between optimism and pessimism"
"寒波","かんぱ","cold wave"
"力持ち","ちからもち","muscleman, strong man"
"甚大","じんだい","very great, enormous, serious"
"飼い犬","かいいぬ","pet dog"
"独奏","どくそう","(instrumental) solo, recital"
"氷点下","ひょうてんか","below freezing"
"禁ずる","きんずる","to forbid, to ban, to prohibit; to suppress (a feeling, laughter, etc.), to hold back (e.g. tears)"
"偶数","ぐうすう","even number"
"不得意","ふとくい","one's weak point"
"水浸し","みずびたし","submersion, inundation, being flooded"
"銘記","めいき","keep in mind, take note of, remember"
"奇数","きすう","odd number"
"先天的","せんてんてき","inborn, innate, inherent, congenital, hereditary; a priori"
"返金","へんきん","refund, repayment, reimbursement"
"穀類","こくるい","grains"
"主語","しゅご","subject"
"毎時","まいじ","every hour, hourly"
"局番","きょくばん","telephone exchange number"
"平方メートル","へいほうメートル","square metre, square meter"
"重要視","じゅうようし","regarding highly, attaching importance to"
"薄着","うすぎ","being lightly dressed"
"弁償","べんしょう","compensation, indemnification, reparation, restitution, recompense"
"隣り合う","となりあう","to adjoin each other, to sit side by side"
"湿疹","しっしん","eczema, rash"
"良し悪し","よしあし, よしわるし","right or wrong, good or bad, quality, suitability; having both merits and demerits, having both advantages and disadvantages"
"言い表す","いいあらわす","to express (in words); to confess"
"初めまして","はじめまして","nice to meet you, I'm glad to make your acquaintance, how do you do?"
"ばら撒く","ばらまく, バラまく","to scatter, to disseminate (e.g. a rumor), to spread (e.g. germs), to broadcast; to distribute widely (e.g. leaflets), to hand out freely, to spend recklessly"
"","メキメキ, めきめき","remarkably, markedly, rapidly; sound of breaking or creaking"
"","エクスプレス, エキスプレス","express"
"","ハロウィン, ハロウィーン, ハローウィン","Halloween"
"","ルネサンス, ルネッサンス, ルネッサーンス","Renaissance"
"営業時間","えいぎょうじかん","business hours, opening hours, office hours"
"見損なう","みそこなう","to misjudge, to mistake, to misread; to misjudge (someone), to overestimate; to miss seeing, to overlook, to fail to notice"
"工事中","こうじちゅう","under construction"
"瞬く","またたく, まばたく, まだたく","to twinkle (e.g. stars), to flicker, to waver; to blink (one's eyes), to wink, to bat"
"売り切れ","うりきれ","sold-out"
"歩行者","ほこうしゃ","pedestrian, walker"
"母国語","ぼこくご","language of one's country, mother tongue, native language"
"方向音痴","ほうこうおんち","(person with) no sense of direction, poor sense of locality"
"末","まつ","the end (of); powder"
"未成年者","みせいねんしゃ","minor, underage person"
"剥がす","はがす, へがす","to tear off, to peel off, to rip off, to strip off, to skin, to flay, to disrobe, to deprive of, to detach, to disconnect"
"ほうれん草","ほうれんそう, ホウレンソウ","spinach (Spinacia oleracea)"
"貸間","かしま","room to let, room for rent"
"環境保護","かんきょうほご","environmental protection"
"血液検査","けつえきけんさ","blood test, hemanalysis"
"勤務時間","きんむじかん","office hours, business hours, working hours"
"自然環境","しぜんかんきょう","natural environment, (the) environment"
"都市部","としぶ","urban area, urban district"
"新生活","しんせいかつ","new life, fresh start, new routine"
"","すっごい, すんごい, スッゴイ, スンゴイ, スッゴい, スンゴい","terrible, dreadful; amazing (e.g. of strength), great (e.g. of skills), wonderful, terrific; to a great extent, vast (in numbers)"
"定期購読","ていきこうどく","subscription (e.g. to a magazine)"
"","エレクトロニクス","electronics"
"","オーク","oak"
"","カウボーイ, カーボーイ","cowboy"
"","ギプス, ギブス","plaster cast, cast; gypsum, plaster of Paris"
"","クロアチア","Croatia"
"","コネ","connection, pull"
"","シェア","sharing, share (on social media); market share"
"","ショーウィンドウ, ショーウインドー, ショーウィンドー, ショーウインドウ, ショー・ウィンドウ, ショー・ウインドー, ショー・ウィンドー, ショー・ウインドウ","display window, shop window, store window"
"","ショッピングモール, ショッピング・モール","shopping mall"
"","シンクロ","synchronization; synchronized swimming"
"","スペル","spelling"
"","チャーター","charter"
"","トロフィー","trophy"
"","バージョン, ヴァージョン","version"
"ＢＢＱ","バーベキュー, バーベキュウ","barbecue, barbeque, BBQ"
"","バレリーナ","ballerina"
"","パートタイム, パート・タイム","part-time (work)"
"巴奈馬","パナマ","Panama"
"","フリーダイヤル, フリーダイアル, フリー・ダイヤル, フリー・ダイアル","toll-free number; free dial (e.g. device or combination lock that can be set to any number)"
"","プレゼンテーション","presentation"
"","ポテト","potato; French fries, chips, fried potato; sweet potato"
"","マイアミ","Miami"
"","マラリア","malaria"
"馬来西亜","マレーシア","Malaysia"
"","ラップ","plastic wrap, cling film, cling wrap, food wrap; to wrap in plastic wrap"
"","リーダーシップ","leadership"
"依る","よる","to be due to, to be caused by; to depend on, to turn on; to be based on, to come from; to be based at (a location, an organization), to be headquartered at"
"粘々","ねばねば, ネバネバ","sticky, gluey, gummy, glutinous, viscous, gooey, greasy; stickiness, something sticky"
"区々","まちまち","various, diverse, different, divergent, divided, conflicting"
"","おっと","uh-oh, oops, sorry"
"","いいね","that's good, that's nice; like (on social media); is that clear?, OK?, got that?"
"然うしたら","そうしたら","then, and (then), in that case, if so"
"局長","きょくちょう","bureau director, office chief"
"車内","しゃない","inside a car (train, bus, etc.)"
"伊達","だて","elegance, dandyism, sophistication, having style; affectation, showing off, putting on an air, appearances, doing something just for show"
"近代","きんだい","present day, modern times, recent times; early modern period (in Japan, usu. from the Meiji Restoration until the end of World War II)"
"詳細","しょうさい","details, particulars, specifics; detailed, specific, minute; close-up view (of a digitally displayed map), zoomed-in view"
"菓子","かし","confectionery, sweets, candy, cake"
"一晩","ひとばん","one night, one evening; all night, overnight"
"","メッセージ, メセージ","message"
"欲する","ほっする","to want, to desire"
"","ドラマ","(non-documentary) television series, TV drama, teledrama, play; drama, dramatic incident, spectacle, tragedy"
"夥しい","おびただしい","large number, innumerable, great many, immense, vast, abundant"
"","ちらっと, チラッと, チラっと, ちらと, チラと","at a glance, by accident"
"悪夢","あくむ","nightmare, bad dream"
"","レコード","record (e.g. LP); record (e.g. in sports); record (data structure)"
"権","けん","right (to do something); authority, power"
"","センター, センタ","centre, center; center fielder"
"お兄さん","おにいさん","older brother, elder brother; young man, buddy, fella, laddie"
"手配","てはい","arrangement, preparations; search (by police)"
"","パンツ","underpants, pants, briefs, panties, shorts, knickers; trousers (esp. women's), jodhpurs, breeches, pants, trunks (e.g. swimming)"
"観客","かんきゃく, かんかく","spectator, audience"
"群衆","ぐんしゅう, ぐんしゅ, ぐんじゅ","group (of people), crowd, horde, throng, mob, multitude"
"","フロント","front (aspect, weather, war-front, etc.); reception (e.g. in a hotel), front desk; front office, team management"
"取引","とりひき","transactions, dealings, business"
"遺産","いさん","inheritance, bequest, legacy, heritage"
"十","じゅう, とお, と","ten, 10; ten years of age; book containing a collection of poems"
"","アルバイト","part-time job, side job; part-time worker"
"引き上げる","ひきあげる","to pull up, to drag up, to lift up; to increase, to raise (e.g. taxes); to withdraw, to leave, to pull out, to retire; to promote (someone to a higher position); to return home; to expedite the schedule"
"真顔","まがお","serious look (on one's face), straight face"
"棺","かん, ひつぎ, きゅう","coffin, casket"
"記念","きねん","commemoration, celebration, remembrance, memory, honoring the memory of; memento, souvenir, keepsake"
"世代","せだい","generation"
"路上","ろじょう","on the road, on the street, in the street; on the way"
"蒔く","まく","to sow, to plant, to seed; to sow (the seeds of; e.g. conflict); to sprinkle (gold or silver powder on lacquerware)"
"地帯","ちたい","zone, area, belt, region"
"当の","とうの","the ... in question"
"惜しむ","おしむ","to spare, to grudge, to be sparing (with), to be frugal, to be stingy; to regret, to lament; to be reluctant (to do), to be unwilling; to value, to prize, to hold dear; to love, to cherish"
"仕様がない","しょうがない, しようがない","there's no (other) way; cannot be helped, unavoidable, inevitable, (there's) nothing one can do, having no choice, it is what it is; it's no use (doing), pointless, useless, no good, insufficient, not enough; hopeless (person), annoying, troublesome, awful; cannot stand it, unbearable, cannot help (doing, feeling), dying (to do)"
"天気","てんき","weather; fair weather, fine weather"
"初期","しょき","early days, early years, early stages, initial stages, beginning"
"日頃","ひごろ","usually, habitually, always; for a long time"
"茂る","しげる","to grow thickly, to be in full leaf, to be rampant, to luxuriate, to be luxurious"
"校長","こうちょう","principal, head teacher, headmaster, headmistress"
"漠然","ばくぜん","vague, obscure, indistinct, hazy, ambiguous"
"驚愕","きょうがく","astonishment, amazement, surprise, fright, shock"
"９０","きゅうじゅう, くじゅう","ninety, 90"
"何ら","なんら, なにら","(not) in any way, (not) at all, (none) whatsoever; what kind of"
"吐露","とろ","expressing one's mind, speaking out"
"秩序","ちつじょ","order, discipline, regularity, system, method"
"設定","せってい","establishment, creation, posing (a problem), setting (movie, novel, etc.), scene; options setting, preference settings, configuration, setup"
"率直","そっちょく","frank, candid, straightforward, openhearted, direct, outspoken"
"消息","しょうそく, しょうそこ","news (from someone), letter, contact; (someone's) whereabouts, (someone's) movements"
"若しくは","もしくは","or, otherwise"
"真っ白","まっしろ, ましろ","pure white; blank (e.g. mind, paper)"
"甲高い","かんだかい","high-pitched, shrill"
"っ放し","っぱなし","leaving (on, open, unfinished, etc.); (doing) continuously, constantly, keep ...-ing"
"形成","けいせい","formation, molding, making (up), taking form, giving form to; repair (e.g. with plastic surgery), replacement, -plasty"
"新鮮","しんせん","fresh"
"体内","たいない","interior of the body"
"復活","ふっかつ, ふっかーつ","revival (of an old system, custom, fashion, etc.), restoration, return, comeback; resurrection, rebirth"
"症","しょう","illness, condition, -pathy"
"向い","むかい","facing, opposite, across the street, other side"
"暖炉","だんろ","fireplace, hearth, stove"
"","デザイン","design"
"当分","とうぶん","for the present, for the time being; for a while (from now), for some time (to come)"
"土間","どま","dirt floor, room with dirt floor; pit (theater seating), parterre"
"中間","ちゅうかん","middle, midway, halfway, centre, center; middle position, moderate position, neutral position, middle-of-the-road position; interim, intermediary, intermediate, midterm"
"営む","いとなむ","to run (a business), to operate, to conduct, to practice (law, medicine, etc.); to carry out, to perform, to lead (a life); to hold (a Buddhist or Shinto ceremony)"
"誕生日","たんじょうび","birthday"
"地震","じしん","earthquake"
"強調","きょうちょう","emphasis, stress, highlighting, underlining, underscoring; accentuating (a feature or certain part), accenting; strong tone (of the market), firm tone"
"握手","あくしゅ","handshake; reconciliation, joining hands, cooperation"
"終了","しゅうりょう","end, close, termination"
"碌に","ろくに","(not) well, (not) properly, (not) enough, (not) sufficiently, (not) satisfactorily, (not) decently"
"器用","きよう","skillful, skilful, adroit, dexterous, dextrous, deft, nimble, handy; clever, shrewd, ingenious"
"辻","つじ","crossroads, crossing, intersection, street corner; street"
"一旦","いったん","once; for a short time, briefly, temporarily; one morning"
"文書","ぶんしょ, もんじょ, ぶんじょ","document, writing, letter, papers, notes, records, archives; document addressed to someone"
"上昇","じょうしょう","rising, ascending, climbing"
"不","ふ","un-, non-"
"要する","ようする","to need, to demand, to take, to require"
"","コピー","copy, photocopy; book jacket blurb; (advertising) slogan"
"出向く","でむく","to go to, to proceed to, to leave for"
"切断","せつだん","cutting, severance, section, amputation, disconnection"
"平成","へいせい","Heisei era (1989.1.8-2019.4.30)"
"死刑","しけい","death penalty, capital punishment"
"猪","いのしし, イノシシ","wild boar, wild pig"
"下駄","げた, ゲタ","geta, traditional Japanese wooden sandal; turn (in set-type proofing), upside-down character; net, geta"
"護謨","ゴム","gum, rubber; eraser; condom"
"記述","きじゅつ","description, account"
"真っ暗","まっくら","pitch-dark, pitch-black, completely dark; very bleak (future), utterly hopeless"
"蜂","はち, ハチ","bee, wasp, hornet"
"企画","きかく","planning, plan, project, arrangements"
"菊","きく, キク","chrysanthemum (Chrysanthemum morifolium)"
"配管","はいかん","plumbing, piping"
"浴びせる","あびせる","to pour on"
"競う","きそう","to compete, to contend, to vie, to contest"
"発想","はっそう","idea, conception; way of thinking, approach; expression"
"追放","ついほう","exile, banishment, eviction, deportation, purge, expulsion, ousting; elimination (e.g. of poverty), removal"
"真夜中","まよなか","dead of night, midnight"
"報","ほう","information, news, report; reward, retribution"
"細工","さいく","work, workmanship, craftsmanship, handiwork; artifice, trick, device, tampering, doctoring"
"奇跡","きせき","miracle, wonder, marvel"
"勿体ない","もったいない","wasteful, a waste; too good, more than one deserves, unworthy of; impious, profane, sacrilegious"
"最悪","さいあく","worst; horrible, horrid, awful, terrible; in the worst case, if worst comes to worst"
"身長","しんちょう","height (of a person), stature"
"侍女","じじょ","lady attendant, lady's maid, waiting maid"
"権威","けんい","authority, power, influence, prestige; (an) authority (on), expert"
"専門家","せんもんか","specialist, expert, professional, authority, pundit"
"自我","じが","ego; self; ego"
"司令部","しれいぶ","headquarters"
"ついて行く","ついていく, ついてゆく","to accompany, to follow, to keep up with"
"沢","さわ","mountain stream, valley, dale; wetlands, swamp, marsh"
"歩道","ほどう","footpath, walkway, sidewalk, pavement"
"海外","かいがい","foreign, abroad, overseas"
"現金","げんきん","cash, ready money, money on hand, currency; mercenary, self-interested, calculating"
"気取る","きどる","to be affected, to put on airs; to act like (something one isn't), to pretend to be"
"覆る","くつがえる","to topple over, to be overturned, to capsize; to be overruled, to be reversed, to be discredited"
"見覚え","みおぼえ","memory (of having seen something or someone before), remembrance, recollection, recognition"
"ご覧になる","ごらんになる","to see, to look, to watch; to try to ..."
"名人","めいじん","master, expert; Meijin (professional title)"
"ぶら下がる","ぶらさがる","to hang down (from), to dangle, to swing, to be suspended; to be within one's reach, to dangle (before one's eyes); to be completely reliant on, to be entirely dependent on"
"甥","おい","nephew"
"角度","かくど","angle"
"無理やり","むりやり, ムリヤリ","forcibly, by force, against one's will"
"快感","かいかん","pleasant feeling, pleasant sensation, pleasure"
"古墳","こふん","ancient burial mound, barrow, tumulus"
"唱歌","しょうか, しょうが","singing, song; music class (at pre-WWII schools), song for music classes"
"視点","してん","point of view, viewpoint, angle, perspective; visual point (position of the eye in calculations of optical instruments)"
"煉瓦","れんが, レンガ","brick"
"主に","おもに","mainly, primarily, mostly, largely, chiefly"
"","ダム","dam"
"役所","やくしょ","government office, public office"
"","ざっと","roughly, approximately, round about, more or less; cursorily, briefly, quickly, lightly, roughly"
"摩る","さする","to rub, to pat, to stroke, to massage"
"四角い","しかくい","square, rectangular"
"成果","せいか","(good) result, outcome, fruits (of one's labors), product, accomplishment"
"","ウイスキー, ウィスキー, ウヰスキー, ウイスキ, ウィスキ","whisky, whiskey"
"本格的","ほんかくてき","genuine, real, authentic, standard, orthodox; full-scale, full-blown, all-out, full-fledged, fully fledged, full, proper, real, earnest, serious"
"資金","しきん","funds, capital"
"次ぐ","つぐ","to follow, to come after, to come next (to), to rank next (to), to rank second (to)"
"袴","はかま","hakama, pleated skirt or loose-legged trousers worn over a kimono mainly on ceremonial occasions; (leaf) sheath; (sake bottle) stand"
"生憎","あいにく","unfortunately, sorry, but ..."
"お婆ちゃん","おばあちゃん","granny, grandma, gran; old lady, old woman"
"","ロボット","robot; (mere) puppet, pawn, figurehead"
"早口","はやくち, はやぐち","fast-talking, rapid talking"
"刹那","せつな","moment, instant; kshana, duration of a single mental event (about 1/75 second), shortest possible interval of time"
"身内","みうち","relatives, one's family; friends, members of the same organization; followers, henchmen; one's whole body"
"遺跡","いせき","(archeological) remains, ruins, relics"
"燐寸","マッチ","match (for lighting a fire)"
"大金","たいきん, おおがね","large amount of money, great cost"
"地下室","ちかしつ","cellar, basement"
"横目","よこめ","sidelong glance; short grain (paper); kanji ""net"" radical at top"
"楽しみ","たのしみ","enjoyment, pleasure, amusement, delight, joy, fun, diversion, hobby; anticipation, looking forward to, something to look forward to"
"規模","きぼ","scale, scope, plan, structure"
"心地","ここち","feeling, sensation, mood"
"一度に","いちどに","all at once"
"当日","とうじつ","day in question, appointed day, that very day, the day (of issue, publication, etc.)"
"老ける","ふける","to age, to grow old (esp. in appearance), to show marks of age"
"収入","しゅうにゅう","income, earnings, revenue, proceeds, takings, receipts"
"欲","よく","greed, craving, desire, appetite, hunger, avarice, wants"
"印刷","いんさつ","printing"
"講義","こうぎ","lecture"
"交際","こうさい","company, friendship, association, society, acquaintance; (romantic) involvement, dating"
"険しい","けわしい","precipitous, rugged, inaccessible, impregnable, steep; grim, severe, stern"
"刊行","かんこう","publication, issue"
"設計","せっけい","plan, design, layout"
"六つ","むっつ, むつ","six; six years of age; six o'clock (old time system)"
"包囲","ほうい","siege, encirclement, envelopment, surrounding, besiegement"
"","やばい, ヤバい, ヤバイ","dangerous, risky; awful, terrible, crap; terrific, amazing, cool; crazy, insane, not normal, unhinged, extreme"
"数","すう","several, a few, a number of; number, quantity, amount; counting, calculation, figures, numbers; number, numeral, figure; number; destiny, fate, outcome, course of events, trend"
"顔立ち","かおだち","looks, features"
"","カット","cut, cutting; haircut; (continuous) shot (in a film or TV show); illustration (in a book, newspaper, etc.), cut; cut (shot; in tennis, table tennis, etc.), chop; cutting (the ball); cutting off (an outfielder's throw); cut (of a deck of cards)"
"陰","かげ","shade, shadow; behind (something), other side, back; the background, behind the scenes, behind someone's back; gloom (in someone's expression, nature, etc.), darkness"
"信徒","しんと","layman, believer, adherent, follower, laity"
"手入れ","ていれ","care, looking after, repair, maintenance, tending, trimming, grooming; (police) raid, crackdown"
"櫛","くし, クシ","comb"
"英","えい","United Kingdom, Britain; English (language)"
"拝む","おがむ","to assume the posture of praying, to press the palms and fingers of both hands together, to do reverence (e.g. before a statue of the Buddha), to pay one's respects; to beg, to make a supplication; to see (something or someone of high status)"
"受付","うけつけ","reception (desk), information desk, receptionist, information clerk; receipt, acceptance"
"菅","すげ, すが, スゲ","sedge (Cyperaceae spp., esp. members of genus Carex)"
"青春","せいしゅん","youth, adolescence, springtime of life"
"拷問","ごうもん","torture"
"猛威","もうい","fury, power, menace"
"込める","こめる","to load (a gun, etc.), to charge; to put into (e.g. emotion, effort); to include (e.g. tax in a sales price); to hang over, to shroud, to enshroud, to envelop, to screen"
"面会","めんかい","meeting (face-to-face), seeing, visit, interview"
"空っぽ","からっぽ, カラッポ","empty, vacant, hollow"
"敏感","びんかん","sensitive, alert, aware, susceptible"
"替える","かえる","to replace, to convert, to change; to exchange, to interchange, to renew; to substitute (person, staff member, player, etc.)"
"歓声","かんせい","cheer, shout of joy"
"汁","しる, つゆ","juice, sap; soup, broth; (dipping) sauce"
"本社","ほんしゃ, ほんじゃ","head office, main office, headquarters, parent company; main shrine; this company, this shrine"
"誌","し","magazine, journal"
"切符","きっぷ","ticket"
"","ボロボロ, ぼろぼろ","worn-out, ragged, tattered, battered, scruffy; crumbling, dry and crumbly; falling (in drops or clumps), scattering; (physically or mentally) worn-out, exhausted; (coming to light) one after another"
"敗れる","やぶれる","to be defeated, to be beaten, to be unsuccessful, to lose"
"悪意","あくい","ill will, spite, evil intention, malice; bad meaning; mala fides, bad faith, criminal intent to deceive; malice"
"臓","ぞう","viscera, bowels"
"听","ポンド","pound (unit of weight); pound (currency), pound sterling"
"王宮","おうきゅう","royal palace"
"鍛える","きたえる","to forge, to temper; to drill, to train, to discipline"
"末に","すえに","finally, after, following; at the end (of)"
"","ぐったり, グッタリ, グタリ, ぐたり","limply, wearily, listlessly, languidly, exhaustedly, unenergetically"
"歓喜","かんき","delight, great joy"
"中佐","ちゅうさ","lieutenant colonel, commander (navy)"
"強盗","ごうとう","robber, mugger; robbery, burglary"
"授ける","さずける","to grant, to give, to confer, to award; to teach, to instruct, to impart (knowledge)"
"","オフィス, オフイス","office"
"反射","はんしゃ","reflection, reverberation; reflex, reflexes"
"買い物","かいもの, かいもん","shopping, purchased goods"
"発作","ほっさ","fit, attack, spasm, ictus, paroxysm, seizure, stroke"
"合戦","かっせん","battle, fight, fighting, engagement, contest"
"戦死","せんし","death in battle"
"最低","さいてい, サイテー","least, lowest, minimum; worst; awful, horrible, nasty, disgusting; at the very least"
"盛り上がる","もりあがる","to swell, to rise, to bulge, to be piled up; to rouse, to get excited"
"混ぜる","まぜる","to mix, to stir, to blend"
"大通り","おおどおり","main street, avenue, boulevard"
"忍者","にんじゃ","ninja, person trained in ninjutsu and employed for covert purposes in feudal Japan"
"山々","やまやま","(many) mountains; very much (wanting to do something one cannot), greatly, really; so many, a lot of"
"応援","おうえん","aid, assistance, help, support, reinforcement; cheering, rooting (for), support"
"予備","よび","reserve, spare; preparation, preliminaries"
"再","さい","re-, again"
"","ケア","care (e.g. medical), attention, nursing"
"親指","おやゆび","thumb; big toe"
"","ゴルフ","golf"
"見捨てる","みすてる","to abandon, to fail, to desert, to forsake"
"連なる","つらなる","to extend, to stretch out, to stand in a row; to attend, to participate in; to enrol, to enroll, to join; to have a connection, to be related, to be linked"
"","ぎゅっと, ギュッと, ギュっと, ギュって, ギュッて, ぎゅって","tightly (hold, squeeze, etc.), firmly, forcefully (e.g. push), hard"
"成り立つ","なりたつ","to consist of, to be made up of, to be composed of; to be concluded (e.g. of an agreement), to hold true (e.g. of a theory), to be valid; to be viable (of a business, lifestyle, etc.), to carry on, to keep going"
"上京","じょうきょう","going (up) to the capital, going to Tokyo"
"拒絶","きょぜつ","refusal, rejection"
"日付","ひづけ","date, dating"
"太字","ふとじ","boldface, bold-type, thick characters"
"生き方","いきかた","way of life, how to live"
"憂鬱","ゆううつ","depression, melancholy, dejection, gloom, despondency"
"欠伸","あくび, アクビ","yawn, yawning; kanji ""yawning"" radical (radical 76)"
"痣","あざ, アザ","birthmark, nevus; bruise"
"了","りょう","finish, completion, the end"
"面影","おもかげ","face, looks, countenance; vestige, trace, reminder"
"恋する","こいする","to fall in love (with), to love"
"従業員","じゅうぎょういん","employee, worker"
"往復","おうふく","making a round trip, going and returning, coming and going; round-trip ticket, return ticket; correspondence, exchanging (of letters); keeping company (with), socializing, visiting each other"
"長身","ちょうしん","tall figure, high stature"
"深さ","ふかさ","depth, profundity"
"研究所","けんきゅうじょ, けんきゅうしょ","research institute, (research) laboratory"
"意地悪","いじわる","malicious, ill-tempered, unkind, mean, nasty"
"","スープ","(Western) soup"
"お祖母さん","おばあさん, おばーさん","grandmother; old woman, female senior citizen"
"協会","きょうかい","association, society, organization, organisation"
"嫌悪","けんお","disgust, hate, repugnance, loathing"
"可","か","acceptable, satisfactory, allowed, permitted; approval, being in favour, (a) vote in favour, aye; Pass (grade), Fair, C, D"
"","コード","code, program; code, regulation, rules; code, symbol set"
"吊る","つる","to hang, to suspend, to sling, to wear (e.g. a sword), to put up (e.g. a shelf); to hang oneself; to hoist an opponent off of his feet by his loincloth; to turn upwards (as if being pulled), to be slanted (of eyes); to pucker (e.g. of a seam), to be pulled tight"
"通用","つうよう","(common) use (of a language, currency, etc.), current use, circulation, currency, validity (e.g. of a ticket); to be accepted (e.g. of a way of thinking), to work (of an excuse, trick, etc.), to hold true (e.g. of a theory), to apply, to be valid, to pass (for), to do well, to get by; going in and out, entrance and exit"
"怪しむ","あやしむ","to suspect"
"一般的","いっぱんてき","general, popular, common, typical"
"子孫","しそん","descendant, progeny, offspring"
"引き裂く","ひきさく","to tear up, to tear off, to rip up, to tear to pieces; to (forcibly) separate (a couple, family, etc.), to force apart, to tear apart"
"","あのね, あのねえ, あんね, あのさ, あのさあ","look here, I say, well, I know what, I'll tell you what, just a minute, hold on"
"格子","こうし","lattice, latticework, window bars, grid, grating, trellis; lattice door; check(ed) pattern, plaid"
"木戸","きど","wicket gate, wooden door; entrance to an entertainment venue (i.e. sumo arena, etc.)"
"高価","こうか","highly priced, expensive, valuable, costly"
"占う","うらなう","to tell someone's fortune, to divine (the future); to predict, to forecast"
"","フィルム, フイルム","film"
"渋い","しぶい","astringent, bitter, puckery, rough, harsh, tart; austere, elegant (and unobtrusive), refined, quiet (and simple), sober, sombre, subdued, tasteful (in a quiet way), understated; sour (look), glum, grim, sullen, sulky; stingy, tight-fisted"
"獲得","かくとく","acquisition, possession"
"海面","かいめん","sea level, (surface of) sea"
"","ノー, ノウ","no; no, without, not needed, not allowed"
"塗装","とそう","coating, painting"
"射撃","しゃげき","firing, shooting, fire, gunshot, marksmanship"
"殿様","とのさま","nobleman, dignitary, lord; feudal lord (of the Edo period), daimyo; man brought up away from the world, arrogant man with little knowledge of the ways of the world"
"指図","さしず","directions, instructions, orders, command"
"暗示","あんじ","hint, suggestion, clue, implication; suggestion"
"十字架","じゅうじか","cross (for crucifixion), the Cross (of Christ)"
"保存","ほぞん","preservation, conservation, storage, maintenance; saving (e.g. to disk)"
"引用","いんよう","quotation, citation, reference"
"従える","したがえる","to be accompanied by, to be attended by, to take along (someone); to conquer, to subjugate, to subdue"
"","ビーム","beam"
"神戸","こうべ","Kobe (city)"
"庭園","ていえん","garden, park"
"業者","ぎょうしゃ","trader, dealer, businessperson, company, vendor, supplier, manufacturer, maker, contractor; fellow trader, people in the same trade"
"銀河","ぎんが","Milky Way; galaxy"
"帆","ほ","sail"
"痕跡","こんせき","trace, vestige, mark, sign, evidence"
"東洋","とうよう","the East, the Orient, (East) Asia; Japan"
"申し訳ない","もうしわけない","I'm sorry, (it's) inexcusable, I feel regretful, I feel guilty; thank you very much (for help, etc.)"
"齎す","もたらす, もらたす","to bring (news, knowledge, etc.), to introduce; to bring about, to cause, to produce (e.g. results)"
"","スペース","space, room; space (between letters, words, etc.); space (piece of type); (outer) space"
"部員","ぶいん","staff, member (club, society, etc.)"
"逃亡","とうぼう","escape, flight, running away, elopement, fleeing"
"生産","せいさん","production, manufacture"
"荒々しい","あらあらしい","rough, wild, rude, harsh, gruff, violent"
"一方的","いっぽうてき","one-sided, unilateral, arbitrary"
"本書","ほんしょ","main text; original text; this book, this volume"
"決断","けつだん","decision, determination"
"平静","へいせい","calm, peace, serenity, tranquility, tranquillity; composure, equanimity, presence of mind"
"大急ぎ","おおいそぎ","great hurry, great haste, rush"
"専務","せんむ","special duty, being in sole charge of a duty; senior managing director, executive director"
"委員会","いいんかい","committee, commission, board, panel, committee meeting"
"ＮＯＲ","ノア","NOR (Boolean operator)"
"沁み沁み","しみじみ","keenly, deeply, fully, heartily, seriously, earnestly; calmly, quietly, softly; fixedly (gazing, staring), intently"
"","キッチン, キチン","kitchen; chitin"
"蚊帳","かや, かちょう, ぶんちょう","mosquito net"
"侮辱","ぶじょく","insult, affront, slight, contempt (e.g. of court)"
"結婚式","けっこんしき","marriage ceremony, wedding, nuptials"
"戸棚","とだな","cupboard, locker, closet, wardrobe, cabinet"
"宿屋","やどや","inn"
"覚める","さめる","to wake, to wake up; to become sober, to sober up, to regain consciousness (e.g. after anaesthesia); to come to one's senses, to be disillusioned"
"直感","ちょっかん","intuition, instinct, hunch"
"午前中","ごぜんちゅう","in the morning, during the morning"
"議員","ぎいん","member of an assembly, member of the Diet, member of parliament, member of Congress"
"発達","はったつ","development, growth"
"長老","ちょうろう","elder, senior; senior monk; dean, presbyter, patriarch"
"挑戦","ちょうせん","challenge, defiance, dare, attempt, try"
"久しい","ひさしい","long (time that has passed), old (story)"
"頑な","かたくな","obstinate, stubborn, mulish, die-hard, bigoted"
"入学","にゅうがく","admission (to a school or university), entrance, enrolment, enrollment, matriculation"
"問い","とい","question, query"
"雀","すずめ, スズメ","tree sparrow (Passer montanus); talkative person, knowledgeable person"
"見方","みかた","viewpoint, point of view, way of looking (at something), view, angle; way of appreciating (e.g. opera), way of understanding, how to read (a map, train timetable, etc.)"
"かと言って","かといって","having said that, on the other hand, (but) then, (but) still"
"放棄","ほうき","abandonment, renouncement, renunciation, resignation, abdication, surrender, relinquishing, waiving, giving up"
"本質","ほんしつ","essence, true nature, substance, reality"
"法廷","ほうてい","court (of law), courtroom"
"霞","かすみ","haze (esp. in spring), mist; dimness (of sight)"
"客間","きゃくま","drawing room, parlor, parlour, guest room"
"","シャン, シヤン","beautiful"
"刑務所","けいむしょ","prison, jail, gaol, penitentiary"
"甲斐","かい","result (that makes an act worthwhile), worth (in doing something), value, effect, use, benefit, avail"
"天辺","てっぺん, てへん, てっぺい","top, summit, apex, peak; twelve o'clock (usu. midnight); top of one's head, top of a helmet, (top of) scalp, crown"
"侯爵","こうしゃく","marquis, marquess"
"手間","てま","time, labour, labor"
"見つかる","みつかる","to be found, to be discovered"
"濁る","にごる","to become muddy, to become cloudy, to become turbid, to become impure (of a liquid or gas); to become dull (of a sound, color, etc.), to become indistinct, to become fuzzy, to become hoarse; to become impure (of one's heart, a society, etc.), to be corrupted, to be polluted; to become voiced (of a consonant), to be pronounced as a voiced sound"
"兼","けん","and (concurrently; e.g. chauffeur and secretary), in addition to, at the same time, cum (e.g. bedroom-cum-study)"
"操縦","そうじゅう","steering, piloting, flying, control, operation, handling; management (of people), handling, manipulation, maneuvering"
"逞しい","たくましい","burly, strong, sturdy; indomitable, indefatigable, strong-willed, resolute, bold; robust (vitality, appetite, economic growth, etc.), strong"
"処女","しょじょ","virgin (usu. female), maiden; virgin (e.g. forest), unspoiled by human activity; debut, maiden (e.g. voyage)"
"人","ひと, ヒト","person, someone, somebody; human beings, mankind, man, people, humans; human (Homo sapiens); (other) people, others; character, personality, nature; capable person, competent person, suitable person, right person; adult, grown-up; I, me, one"
"１００万","ひゃくまん","1,000,000, one million, million; many"
"囲う","かこう","to enclose, to surround, to encircle, to fence, to wall in; to shelter (e.g. a criminal), to shield, to hide, to protect; to keep (e.g. a mistress); to store (vegetables, fruit, etc.), to preserve; to protect"
"親しむ","したしむ","to be intimate with, to befriend"
"種族","しゅぞく","race, tribe, ethnic group; species, genus, family; stellar population (i.e. population I, II and III)"
"凌ぐ","しのぐ","to endure, to keep out (e.g. rain), to stave off (e.g. starvation); to pull through, to get over, to survive; to surpass, to outdo, to excel, to eclipse, to defy, to slight"
"","トラブル","trouble, difficulty, problem, quarrel, conflict, dispute, fight; failure (of an engine, machine, computer, etc.), breakdown, malfunction; (medical) condition, disorder, problem"
"仏教","ぶっきょう","Buddhism"
"機嫌","きげん","humour, humor, temper, mood, spirits; safety, health, well-being, one's situation; in a good mood, in high spirits, happy, cheery, merry, chipper"
"創始","そうし","creation, founding, initiating"
"容疑者","ようぎしゃ","suspect"
"後ろ姿","うしろすがた","(a person's) appearance from behind, person as seen from behind, back view, retreating figure"
"内閣","ないかく","cabinet (of a government), ministry"
"言い返す","いいかえす","to talk back, to answer back, to retort, to reply, to respond; to say over, to repeat (what one has said)"
"","モニター, モニタ","monitor (device, software or person), monitoring; person who gives feedback on products, television programs, etc., customer panel participant; (computer) monitor, display"
"輪郭","りんかく","contour, outline, silhouette; summary, outline, sketch; looks, features"
"敗北","はいぼく","defeat, loss, reverse, setback"
"歌手","かしゅ","singer"
"荒らす","あらす","to lay waste, to devastate, to damage; to invade, to break into; to troll (e.g. web forums), to spam"
"嘸","さぞ","surely, certainly, no doubt, must"
"来年","らいねん","next year"
"休暇","きゅうか","holiday, vacation, day off, time off, leave, furlough"
"手元","てもと","at hand, on hand, nearby, close at hand; way of moving one's arms, skill; money at hand, pocket money; grip, handle"
"電話番号","でんわばんごう","telephone number"
"心境","しんきょう","state of mind, mental state, mental attitude"
"咖哩","カレー, カリー","curry (esp. Japanese curry); rice and curry"
"","ハート","heart; hearts (suit)"
"違和感","いわかん","uncomfortable feeling, feeling out of place, sense of discomfort; malaise, physical unease"
"食欲","しょくよく","appetite (for food)"
"白人","はくじん","white person, Caucasian; beginner, amateur; unlicensed prostitute"
"花嫁","はなよめ","bride"
"火花","ひばな","spark"
"","ひょっとして","by any chance, (should) it happen (that), by some chance"
"谷間","たにま, たにあい","valley, ravine, gorge, chasm; cleavage (of breasts); part or place that has been left behind, blind spot, bottom (of society), (economic) trough, gap (in activity, one's work, etc.), lull, opening"
"紫色","むらさきいろ, ししょく","purple, violet"
"率","りつ","rate, ratio, proportion, percentage"
"動き出す","うごきだす","to start to move, to get going, to come alive"
"","パー","par; equivalence, face value, parity, par"
"障害","しょうがい","obstacle, impediment, hindrance, barrier, difficulty; disorder, defect, disability, handicap, impairment, dysfunction; steeplechase; obstacle race, steeplechase (athletics)"
"果物","くだもの, かぶつ","fruit"
"本心","ほんしん","true feelings, real intention, one's heart; one's right mind, one's senses, one's conscience"
"才","さい","ability, gift, talent, aptitude, genius; sai, traditional unit of volume, approx. 1.8 ml"
"洗濯","せんたく, せんだく","washing, laundry; relaxation, rejuvenation, melting away (of worries, fatigue, etc.)"
"付き","つき, づき, ツキ","furnished with, including; attached to; impression, appearance; luck; sociality; under, assistant (e.g. to a manager); soup base"
"体格","たいかく","build, physique, frame, constitution"
"断定","だんてい","conclusion, decision, judgement, declaration; affirmative"
"塗布","とふ","application (of ointment, etc.); coating"
"編集","へんしゅう","editing, compilation"
"","リボン","ribbon"
"臆病","おくびょう","cowardly, timid, easily frightened"
"名古屋","なごや","Nagoya (city)"
"草原","そうげん, くさはら, くさわら","grassy field, grassland, meadow; grass-covered plain, savannah, prairie, steppe"
"翻す","ひるがえす","to turn over; to change (one's mind), to reverse (one's decision), to take back (one's words), to retract (one's testimony, confession, etc.); to fly (a flag), to let (a skirt, cape, etc.) flap in the wind, to let flutter"
"","レーン","(vehicle) lane; lane (in swimming); bowling lane"
"宴","うたげ, えん","party, banquet, feast"
"フランス語","フランスご","French (language)"
"葬儀","そうぎ","funeral, funeral service"
"叶える","かなえる","to grant (request, wish), to answer (prayer); to fulfill (conditions), to meet (requirements)"
"正す","ただす","to correct, to rectify, to reform, to amend, to redress; to straighten (one's posture, collar, etc.), to adjust"
"","ドクター, ドクトル","doctor"
"祝福","しゅくふく","celebration (of a joyous occasion), blessing, giving one's blessing, wishing (someone) good luck; blessing (from God)"
"","ライオン","lion (Panthera leo)"
"補給","ほきゅう","supply, supplying, replenishment"
"卑しい","いやしい","lowborn, humble, lowly; vulgar, coarse, crude, mean, base, vile, despicable, dirty, unfair; shabby, poor-looking; greedy, gluttonous, avaricious"
"漁師","りょうし","fisherman"
"一般に","いっぱんに","generally, in general, widely, commonly, universally"
"","パス","passing (an examination, inspection, etc.); pass (for admission, transport, etc.), ticket; pass (of a ball); pass (ceding one's turn), giving (something) a pass"
"ご飯","ごはん","cooked rice; meal"
"分かれる","わかれる","to branch, to fork, to diverge; to separate, to split, to divide; to disperse, to scatter"
"妨げる","さまたげる","to disturb, to prevent, to obstruct, to hinder"
"滝川","たきがわ","rapids"
"ぶら下げる","ぶらさげる","to hang, to suspend, to dangle, to swing, to carry"
"中国人","ちゅうごくじん","Chinese person"
"先方","せんぽう, さきかた","other party, other side; ahead, in front; destination"
"貝","かい","shellfish; seashell, shell"
"極まる","きわまる","to reach an extreme, to reach a limit, to terminate, to come to an end; extremely; to be stuck, to be in a dilemma, to be at a loss; to be decided, to be settled"
"暗殺","あんさつ","assassination"
"","オーラ","aura"
"志","こころざし","will, resolution, intention, ambition, aim, goal; kindness, goodwill, kind offer; gift (as a token of gratitude)"
"傷口","きずぐち","(opening of a) wound, cut"
"","バイク","motorcycle, motorbike, bike; bicycle"
"","バンド","band (group of musicians); band (material), strap, (watch) bracelet; belt (clothing); (frequency) band"
"警察官","けいさつかん","police officer, policeman, policewoman"
"","うろうろ, ウロウロ","restlessly, aimlessly, without purpose; to loiter, to drift, to hang about doing nothing, to wander aimlessly, to be restless; to be restless, to fuss, to be in a fidget"
"正午","しょうご","noon, midday"
"","リズム, ルズム","rhythm"
"橘","たちばな, タチバナ","tachibana orange (Citrus tachibana)"
"","くっきり, クッキリ","clearly (standing out), distinctly, sharply, boldly, in sharp relief"
"奢る","おごる","to treat (someone) to (something), to give (someone) a treat, to buy (someone a meal, drink, etc.); to be extravagant, to live in luxury"
"我儘","わがまま","selfish, egoist; self-indulgent, wilful, willful"
"","ナポレオン","Napoleon; napoleon (Japanese trick-taking game)"
"真珠","しんじゅ","pearl"
"跨る","またがる","to straddle, to sit astride, to mount; to extend over, to spread over, to span, to extend into"
"掟","おきて","law, regulation, rule, code, agreement, arrangement, compact"
"現状","げんじょう","present condition, existing state, status quo, current state"
"弁解","べんかい","explanation (e.g. for one's actions), excuse, justification, defense, defence"
"利","り","advantage, benefit, profit, interest"
"懐中電灯","かいちゅうでんとう","(electric) torch, flashlight"
"夢にも","ゆめにも","(not) in the slightest, (not) at all"
"吹き出す","ふきだす","to spout out, to spurt out, to gush out, to jet out; to sprout, to bud; to burst into laughter; to blow (smoke, etc.); to send out shoots (of a tree)"
"芸術家","げいじゅつか","artist"
"坪","つぼ","tsubo, traditional unit of land area, approx. 3.3 square meters; tsubo, traditional unit of fabric or paper area, approx. 9.18 square centimeters; tsubo, traditional unit of leather or tile area, approx. 918 square centimeters; cubic tsubo (approx. 6 cubic metres)"
"蜜","みつ, みち","nectar; honey; honeydew; treacle, molasses; sorbitol (when visible as dark patches inside an apple)"
"射す","さす","to shine"
"防衛","ぼうえい","defense, defence, protection"
"金持ち","かねもち","rich person, wealthy person"
"引っ掛ける","ひっかける","to hang (something) on (something), to throw on (clothes); to hook, to catch, to trap, to ensnare; to cheat, to evade payment, to jump a bill; to drink (alcohol); to splash someone (with); to hit the ball off the end of the bat"
"強化","きょうか","strengthening, intensifying, reinforcement, enhancement, solidification; reinforcement"
"基本","きほん","basics, fundamentals, basis, foundation"
"兎もあれ","ともあれ","anyhow, in any case"
"探索","たんさく","search, lookup, hunt, (item of) research, exploration, investigation"
"能","のう","talent, gift, function; noh (theatre)"
"","トリック","trick"
"","ポイント","point (of a story, argument, etc.), key point, important part; point, site, spot; point (in scoring); point (in a loyalty program), points; (percentage) point; (decimal) point; switch, points; point (unit of type measurement); point (in a stock index); place where many fish gather; ace; (projectile) point; to point (at)"
"農家","のうか","farmer, farming family; farmhouse; School of Agrarianism (China), School of Agronomists"
"出版社","しゅっぱんしゃ","publisher, publishing house, publishing company"
"神秘","しんぴ","mystery, mysteriousness, secret"
"要請","ようせい","appeal, call for something, request, claim, demand; axiom"
"単位","たんい","unit, denomination; credit (in school); in units of (e.g. ""in thousands""), in amounts of"
"感激","かんげき","deep emotion, impression, inspiration"
"法則","ほうそく","law, rule"
"労働","ろうどう","labor, labour, work; Labour Party"
"取り掛かる","とりかかる","to begin (doing), to start, to set about, to get down to"
"滅びる","ほろびる","to go to ruin, to go under, to fall, to be destroyed, to die out, to become extinct, to perish"
"","リスト","list"
"頭痛","ずつう","headache"
"実在","じつざい","actual existence, real existence, existing in real life"
"閉じ込める","とじこめる","to lock up, to shut up, to imprison"
"","ちらちら, チラチラ, チラッチラッ","falling lightly (e.g. snow, petals, confetti), fluttering; flickering, twinkling, glimmering, sparkling, dazzling; appearing and disappearing, catching glimpses; glancing (repeatedly); (hear, see) from time to time, intermittently"
"大小","だいしょう","size; large and small (sizes), various sizes; daishō (matched pair of long and short swords); large and small drums; long months and short months; sic bo (Macao dice game), tai sai, dai siu, big and small"
"著者","ちょしゃ","author (usu. of a particular book), writer"
"","アルコール, アルコホル","alcohol; alcoholic drink, alcohol; (alcohol-based) hand sanitizer"
"浴衣","ゆかた, よくい","yukata, light cotton kimono worn in the summer or used as a bathrobe"
"扇子","せんす","folding fan"
"飢餓","きが","starvation, famine, hunger"
"交える","まじえる","to mix, to combine, to include; to exchange (words, fire, etc.); to cross (e.g. swords), to join together"
"元帥","げんすい","(field) marshal, (fleet) admiral, general of the army"
"予期","よき","expectation, anticipation, forecast"
"鎌倉","かまくら","Kamakura (city)"
"不倫","ふりん","adultery, impropriety, (an) affair, immorality"
"雅致","がち","artistry, good taste, elegance, grace"
"土手","どて","embankment, bank; beef sinew stewed in miso and mirin"
"放置","ほうち","leaving as is, leaving alone, leaving to chance, neglecting, abandoning"
"汚す","よごす, けがす","to pollute, to contaminate, to soil, to make dirty, to stain; to disgrace, to dishonour, to dishonor, to defile"
"敵意","てきい","hostility, animosity, enmity"
"七つ","ななつ","seven; seven years of age; four o'clock (old time system)"
"身の上","みのうえ","one's station in life, one's personal history, one's circumstances; one's lot, one's destiny, one's future"
"露骨","ろこつ","open, unconcealed, undisguised, blatant, plain, frank; broad, lewd, indecent, crude"
"内緒","ないしょ, ないしょう","secrecy, confidentiality, privacy, secret; one's circumstances (esp. fiscal); inner realization, personal enlightenment; kitchen"
"署名","しょめい","signature"
"誠実","せいじつ","sincere, honest, faithful"
"真っ先","まっさき","the head, the foremost, beginning, the very front"
"演説","えんぜつ","speech, address"
"高位","こうい","dignity, eminent, high ranking; high-order (digit, bit, etc.)"
"潤む","うるむ","to be wet (with tears), to be moist; to get dim, to become blurred, to get cloudy, to get muddy, to be bleared; to become tear-choked"
"頑丈","がんじょう","solid, firm, stout, burly, strong, sturdy"
"職場","しょくば","one's post, place of work, workplace"
"戦艦","せんかん","battleship"
"反抗","はんこう","opposition, resistance, insubordination, defiance, hostility, rebellion"
"","サングラス","sunglasses"
"色彩","しきさい","colour, color, hue, tints"
"高める","たかめる","to raise, to lift, to boost, to enhance"
"援助","えんじょ","assistance, aid, support"
"","マスク","(face) mask; (facial) features, looks; mask (e.g. for circuit etching)"
"代理","だいり","representation, agency, proxy; proxy, agent, representative, deputy, substitute, surrogate, stand-in"
"重み","おもみ","weight; weight (e.g. of someone's words), burden, grandeur, dignity; importance, significance"
"塾","じゅく","cram school, private tutoring school, juku"
"初めに","はじめに","first, firstly, first of all, to begin with, in the beginning, at the beginning; Introduction, Preface"
"暁","あかつき, あかとき","dawn, daybreak; event (e.g. ""in the event of ...""), occasion, occurrence"
"","メーカー, メーカ, メイカー","manufacturer (esp. a major company), producer, maker; maker (person or device that makes something)"
"膨れる","ふくれる","to swell (out), to expand, to be inflated, to distend, to bulge; to get cross, to get sulky, to pout"
"歳月","さいげつ","time, years"
"年月","としつき, ねんげつ","months and years"
"連載","れんさい","serialization, serialisation, serial story"
"気まぐれ","きまぐれ","whim, caprice, fancy; capricious, fickle, whimsical, impulsive, changeable, temperamental"
"囚われる","とらわれる","to be caught, to be captured, to be taken prisoner, to be arrested, to be apprehended; to be seized with (fear, etc.), to be a slave to, to stick to, to adhere to, to be swayed by"
"明後日","あさって, みょうごにち","day after tomorrow; wrong (e.g. direction)"
"人柄","ひとがら","personality, character, personal appearance, gentility"
"羽織","はおり","haori (Japanese formal coat)"
"広島","ひろしま, ヒロシマ","Hiroshima (city, prefecture)"
"双子","ふたご, そうし","twins, twin"
"改造","かいぞう","remodeling, remodelling, reconstruction, conversion, alteration, renovation, modification, reshuffling (e.g. a cabinet), reorganization, restructuring; modding"
"湯気","ゆげ","steam, vapour, vapor"
"差し掛かる","さしかかる","to come near (to), to approach; to be on the verge of, to be about to reach (a stage, period, etc.), to approach (e.g. a climax); to overhang, to hang over"
"些細","ささい","trivial, trifling, slight, insignificant"
"","そっか","oh, right, I see, OK, gotcha"
"気絶","きぜつ","faint, fainting, losing consciousness"
"団体","だんたい","group, party, team; organization, organisation, association, group, body, society"
"遺書","いしょ","note left by a dead person, suicide note, testamentary letter, will, testament; posthumous work"
"両眼","りょうがん","both eyes"
"","バタバタ, ばたばた","flapping, rattling, fluttering; (running) with a clatter, noisily, thrashing (around), floundering, flailing; (falling) one after another, in quick succession; busily, hurriedly, in a fluster, in a rush, rushing around, bustling about, scurrying; quickly, briskly, with dispatch; motorcycle, three-wheeler truck"
"滴","しずく","drop (e.g. of water), drip"
"諸国","しょこく","various countries, various regions, various provinces"
"一先ず","ひとまず","for now, for the time being, for the present; though not quite satisfactorily, after a fashion"
"阿弗利加","アフリカ","Africa"
"水中","すいちゅう","underwater"
"拍子","ひょうし","(musical) time, tempo, beat, rhythm; the moment, the instance, chance"
"表する","ひょうする","to express, to show"
"身近","みぢか","near oneself, close to one, familiar"
"悔いる","くいる","to regret"
"","サイズ","size"
"咳","せき, しわぶき","cough, coughing, tussis"
"制","せい","system, organization, organisation, imperial command, laws, regulation, control, government, suppression, restraint, holding back, establishment"
"刑","けい","penalty, sentence, punishment"
"包帯","ほうたい","bandage, dressing"
"程なく","ほどなく","soon, before long, shortly thereafter"
"圧倒","あっとう","to overwhelm (e.g. an opponent), to overpower, to crush, to defeat completely; to overwhelm (someone with emotion), to move, to impress, to fill with emotion; to intimidate, to frighten, to threaten"
"感嘆","かんたん","admiration, wonder, astonishment"
"","カメラマン","photographer; cameraman, camera operator, cinematographer"
"人口","じんこう","population; common talk"
"","コントロール","control"
"縦","たて, タテ","the vertical, height; front-to-back, length; north-to-south; vertical (relationship), hierarchy; (weaving) warp"
"","アット","@ sign, at sign"
"判","はん, ばん","seal, stamp, monogram signature; judgment, judgement; size (of paper or books)"
"","ミスター","mister, Mr"
"増やす","ふやす","to increase, to add to, to augment"
"基礎","きそ","foundation, basis"
"単語","たんご","word, vocabulary"
"電子","でんし","electron; electronic"
"釘","くぎ, クギ","nail, spike, tack, rivet, brad, (pachinko) pin"
"独楽","こま","spinning top"
"我が国","わがくに","our country, our land, one's own country"
"決め手","きめて","decider, person who decides; decisive factor, clincher, key, trump card, winning move, decisive blow, conclusive evidence"
"お世話になる","おせわになる","to receive favor, to receive assistance, to receive help, to be looked after, to be taken care of, to become dependent (on), to become much obliged (to someone), to become indebted"
"細胞","さいぼう, さいほう","cell; cell (in an organization, esp. a communist party)"
"頼りない","たよりない","unreliable, undependable, indefinite, vague; helpless, forlorn, forsaken; worried, uneasy"
"関東","かんとう","Kantō (region comprising Tokyo and surrounding prefectures); Kantō (eastern half of Japan; during the feudal era)"
"広さ","ひろさ","area, extent, dimensions, size; width, breadth"
"速さ","はやさ","speed, velocity, quickness, rapidity; earliness"
"描写","びょうしゃ","depiction, description, portrayal"
"再生","さいせい","restoration to life, coming to life again, resuscitation, regeneration; reformation, rehabilitation; recycling, reclamation, recovery; playback, regeneration (of video or sound), views (of an online video); regeneration (of lost or damaged tissue), regrowth; rebirth, reincarnation; recall (memory), retrieval"
"","ガタガタ, がたがた","rattling, clattering; trembling, shivering, quaking, wobbling, swaying; whining, grumbling, griping, bellyaching; rickety, shaky, wobbly, decrepit, ramshackle, broken down"
"硬直","こうちょく","stiffening, rigidity, rigor, stiffness, ossification, petrification"
"本名","ほんみょう, ほんめい","real name"
"知性","ちせい","intelligence"
"欲しがる","ほしがる","to appear to want to have (something), to obviously want, to seem to want, to indicate a wish for"
"欠片","かけら","fragment, broken piece, chip, splinter, shard; ounce (of truth, conscience, etc.), trace, shred, scrap"
"飛び上がる","とびあがる","to jump up, to leap up, to spring up; to fly up (into the sky), to soar up, to take off; to jump ahead, to skip ahead"
"俳優","はいゆう","actor, actress, player, performer"
"言い切る","いいきる","to declare, to assert, to state definitively; to finish saying, to say everything, to tell all, to finish one's sentence"
"懲りる","こりる","to learn by experience, to learn one's lesson, to learn the hard way; to be discouraged (by), to have enough (of), to be disgusted (with)"
"","ケーキ","cake"
"目が覚める","めがさめる","to wake up, to awake, to perk up, to snap out (of a day dream, etc.); to awaken (to the truth, etc.), to come to a realization, to come to one's senses"
"政治的","せいじてき","political"
