"県下","けんか","in the prefecture, prefectural"
"口ごもる","くちごもる","to hesitate to say, to mumble, to hem and haw, to falter"
"細かく","こまかく","minutely, finely"
"付いてくる","ついてくる","to follow, to come along with one, to accompany"
"対話","たいわ","dialogue, conversation, talk, discussion, communication"
"絶句","ぜっく, ぜく","being lost for words, becoming speechless; jueju (Chinese quatrain with lines of either five or seven syllables)"
"１０００円","せんえん","1000 yen"
"症状","しょうじょう","symptoms, condition (of a patient)"
"惚ける","とぼける","to play dumb, to feign ignorance, to play innocent, to have a blank facial expression; to play the fool; to be in one's dotage"
"神経質","しんけいしつ","nervous, highly strung, sensitive; fussy, worried about petty things"
"陰謀","いんぼう","plot, intrigue, scheme; conspiracy, agreement between two or more people to commit an unlawful act"
"進歩","しんぽ","progress, advance, improvement, development"
"楽器","がっき","musical instrument"
"追及","ついきゅう","investigation (e.g. into someone's guilt), questioning, pressing, hounding, pinning down; catching up, overtaking"
"戦力","せんりょく","war potential, military strength, fighting power; ability (to compete), capabilities, valuable asset"
"足取り","あしどり","gait, walk, stride, pace, step, manner of walking; trace (e.g. of route taken by hunted criminal), track, trail, movements"
"帰途","きと","on the way back, returning"
"どれ位","どれくらい, どれぐらい","how long, how far, how much"
"鉛筆","えんぴつ, エンピツ","pencil"
"風情","ふぜい, ふうじょう","taste, elegance, charm; appearance, air; the likes of ..., lowly people such as ..."
"","プログラム","program (of events, music, etc.), programme; program (booklet), brochure, pamphlet; (computer) program, programming"
"追跡","ついせき","chase, pursuit, tracking, stalking; following up, tracing"
"仮令","たとえ, たとい","even if, no matter (what), if, though, although, supposing, supposing that, -ever"
"看守","かんしゅ","prison guard, warder, jailer, gaoler"
"不可解","ふかかい","incomprehensible, mysterious, inexplicable, inscrutable, enigmatic, baffling"
"踵","かかと, きびす, くびす, あくと","heel (of foot, shoe, stocking, etc.)"
"頬","ほお, ほほ","cheek (of the face)"
"","レス","reply, response"
"仲良く","なかよく","on good terms (with), on friendly terms (with), (getting along) well, in harmony, happily, peacefully"
"","ゴール","goal (in soccer, hockey, etc.), basket (in basketball); finish line, finishing line, winning post; reaching the finish line, finishing (a race); goal, objective"
"救急車","きゅうきゅうしゃ","ambulance"
"","パトカー","patrol car, police car, squad car, cruiser"
"心細い","こころぼそい","helpless, forlorn, hopeless, unpromising, lonely, discouraging, disheartening"
"勘弁","かんべん","pardon, forgiveness, forbearance"
"血液","けつえき","blood"
"赤ちゃん","あかちゃん","baby, infant"
"注ぐ","そそぐ","to pour (into); to sprinkle on (from above), to water (e.g. plants), to pour onto, to spray; to shed (tears); to concentrate one's energy (strength, attention, etc.) on, to devote to, to fix (one's eyes) on; to flow into (e.g. of a river), to run into, to drain into; to fall (of rain, snow), to pour down"
"越し","ごし","across, over, beyond, through, crossing; throughout (a period of time), for"
"打撃","だげき","blow, shock, strike, damage; batting"
"承諾","しょうだく","consent, approval, acceptance, agreement, compliance"
"脅迫","きょうはく","threat, menace, coercion, blackmail"
"転じる","てんじる","to turn, to shift, to switch, to change, to alter"
"線路","せんろ","railway track, railway line, railroad, railway, track, line"
"聖書","せいしょ","Bible, the Scriptures, Holy Writ"
"溝","どぶ, ドブ","ditch, drain, gutter, trench; gap (between cutting guides)"
"","ピン","pin (e.g. hairpin, safety pin); (bowling) pin; pin, flagstick"
"手続き","てつづき","procedure, process, proceedings, formalities"
"","ちゃう, じゃう","to do completely; to do accidentally, to do without meaning to, to happen to do"
"突破","とっぱ","breaking through, breakthrough, penetration; surmounting (a difficulty), overcoming, getting over, accomplishing (an aim), reaching (a goal); exceeding, passing, rising above"
"勇敢","ゆうかん","brave, courageous, gallant, valiant, heroic"
"","スタート","start, beginning; starting (e.g. a race), departing, starting point, starting line"
"信念","しんねん","belief, faith, conviction"
"問屋","とんや, といや","wholesale store, wholesale dealer, wholesaler"
"尋常","じんじょう","common, usual"
"太刀","たち","long sword (as opposed to the shorter katana); tachi, sabre-like sword worn on the hip with the blade facing down"
"威力","いりょく","power, might, authority, influence"
"坂道","さかみち","hill road"
"相違","そうい","difference, discrepancy, variation"
"笠","かさ","conical hat (East-Asian style), coolie hat; something shaped like a conical hat or an umbrella, shade (of a lamp), mushroom cap, pileus"
"文字通り","もじどおり","literally, to the letter; literal"
"大衆","たいしゅう","general public, the masses"
"","フォード","ford; Ford (car)"
"元来","がんらい","originally, essentially, naturally, by nature, really, actually; in the first place, to begin with"
"南方","なんぽう","the south, southward, southern direction; countries in the south (esp. Southeast Asia and the pre-WWII South Pacific Mandate)"
"寺院","じいん","Buddhist temple; religious building, church, cathedral, mosque"
"左様なら","さようなら, サヨウナラ, さよーなら, サヨーナラ","farewell, adieu, goodbye, so long"
"","ポーズ","pose; pose, posturing, pretence, (an) act"
"","リーダー, リーダ","leader; leaders, dotted line, ellipsis"
"無人","むじん, ぶにん, むにん","unmanned, uninhabited, unattended, deserted; shorthandedness, lack of help"
"実る","みのる","to bear fruit, to ripen; to produce (good) results, to show results, to bear fruit"
"生き生き","いきいき","in a lively way, vividly, freshly, animatedly, actively, energetically"
"向き","むき","direction, orientation, aspect, exposure; suited to, suitable for, designed for; tendency, inclination; nature (of a request or desire); person"
"","タイトル","title"
"青山","せいざん, あおやま","lush mountain, green mountain; grave, burial place"
"亀","かめ, カメ","tortoise, turtle; heavy drinker; turtle crest, turtle mon"
"悲惨","ひさん","disastrous, tragic, miserable, wretched, pitiful, woeful, outrageous"
"配慮","はいりょ","consideration, concern, attention, thoughtfulness, making arrangements, care, trouble"
"最期","さいご","one's last moment, one's death, one's end"
"至る所","いたるところ","everywhere, all over, throughout"
"","のろのろ","slowly, sluggishly"
"一筋","ひとすじ","one line, one stretch (e.g. of road), one strand (e.g. of hair), one beam (e.g. of light), one ray, one length (e.g. of rope); earnest, resolute, intent, devoted, single-minded; one bloodline, one clan; ordinary, common"
"紅葉","こうよう","leaves turning red (in autumn), red leaves, autumn colours, fall colors"
"燃料","ねんりょう","fuel"
"羽","はね, は","feather, plume, down; wing; blade (of a fan, propeller, etc.); shuttlecock (in badminton); shuttlecock (in hanetsuki); arrow feathers"
"批評","ひひょう","criticism, critique, review, commentary"
"","ドキドキ, どきどき, どきんどきん, ドキンドキン","thump-thump, bang-bang, pit-a-pat, pitapat, pitter-patter; to beat fast (of one's heart), to throb, to pound, to palpitate"
"仕上げる","しあげる","to finish up, to complete, to finish off, to get through, to polish off"
"蝉","せみ, せび, セミ","cicada, locust; small-sized pulley"
"沖縄","おきなわ","Okinawa (city, prefecture)"
"樹木","じゅもく","tree, trees and shrubs"
"","キャスター, キャスタ","caster; newscaster, news anchor, anchorman, anchorwoman"
"緊急","きんきゅう","urgency, emergency"
"","ライフル","rifle"
"乏しい","とぼしい, ともしい","meagre, meager, scarce, limited, destitute, hard up, lacking, scanty, poor"
"","ステージ","stage (platform); performance, show; stage (phase), part; stage, level"
"県警","けんけい","prefectural police"
"工作","こうさく","handicraft; work, construction, manufacturing; maneuvering, manoeuvering"
"濡らす","ぬらす","to wet, to moisten, to dampen, to soak, to dip"
"相棒","あいぼう","partner, pal, accomplice"
"布哇","ハワイ","Hawaii, Hawai'i"
"桜花","おうか, さくらばな","cherry blossom"
"一連","いちれん","series, chain, sequence; two reams (i.e. 1000 sheets of paper); verse, stanza"
"農民","のうみん","farmer, peasant"
"この内","このうち, このなか","among these, between these, of these; in here, in this"
"盾","たて","shield, buckler, escutcheon, pretext"
"埋葬","まいそう","burial"
"少","しょう","small, little, few"
"回避","かいひ","evasion, avoidance; recusal (of a judge)"
"疑わしい","うたがわしい","doubtful, questionable, uncertain, disputable, suspicious"
"以内","いない","within, inside of, less than"
"徹底","てってい","thoroughness, completeness, consistency; thorough enforcement, seeing to it that a policy, etc. is carried out without exception"
"制御","せいぎょ","control (of a machine, device, etc.); control (over an opponent, one's emotions, etc.), governing, management, suppression, keeping in check"
"曰く","いわく","pretext, history, past, story; according to ..., ... says"
"峠","とうげ","(mountain) pass, highest point on a mountain road, ridge; peak (e.g. of summer), worst (e.g. of an illness), crisis, critical point, most difficult part"
"","パターン, パタン","pattern; behavioural pattern, behavioral pattern, predictability, force of habit"
"出鱈目","でたらめ, デタラメ","nonsense, irresponsible remark, codswallop, hogwash, rubbish; random, haphazard, unsystematic"
"頑固","がんこ","stubborn, obstinate, pigheaded"
"僧侶","そうりょ","priest, monk, bonze"
"専用","せんよう","(one's) exclusive use, private use, personal use; dedicated use, use for a particular purpose; exclusive use (of particular products), using only (e.g. a certain brand), using solely"
"就職","しゅうしょく","finding employment, getting a job"
"正常","せいじょう","normal, regular"
"恐縮","きょうしゅく","feeling (much) obliged, being (very) grateful, being thankful; feeling sorry (for troubling someone), feeling ashamed (e.g. of an error), feeling embarrassed (e.g. by someone's compliments, hospitality, etc.); shrinking back in fear"
"暑さ","あつさ","heat (of the weather), hotness"
"","ヨット","yacht (esp. a sailing boat with one mast), sailing boat, sailboat"
"北方","ほっぽう","the north, northward, northern direction; northern part (e.g. of a country), northern district"
"封","ふう","seal"
"合流","ごうりゅう","confluence (of rivers), flowing together, joining; joining (of people, groups, parties, etc.), union, linking up, merging (e.g. of traffic), meeting (up)"
"騒動","そうどう","riot, rebellion, turmoil, strife; (media) uproar, brouhaha, (public) outcry, scandal, controversy; feud, tussle, quarrel, dispute"
"目下","めした","subordinate, subordinates, inferior, inferiors, junior"
"毎朝","まいあさ, まいちょう","every morning"
"未亡人","みぼうじん, びぼうじん","widow"
"麦","むぎ","wheat, barley, oat (oats)"
"通訳","つうやく","interpretation (i.e. oral translation); interpreter"
"衣類","いるい","clothes, clothing, garments"
"滅ぼす","ほろぼす","to destroy, to overthrow, to wreck, to ruin"
"","まあまあ","so-so, passable, not (so) bad, reasonable; now, now, there, there, there now; my, my, oh my!, dear me!"
"怠惰","たいだ","lazy, idle, indolent, slothful"
"行方不明","ゆくえふめい","missing (of a person), lost, unaccounted for, whereabouts unknown"
"","ローン","loan"
"良き","よき","goodness; good"
"","さよなら, サヨナラ","goodbye, so long, farewell; saying goodbye to (e.g. life as a bachelor), putting an end to, parting with; farewell (performance, party, etc.), final, last, game-winning (e.g. hit)"
"見当たる","みあたる","to be found"
"年後","ねんご","years later"
"会員","かいいん","member, the membership"
"進出","しんしゅつ","advance (into a new market, industry, etc.), expansion (into), launch (into), entering, making inroads (into); advance (to the next round of a competition)"
"所詮","しょせん","after all, in the end, anyway; (cannot) possibly, (not) at all, (not) by any means, (not) ever"
"是非とも","ぜひとも","by all means, at all costs, absolutely"
"有力","ゆうりょく","influential, prominent, leading; strong, powerful, likely, plausible, promising, convincing, substantial"
"政策","せいさく","political measures, policy"
"静める","しずめる","to quiet (a child, crowd, etc.), to quieten, to make quiet; to calm (one's nerves, excitement, etc.), to compose (oneself), to appease (someone's anger), to pacify, to settle (e.g. discord); to suppress (a rebellion, riot, fire, etc.), to quell, to put down, to get under control; to relieve (a cough, pain, etc.), to soothe, to alleviate, to ease; to appease (a spirit, soul, etc.), to pacify, to soothe"
"遡る","さかのぼる","to go upstream, to go up (a river); to go back (to the past or origin), to date back (to), to trace back (to), to be retroactive (to)"
"産業","さんぎょう","industry; livelihood, occupation"
"","ベランダ, ベランダー","balcony; veranda, verandah, porch"
"現地","げんち","actual place, actual location, the spot, the scene, the field, (on) site; place where one is currently living"
"最終的","さいしゅうてき","final, eventual, ultimate"
"名付ける","なづける","to name, to call, to christen, to term"
"思いやる","おもいやる","to sympathize with, to sympathise with, to feel for, to be considerate of, to show consideration for, to bear in mind; to think of (a far-off person, place, etc.), to cast one's mind to; to worry about, to feel anxious about, to be concerned about"
"受理","じゅり","acceptance"
"海賊","かいぞく","pirate"
"","セーター, スエーター, スウェーター","sweater, jumper"
"根本","こんぽん, こんぼん","root, source, origin; foundation, basis, essence"
"小人","こびと","dwarf, midget, pygmy"
"武者","むしゃ","warrior"
"従兄弟","いとこ, じゅうけいてい","cousin (male)"
"揺さぶる","ゆさぶる","to shake, to jolt, to rock, to swing, to sway; to shake (e.g. the political world), to disturb, to shock, to upset; to put off a batter (by varying one's type of pitch)"
"聞き取る","ききとる","to catch (someone's words), to make out, to follow, to understand; to ask about (a situation, circumstances, etc.), to inquire"
"魅力的","みりょくてき","charming, fascinating, attractive"
"個性","こせい","individuality, personality, quirk, idiosyncrasy, character, individual characteristic"
"想像力","そうぞうりょく","(power of) imagination"
"振動","しんどう","oscillation, vibration, swing (e.g. of a pendulum)"
"巧妙","こうみょう","ingenious, skillful, clever, deft"
"相撲","すもう, すまい","sumo (wrestling); sumo wrestler, rikishi"
"芝","しば","lawn, sod, turf"
"都内","とない","within the (Tokyo) metropolitan area"
"有効","ゆうこう","valid, effective; yuko (judo)"
"航海","こうかい","(sea) voyage, navigation, sailing, passage, cruise"
"本日","ほんじつ","today, this day"
"中断","ちゅうだん","interruption, suspension, break"
"海上","かいじょう, かいしょう","(on the) sea, surface of the sea"
"","ジャケット, ジャケツ","jacket; book jacket, dust cover; CD jacket, record jacket"
"婚約","こんやく","engagement, betrothal"
"大工","だいく","carpenter"
"論文","ろんぶん","thesis, essay, treatise, paper, article"
"平野","へいや","plain, open field"
"陽光","ようこう","sunshine, sunlight"
"泣き声","なきごえ","cry (e.g. of a baby), sob, whine; tearful voice, weepy voice"
"側面","そくめん","side, flank, profile, sidelight, lateral; aspect, dimension"
"草臥れる","くたびれる","to get tired, to become exhausted, to grow weary; to become worn out, to become battered (from long use); to get tired of (doing), to get fed up with"
"","ヘルメット","helmet, hard hat, protective headgear"
"日曜","にちよう","Sunday"
"小説家","しょうせつか","novelist, fiction writer"
"企てる","くわだてる","to plan, to plot, to propose, to design, to intend, to contemplate; to attempt (e.g. suicide, murder), to undertake (e.g. business); to stand on tip-toes"
"無縁","むえん","unrelated, unconnected, irrelevant, indifferent, divorced from, having nothing to do with one, being foreign to one; without relations (esp. of a deceased person), having no surviving relatives; unrelated to the teachings of Buddha, unable to be saved by Buddha"
"委ねる","ゆだねる","to entrust (a matter) to, to leave to; to abandon oneself to (e.g. pleasure), to yield to (e.g. anger), to devote oneself to"
"進化","しんか","evolution; evolution, becoming more advanced, progress, development, improvement"
"","ミサイル","missile"
"白衣","はくい, びゃくえ, びゃくい, はくえ, しろきぬ, しろぎぬ","white clothes, white robe; white gown (worn by doctors, chemists, etc.); commoner without rank (in ancient China); layperson"
"山道","やまみち, さんどう, せんどう","mountain road, mountain trail"
"金貨","きんか","gold coin"
"教科書","きょうかしょ","textbook, coursebook, schoolbook"
"裏側","うらがわ","the reverse (side), back (side), other side, hidden side, behind the scenes"
"敗戦","はいせん","defeat, lost battle, losing a war"
"威厳","いげん","dignity, majesty, solemnity, gravity"
"桁","けた","column, beam, girder, crossbeam, spar, yard; digit, decade, order of magnitude"
"混ざる","まざる","to be mixed, to be blended with, to associate with, to mingle with, to join"
"舵","かじ","rudder, helm"
"今晩","こんばん","tonight, this evening"
"注意深い","ちゅういぶかい","attentive, cautious, careful, watchful"
"卓","たく, しょく","table, desk; counter for tables, desks, etc.; offering table before an altar (sometimes used in tea ceremony); tabletop incense burner"
"手すり","てすり","handrail, railing, banister"
"","カップル","couple"
"響き","ひびき","echo, reverberation; sound (esp. the distinctive sound of an object or activity, e.g. rain, gun, gallop, drum), noise; quality of a sound (e.g. a fine phrase, clear voice, resonant bell), feeling of a sound, emotion or feeling inspired by something heard or read"
"","ドラゴン","dragon (as depicted in Western myths)"
"同時","どうじ","same time; simultaneous, concurrent, synchronous"
"回収","かいしゅう","collection, recovery, withdrawal, retrieval"
"揺らぐ","ゆらぐ","to swing, to sway, to shake, to tremble; to waver, to feel shaken, to become unstable"
"軍艦","ぐんかん","warship, battleship"
"映す","うつす","to project, to reflect, to cast (shadow)"
"夕刻","ゆうこく","evening, evening hour"
"見返す","みかえす","to look (stare) back at (someone); to look at again, to re-examine; to prove oneself superior (to someone who had previously been condescending), to put a person to shame, to get one's own back; to look back (behind oneself)"
"口々に","くちぐちに","each and every person (saying), one and all, unanimously, in unison, separately, individually"
"高速","こうそく","high-speed, rapid, express; highway, freeway, expressway, motorway"
"対策","たいさく","measure, step, countermeasure, counterplan, countermove, strategy, preparation (e.g. for a test)"
"未練","みれん","lingering attachment, lingering affection, regret, reluctance, ruefulness"
"善くも","よくも","how dare ..., how could ...; surprisingly, unexpectedly"
"独自","どくじ","original, unique, distinctive, characteristic, peculiar; independent, one's own, personal"
"縮める","ちぢめる","to shorten, to reduce, to condense, to shrink; to crumple (fabric), to wrinkle; to make (one's body) smaller, to draw in (one's legs), to duck (one's head)"
"靡く","なびく","to bend, to flutter, to wave; to yield to, to be swayed by, to bow to, to obey"
"打ち合わせる","うちあわせる","to knock together, to strike against each other; to arrange (e.g. a meeting), to discuss (in advance)"
"発明","はつめい","invention; intelligent, clever, smart"
"乗り越える","のりこえる","to climb over, to get over, to cross (a mountain); to overcome (a difficulty, obstacle, etc.), to surmount, to get through (an illness, crisis, etc.), to get over (e.g. one's pain); to surpass (a predecessor), to overtake"
"札幌","さっぽろ","Sapporo (city in Hokkaido)"
"最終","さいしゅう","last, final, closing; last train (bus, flight, etc.; of the day)"
"採る","とる","to adopt (a method, proposal, etc.), to take (a measure, course of action, etc.), to decide on; to pick (e.g. flowers), to gather (e.g. mushrooms), to catch (e.g. insects); to extract (e.g. juice), to take (e.g. a sample); to assume (an attitude); to take on (workers, students), to employ, to hire; to draw in (e.g. water), to let in (e.g. light from a window)"
"作り上げる","つくりあげる","to build up, to complete, to construct, to create, to put together; to make up, to fabricate, to invent, to cook up"
"研ぐ","とぐ","to sharpen, to hone, to whet, to grind; to wash (rice); to scour, to polish, to burnish"
"大学生","だいがくせい","university student, college student"
"順調","じゅんちょう","favourable, favorable, doing well, OK, all right"
"傾斜","けいしゃ","inclination, slant, slope, bevel, list, dip, tilt, lean"
"休息","きゅうそく","rest, relief, relaxation"
"無関心","むかんしん","apathetic, indifferent, nonchalant, callous"
"","だっけ","was it?, I think it was ..., if I've got it right, if I'm not mistaken, remind me, tell me again; (I, we) used to ..., I remember ..., it was ..."
"","スタンド","stands, bleachers; stand (e.g. newspaper stand), counter (e.g. lunch counter); stand (e.g. inkstand); desk lamp, floor lamp, standard lamp; station (e.g. gas station)"
"対面","たいめん, たいめ","meeting face-to-face, seeing in person; facing (each other), opposing (traffic, etc.), confronting"
"容赦","ようしゃ","pardon, forgiveness, tolerance, overlooking; leniency, mercy, going easy (on someone)"
"静けさ","しずけさ","stillness, silence, quiet, hush, calm, serenity"
"欠点","けってん","fault, defect, flaw, weak point, weakness, shortcoming, drawback; failure (in an examination), failing grade"
"学院","がくいん","institute, academy"
"重苦しい","おもくるしい","heavy (feeling, etc.), gloomy (weather, etc.), oppressive (atmosphere, etc.), stifling, strained"
"人民","じんみん","the people, citizens, the populace"
"調整","ちょうせい","adjustment, regulation, coordination, reconciliation, tuning, fixing, tailoring"
"肯定","こうてい","affirmation; affirmative"
"計","けい","plan; meter, measuring device; (in) total, total (of)"
"裏口","うらぐち","backdoor, rear entrance, rear exit; unauthorized, illicit, illegal"
"新田","しんでん, あらた","new rice field, newly developed rice field; wasteland or marshland newly reclaimed as a rice field (Edo period)"
"医学","いがく","medical science, medicine"
"夕暮れ","ゆうぐれ","evening, dusk, twilight"
"着陸","ちゃくりく","landing, alighting, touch down"
"設置","せっち","establishment, institution; installation (of a machine or equipment)"
"気のせい","きのせい","(just) one's imagination"
"発音","はつおん","pronunciation; production of sound"
"葬る","ほうむる, ほうぶる","to bury, to inter, to entomb; to cover up, to hush up, to shelve"
"加速","かそく","acceleration, speeding up"
"製造","せいぞう","manufacture, production"
"格","かく","status, position, rank; method, way, style; rule, regulation, law; case; figure (form of a syllogism)"
"前提","ぜんてい","condition, assumption, prerequisite, hypothesis; intention, intent, aim, goal; premise"
"熱中","ねっちゅう","being enthusiastic about, being wild about, being absorbed in, being engrossed in, being devoted to"
"容赦なく","ようしゃなく","mercilessly, relentlessly, unsparingly"
"防御","ぼうぎょ","defense, defence, safeguard, protection"
"手綱","たづな","reins, bridle; control, the reins (on)"
"掲載","けいさい","publication (e.g. of an article in a newspaper), carrying (e.g. a story), running (e.g. a serial), insertion (e.g. of an advertisement), printing, posting (e.g. on the web)"
"支配人","しはいにん","manager, executive"
"東北","とうほく, ひがしきた","north-east; Tōhoku (northernmost six prefectures of Honshu), Tohoku"
"無線","むせん","radio (communication); wireless, not using wires"
"扇","おうぎ, おおぎ","folding fan"
"年下","としした","younger, junior"
"使命","しめい","mission, errand; task, duty, obligation"
"要は","ようは","in short, the point is, the important thing is, in a word, basically"
"帰化","きか","naturalization, naturalisation"
"前夜","ぜんや","last night, the previous night; night before (Christmas, etc.), eve (of festival, major event, etc.)"
"決","けつ","decision, vote"
"剣士","けんし","swordsman, swordswoman, fencer"
"組み合わせる","くみあわせる","to put together, to combine, to join together, to join up; to match against (e.g. in a sport)"
"落ち込む","おちこむ","to feel down, to feel sad, to be depressed, to be in low spirits; to be in a slump (business, economy, etc.), to be in an unfavourable condition; to fall into (e.g. a hole)"
"格別","かくべつ, かくべち","particular, special, exceptional, especial; particularly, especially, exceptionally"
"","おっさん, オッサン","middle-aged man; Buddhist priest"
"","ジャー","vacuum bottle, thermos; jar"
"身辺","しんぺん","one's person, around one's person"
"","シーツ","sheet, bed sheet"
"遭遇","そうぐう","encounter, running into, meeting with (e.g. an accident), being confronted with (e.g. a difficulty)"
"居場所","いばしょ","whereabouts, place, location; place where one belongs, where one fits in, place where one can be oneself"
"群がる","むらがる","to swarm, to gather"
"お早う","おはよう, おはよー","good morning"
"台湾","たいわん","Taiwan"
"","そうですが","that's so, however ..."
"労働者","ろうどうしゃ","worker; (manual) laborer, labourer, blue-collar worker"
"灰皿","はいざら","ashtray"
"命中","めいちゅう","(direct) hit, hitting the mark"
"道理","どうり","reason, logic, sense, truth, right"
"有する","ゆうする","to have, to possess, to own, to be endowed with"
"総会","そうかい","general meeting"
"一座","いちざ","the whole company, the party, all those present, everyone in attendance; attendance (at a gathering), presence; banquet, dinner, party; troupe, (theatrical) company; (one) statue; top seat, head (of the table)"
"所為","せい, せえ","consequence, outcome, result, blame, fault"
"創造","そうぞう","creation; Creation (by God)"
"空襲","くうしゅう","air-raid"
"","シリーズ, シーリーズ","series"
"願望","がんぼう, がんもう","desire, wish, aspiration"
"","ねた, ネタ","material (for a story, article, etc.), information, news item; joke, jest, (comedy) routine, made-up story, material; proof, evidence; (magician's) trick, secret; ingredients (esp. for sushi); (Internet) meme"
"","ダイヤ, ダイア","diamond"
"新聞社","しんぶんしゃ","newspaper company"
"呑気","のんき, ノンキ","easy, easygoing, carefree, happy-go-lucky, optimistic, leisurely, careless, thoughtless"
"根ざす","ねざす","to come from, to have roots in"
"調べ","しらべ","investigation, inspection, examination; tune, note, melody"
"上がったり","あがったり","doomed (business, trade, etc.), in a bad state, poor"
"停戦","ていせん","armistice, ceasefire"
"同国","どうこく","same country, same province; the (said) country"
"原油","げんゆ","crude oil"
"脳死","のうし","brain death"
"売買","ばいばい","trade, buying and selling, trafficking (e.g. of humans, arms, drugs), dealing"
"有権者","ゆうけんしゃ","(eligible) voter, elector, constituent, the electorate; holder of a right, rightsholder, right holder; bigwig, person with political clout"
"国債","こくさい","national debt, national securities, government bonds, government securities"
"債権","さいけん","credit, claim"
"訪日","ほうにち","visit to Japan"
"有","ゆう","existence; possession, having; limited company"
"上院","じょういん","upper house, upper legislative chamber, senate"
"首位","しゅい","first place, head position, leading position"
"引き上げ","ひきあげ","pulling up, drawing up, salvage, re-flotation; raising, increase, upward revision; repatriation, evacuation"
"市立","しりつ, いちりつ","municipal, city"
"振興","しんこう","promotion, encouragement"
"白書","はくしょ","white paper (government report)"
"会期","かいき","session (of a legislature)"
"国務長官","こくむちょうかん","Secretary of State"
"空爆","くうばく","aerial bombing"
"公定歩合","こうていぶあい","official discount (bank) rate"
"公立","こうりつ","public (institution)"
"本音","ほんね","real intention, motive, true opinion, what one really thinks"
"工学","こうがく","engineering"
"残高","ざんだか","(bank) balance, remainder"
"発電所","はつでんしょ","power plant, power station"
"飯","めし","cooked rice; meal, food; one's living, livelihood"
"欄","らん","section (e.g. in a newspaper), column, page; field (in a form, web page, etc.), blank; handrail, railing, banister, balustrade"
"冠","かんむり, かん, かむり, かんぶり","traditional cap worn by Shinto clergy and courtiers; crown, diadem, coronet; top kanji radical; first verse of a haikai, etc.; best, peerless, first; name, title, named sponsorship of a program, event, team, etc.; counter for titles"
"件数","けんすう","number of cases, incidents, items, messages, accounts, etc."
"南アフリカ","みなみアフリカ","South Africa"
"用地","ようち","site"
"利回り","りまわり","interest, (investment) yield, profits"
"良","りょう","good (quality, condition, etc.); Good (grade), B"
"柄","がら","pattern, design; body build, figure, physique; essential qualities, character, nature; appropriate to, fitting of, suitable for"
"概算","がいさん","approximation, rough estimate, ballpark figure"
"操業","そうぎょう","operation (of a machine, factory, fishing boat, etc.), work"
"草案","そうあん","draft (for a speech, bill, etc.)"
"免疫","めんえき","immunity, immunization, immunisation; being hardened (to), being unaffected (by), being accustomed (to)"
"何人","なにびと, なんびと, なんぴと","anyone, any person, whoever"
"貸出","かしだし","lending, loaning"
"採算","さいさん","profit"
"酸性","さんせい","acidity; acidic"
"油田","ゆでん","oil field"
"一括","いっかつ","lumping together, summing up, bundle, lump, batch"
"著作権","ちょさくけん","copyright"
"市議会","しぎかい","city council"
"棄権","きけん","abstention (from voting), renunciation (of a right), withdrawal (from a contest)"
"議決","ぎけつ","resolution, decision, vote"
"灯","ひ","light, lamp"
"週休","しゅうきゅう","weekly holiday"
"運航","うんこう","operation (of a ship or aircraft route), service, navigation, flight"
"就労","しゅうろう","working, being employed, being hired"
"食生活","しょくせいかつ","eating habits"
"復旧","ふっきゅう","restoration, restitution, rehabilitation"
"分科会","ぶんかかい","subcommittee, subworking group, breakout session"
"民主的","みんしゅてき","democratic"
"引き締め","ひきしめ","tightening"
"祝日","しゅくじつ","national holiday, public holiday"
"利率","りりつ","interest rate"
"稲作","いなさく","rice cultivation, rice crop"
"歌詞","かし","song lyrics, words of a song, libretto"
"半額","はんがく","half the amount (of money), half price, half fare"
"甲","こう","carapace, shell; 1st in rank, grade A; instep, back of hand; the A party (e.g. in a contract), the first party, plaintiff (label in legal documents)"
"冷夏","れいか","cool summer, cold summer, cooler-than-normal summer"
"安売り","やすうり","bargain sale, selling cheaply, selling at a low price; giving out (too) readily, handing out freely, selling (oneself) short"
"洗剤","せんざい","detergent, cleanser, cleaning agent, washing material"
"閉会","へいかい","closure (of a ceremony, event, meeting, etc.)"
"動植物","どうしょくぶつ","plants and animals, flora and fauna"
"重体","じゅうたい","serious condition, critical condition"
"教え","おしえ","teaching, instruction, teachings, precept, lesson, doctrine"
"意思決定","いしけってい","decision-making"
"隔たり","へだたり","distance, interval, gap, difference, estrangement"
"救命","きゅうめい","lifesaving"
"高血圧","こうけつあつ","high blood pressure, hypertension"
"直し","なおし","correction, rectification; mending, repair"
"併合","へいごう","merger, joining into one, amalgamation, melding, merging, annexation, absorption"
"流動的","りゅうどうてき","fluid, unsettled"
"工程","こうてい","process, operation, stage of a process, progress of work"
"超過","ちょうか","excess, surplus, exceeding (a limit, estimate, etc.), going over"
"提起","ていき","raising (a question), posing (a problem), bringing up (an issue), presenting; instituting (a lawsuit), lodging, filing (a claim), submitting (a case); lifting up"
"内面","ないめん","inside, interior; (within) one's mind, one's soul, one's heart"
"過熱","かねつ","superheating, overheating"
"勧め","すすめ","recommendation, advice, suggestion, encouragement"
"月収","げっしゅう","monthly income"
"信頼性","しんらいせい","credibility, authenticity, confidence, reliability"
"税法","ぜいほう","taxation law"
"全盛","ぜんせい","height of prosperity"
"創出","そうしゅつ","creation, generation"
"早","はや","already, now, by this time; quick, early, fast, rapid"
"小売","こうり","retail"
"行き過ぎ","いきすぎ, ゆきすぎ","going too far, going to extremes"
"棚上げ","たなあげ","shelving (a matter, plan, etc.), pigeonholing, tabling, putting aside, putting on hold; keeping (goods) off the market (to adjust the supply-demand balance)"
"引き下げる","ひきさげる","to pull down, to lower, to reduce, to withdraw"
"燃費","ねんぴ","fuel consumption, gas mileage"
"応急","おうきゅう","emergency, first-aid"
"開館","かいかん","opening (for that day's business; of a library, museum, cinema, etc.); opening (of a new library, museum, cinema, etc.)"
"人類学","じんるいがく","anthropology"
"励み","はげみ","encouragement, incentive, stimulus"
"一人歩き","ひとりあるき","taking on a life of its own (of a rumour, etc.); walking by oneself, taking a walk by oneself; walking unaided, being able to walk without help; standing on one's own feet, being independent, taking care of oneself"
"試行錯誤","しこうさくご","trial and error"
"時給","じきゅう","hourly pay, hourly wage"
"倍増","ばいぞう","doubling, double"
"免税","めんぜい","tax exemption, duty exemption"
"学童","がくどう","schoolchild, pupil; after-school childcare"
"希少","きしょう","scarce, rare"
"年齢層","ねんれいそう","age range, age-group, age bracket"
"配送","はいそう","delivery"
"急成長","きゅうせいちょう","rapid growth"
"多発","たはつ","repeated occurrence, frequently occurring"
"食費","しょくひ","food expenses, money for food, charge for board"
"通行止め","つうこうどめ","closure (of a road), suspension of traffic; Road Closed, No Through Road, closed to traffic"
"一新","いっしん","complete change, reform, restoration, remodeling, remodelling, renewal"
"査定","さてい","assessment (of value, damages, etc.), revision (of a budget)"
"仕立て","したて","tailoring, sewing, cut; (special) preparation; teaching, training"
"市政","しせい","municipal government"
"女神","めがみ","goddess"
"税引き","ぜいびき, ぜいひき","after (deduction of) tax, after-tax (income or profits), excluding tax (of a price)"
"遅延","ちえん","delay, latency"
"完売","かんばい","selling out, being sold out"
"少数意見","しょうすういけん","minority opinion"
"火曜","かよう","Tuesday"
"改訂","かいてい","revision (of text), alteration, change"
"断熱","だんねつ","insulation"
"競合","きょうごう","contention, competition, rivalry, quarrel"
"再考","さいこう","reconsideration"
"手直し","てなおし","adjustment, tweaking, improvement, modification, tinkering, minor alteration, correction"
"人中","ひとなか","society, company, the public, the world"
"塗り替える","ぬりかえる","to repaint, to paint again, to paint (a different colour); to change completely, to break (a record), to redraw (e.g. the map), to remake"
"比","ひ","ratio, proportion; match, equal, equivalent, comparison; compared with ..., relative to ...; Philippines; explicit comparison (style of the Shi Jing)"
"風通し","かぜとおし, かざとおし","ventilation; communication (within an organisation), openness"
"原本","げんぽん","the original, original copy, script"
"公金","こうきん","public funds"
"生成","せいせい","creation, generation, formation, derivation"
"創造的","そうぞうてき","creative"
"動画","どうが","video (esp. digital), video clip, clip; animation, animated cartoon; in-betweens (animation)"
"背泳ぎ","せおよぎ","backstroke (swimming)"
"娘婿","むすめむこ","son-in-law"
"法律事務所","ほうりつじむしょ","law office, law firm"
"共用","きょうよう","common use, communal use, sharing"
"食中毒","しょくちゅうどく","food poisoning"
"信号機","しんごうき","traffic light, traffic signal; signal (mechanism), semaphore (apparatus)"
"電気製品","でんきせいひん","electronic goods"
"配線","はいせん","wiring"
"負荷","ふか","burden; load (electrical, CPU, etc.)"
"本調子","ほんちょうし, ほんじょうし","one's normal condition, one's usual state; keynote (esp. shamisen), proper key"
"税込み","ぜいこみ","including tax (of a price), pretax (income or profits), before tax"
"留め金","とめがね","clasp, latch, catch, fastener"
"囲い","かこい","enclosure, fence, wall, pen, paling; storage (of fruit, vegetables, etc.); partitioned area of a room for conducting tea ceremonies; mistress; castle, strong defensive position"
"委任","いにん","entrusting, charge, delegation, authorization"
"掛け","かけ","credit; money owed on an account, bill; hanger, holder, rest, rack, peg, hook, stand; in the process of (doing), midway through, half-(done); on the verge of, just about to; hot noodles in broth; wholesale price as a proportion of the list price (in tenths)"
"開校","かいこう","opening a school"
"英知","えいち","wisdom, intelligence, sagacity"
"顔負け","かおまけ","being put to shame, being outshone, being eclipsed, feeling embarrassed"
"手引書","てびきしょ","handbook, manual, guide, primer"
"増水","ぞうすい","rising water (of river, lake, etc.), swelling water, increased water, high water"
"利かせる","きかせる","to bring out (the effect of), to put to good use, to make use of (e.g. threats), to use (e.g. intimidation), to take advantage of (e.g. one's influence), to season (with salt, etc.), to put in; to use (tact, wit, etc.), to exercise, to display"
"交通網","こうつうもう","transportation network, transport network, traffic network"
"試食","ししょく","sampling food, tasting, trying"
"純金","じゅんきん","pure gold, solid gold, fine gold"
"陣痛","じんつう","labour pains, labor pains, birth pains, contractions"
"日本式","にほんしき","Japanese style; Nihon-shiki romanization (of Japanese)"
"煩雑","はんざつ","complex, intricate, complicated, confused, troublesome, vexatious, cumbersome"
"余命","よめい","remainder of one's life, one's remaining days, time left (to live)"
"書き込み","かきこみ","writing; entry (e.g. to a form); posting (e.g. to a blog)"
"時流","じりゅう","fashion (current) of the times, general drift of affairs"
"帳消し","ちょうけし","writing off (a debt), cancellation, balancing the books; cancelling out (gains or losses), making even, making up (for), offsetting, undoing, wiping out"
"行楽地","こうらくち","tourist resort, holiday resort"
"緑茶","りょくちゃ","green tea, Japanese tea"
"月日","つきひ","time, years, days, (one's) life; the Moon and the Sun"
"食パン","しょくパン","(loaf of) bread, bread in a rectangular shape"
"衣食住","いしょくじゅう","food, clothing and shelter, necessities of life"
"死語","しご","dead language, extinct language; obsolete word, dated word, word that has become passé"
"無税","むぜい","duty-free, tax-free"
"書式","しょしき","prescribed form (of writing), format"
"便秘","べんぴ","constipation"
"塩水","しおみず, えんすい","salt water, brine"
"売り手","うりて","seller, vendor"
"熟語","じゅくご","kanji compound; idiom, idiomatic phrase"
"返品","へんぴん","returned goods, returning purchased goods"
"漢詩","かんし","Chinese poem, Chinese poetry"
"性病","せいびょう","sexually transmitted disease, STD, sexually transmitted infection, STI, venereal disease, VD"
"用例","ようれい","example, illustration"
"筋違い","すじちがい","cramp, sprain, crick, strain (muscle); unreasonableness, absurdity; illogical, unreasonable; misdirected, misplaced, wrong (of estimate, guess)"
"過小評価","かしょうひょうか","underestimation, undervaluation"
"大麦","おおむぎ, オオムギ","barley (Hordeum vulgare)"
"警報器","けいほうき","alarm (fire, burglar, railroad-crossing, etc.), sensor"
"朝晩","あさばん","morning and evening; all the time, always, every day, day and night"
"刈り取る","かりとる","to mow, to reap, to harvest"
"亡夫","ぼうふ","deceased husband, late husband"
"雨漏り","あまもり","roof leak"
"添削","てんさく","correction, looking over, touching up"
"脇役","わきやく","supporting role (actor), minor role"
"上り下り","のぼりくだり, のぼりおり","going up and down, ascent and descent, climb and descent"
"超音速","ちょうおんそく","supersonic speed"
"分割払い","ぶんかつばらい","payment by installments, payment by instalments, hire-purchase"
"翌週","よくしゅう","the following week, the next week"
"開拓者","かいたくしゃ","pioneer, settler, colonist"
"滑り台","すべりだい","(playground) slide; (ship) launching platform, sliding ways, slipway"
"定規","じょうぎ","(measuring) ruler"
"洋書","ようしょ","Western book"
"短め","みじかめ","shortish, rather short, somewhat short"
"水牛","すいぎゅう, スイギュウ","water buffalo (Bubalus bubalis), domestic Asian water buffalo; wild water buffalo (Bubalus arnee), Asian water buffalo"
"軽食","けいしょく","light meal, snack, refreshments"
"升","ます, マス","measuring container, measuring box, measure; box (seating at a theatre, etc.); square on a grid, cell of a grid; square bearing block (at the top of a pillar)"
"誤字","ごじ","misprint, misspelling, typo, typographical error, erratum"
"若人","わこうど, わかうど, わかびと","young person"
"共稼ぎ","ともかせぎ","(husband and wife) earning a living together"
"割り勘","わりかん","splitting the cost, splitting the bill, Dutch treat"
"月並み","つきなみ, げつじ","every month; trite, commonplace, conventional, hackneyed"
"相撲取り","すもうとり, すまいとり","sumo wrestler, rikishi"
"不朽","ふきゅう","everlasting, immortal, eternal, enduring, undying, imperishable"
"乗り回す","のりまわす","to drive (a car) around, to ride (a bicycle) around"
"静粛","せいしゅく","silent"
"楽隊","がくたい","band, orchestra"
"類人猿","るいじんえん","anthropoid ape, anthropoid, ape"
"新雪","しんせつ","fresh snow, new snow"
"雨具","あまぐ","rain gear"
"絶交","ぜっこう","breaking off a relationship, permanent breach of friendship, rupture"
"Ｘ線","エックスせん","X-ray"
"呆ける","ボケる, ぼける","to grow senile, to be childish with age; to be mentally slow, to be befuddled; to play stupid, to say something stupid (oft. on purpose; esp. as part of a comedic routine)"
"腹いっぱい","はらいっぱい","having a full stomach, being full; to one's heart's content"
"お大事に","おだいじに","take care of yourself, get well soon"
"","カーネーション, カーネージョン","carnation (Dianthus caryophyllus)"
"","コミュニティ, コミュニティー","community"
"","コメディ, コメディー","comedy"
"","セルフサービス, セルフ・サービス","self-service"
"","テクノロジー, テクノロジ","technology"
"","ハイウェイ, ハイウェー, ハイウエー, ハイウエイ","highway"
"","ピンポン","ping-pong, table tennis"
"","プリンタ, プリンター","printer"
"","マネー","money"
"","レクリエーション, レクレーション, レクリェーション, リクリエーション, リクリェーション","recreation; re-creation"
"","レシート","receipt, cash-register slip"
"悪気","わるぎ","ill will, malice, evil intent"
"位","くらい","throne, crown, (nobleman's) seat; government position, court rank; social standing, rank, class, echelon, rung; grade (of quality, etc.), level, tier, rank; position of a figure (e.g. tens, thousands), digit, (decimal) place"
"遺失物","いしつぶつ","lost article, lost property"
"右上","みぎうえ","upper right"
"荷札","にふだ","label, tag"
"角","つの, ツノ","horn, antler; antenna, feeler, tentacle (e.g. of a snail); horn-like projection (e.g. peaks of whipped cream)"
"寒暖計","かんだんけい","thermometer"
"近日","きんじつ","soon, in a few days"
"消防署","しょうぼうしょ","fire station"
"乗り越す","のりこす","to ride past (one's stop), to overshoot; to climb over, to get over; to overtake (a vehicle), to pass"
"前","ぜん","last (i.e. immediately preceding), previous, ex-, former; pre- (e.g. premodern); before; before, earlier"
"努めて","つとめて","as much as possible, as far as possible, to the best of one's ability, diligently"
"日の入り","ひのいり","sunset"
"浮かれる","うかれる","to make merry, to be festive"
"副詞","ふくし","adverb"
"仏","ほとけ, ホトケ","Buddha, Shakyamuni; Buddhist image, figure of Buddha; the dead, dead person, departed soul; merciful person"
"某","ぼう","certain, one; I, me"
"北米","ほくべい","North America"
"洒落る","しゃれる","to dress stylishly; to joke, to play on words"
"選り分ける","よりわける, えりわける","to classify, to sort out, to sift through"
"吹き出物","ふきでもの","(skin) eruption, rash, pimple, spot, acne, boil"
"不幸せ","ふしあわせ","unhappiness, misfortune, ill luck"
"自営業","じえいぎょう","independent business, self-employment"
"年取った","としとった","old (person), aged"
"内向的","ないこうてき","introverted, withdrawn"
"お手数","おてすう, おてかず","trouble, bother"
"意思疎通","いしそつう","(reciprocal) communication, (coming to a) mutual understanding"
"販売員","はんばいいん","sales staff, salesperson"
"未","み","not yet, un-"
"飢え死に","うえじに, かつえじに","(death from) starvation, starving to death"
"くっ付ける","くっつける","to attach, to stick together, to paste, to glue; to place together, to put side by side; to make (someone) get married, to get (someone) hitched"
"","ずらす","to shift, to move, to slide; to move (an appointment, meeting, etc.), to bring forward, to put back, to put off, to delay, to postpone, to stagger (e.g. working hours)"
"","びしょびしょ, びちょびちょ, ビショビショ, ビチョビチョ","soaked, drenched, sopping, soppy, wet; incessantly (raining), drizzling"
"","アプリケーション, アプリケイション","application, application software; application, putting into use; application, request, petition"
"","アンプ","amp, ampere; amplifier"
"","インプット","input"
"","ウインタースポーツ, ウィンタースポーツ, ウインター・スポーツ, ウィンター・スポーツ","winter sports"
"","エコロジー, エコロジ","ecology; environmental movement, environmentalism"
"","エスニック","ethnic"
"","カメレオン","chameleon"
"","カリキュラム","curriculum"
"","ガリバー","Gulliver; preeminent example of its kind"
"","ガリレオ","Galileo"
"","クオート, クォート","quart"
"","クロス","cross; crossing, intersecting; cross (soccer)"
"","グランドピアノ, グランド・ピアノ","grand piano"
"","コーヒーショップ, コーヒー・ショップ","coffee shop"
"","コールドゲーム, コールド・ゲーム","called game"
"","コメディアン","comedian"
"","ゴールイン, ゴール・イン","reaching the winning post, reaching the finish, making the goal; getting married"
"","サーブ","serve; serving (e.g. of food)"
"","シーン","scene, sight; scenario, setting"
"","ジン","gin"
"","スキーヤー","skier"
"","ステッカー, ステッカ","sticker, (adhesive) label"
"","スパイス","spice"
"","センセーション","sensation"
"","ソナタ","sonata"
"","デンバー, デンヴァー","Denver"
"","トースター","toaster"
"","トラクター, トラクタ","tractor"
"","トランペット","trumpet"
"","ドラッグストア, ドラックストア, ドラッグストアー, ドラックストアー","drugstore, pharmacy"
"","ニッケル","nickel (Ni)"
"","ノンストップ","nonstop (journey)"
"","ハリケーン, ハリケイン","hurricane"
"","バクテリア, バクテリヤ","bacteria, bacillus, germ"
"","バトン","baton (relay, orchestral conducting, etc.)"
"","パスワード","password"
"","ビーフ","beef"
"","プリズム","prism"
"","ヘッドホン, ヘッドフォン, ヘッドホーン, ヘッドフォーン","headphone, headphones"
"","ヘビー, ヘヴィ, ヘビイ","heavy"
"","ヘロイン","heroin"
"","ペニシリン","penicillin"
"","ホイール, ホイル","wheel (esp. of a vehicle)"
"","ホッケー","(field) hockey"
"","ホワイトカラー, ホワイト・カラー","white-collar (worker)"
"","ボウリング, ボーリング","bowling (esp. tenpin)"
"","マイカー, マイ・カー","one's own car, privately owned car"
"","マヤ","Maya (ancient Indian tribe in Central America)"
"","ラジウム","radium (Ra)"
"","リレー","relay"
"","ルックス","looks"
"","レスキュー","rescue"
"","レスリング","wrestling"
"","レセプション, リセプション","reception"
"","ロースト","roast"
"","ローラースケート, ローラー・スケート","roller skating, roller skates"
"燥ぐ","はしゃぐ","to make merry, to frolic, to be in high spirits"
"捥ぐ","もぐ","to pluck (esp. by twisting from a tree), to pick (e.g. apples)"
"","リストラ","(corporate) restructuring; downsizing, laying off (workers)"
"お持て成し","おもてなし","hospitality, reception, treatment, service, entertainment; (light) refreshment, entertaining with food and drink, treat"
"","セラピー","therapy"
"","からって, からとて","just because, even if, even though"
"驕る","おごる","to be proud, to be haughty, to be arrogant, to be conceited, to brag, to show off"
"","ウォッカ, ウオッカ, ウオツカ, ウォトカ, ヴォトカ, ウォツカ, ウオトカ, ヴォッカ, ヴォドカ, ヲッカ","vodka"
"","ホット","hot; (hot) coffee"
"透かさず","すかさず","without a moment's delay, at once, immediately, instantly, promptly, without hesitation"
"粗末","そまつ","crude, rough, plain, humble, shabby, poor-quality, low-quality"
"整う","ととのう","to be ready, to be prepared, to be arranged; to be in order, to be put in order, to be well-ordered, to be well-proportioned, to be harmonious; to be adjusted, to be regulated, to be refined (e.g. of a face); to be settled (e.g. treaty, contract), to be completed"
"祭壇","さいだん","altar"
"注ぐ","つぐ","to pour (into a vessel), to fill (a cup, bowl, etc.) with, to dish out (food or drink)"
"","くるくる, クルクル","whirling, revolving, spinning, going round and round; coiling around, winding around, rolling around; working tirelessly, working hard; constantly changing"
"阿蘭陀","オランダ","Netherlands, Holland"
"後者","こうしゃ","the latter, the second; successor, descendant"
"獅子","しし","lion; left-hand (stone) guardian lion-dog at a Shinto shrine"
"善良","ぜんりょう","good (person, nature, etc.), good-natured, virtuous, honest"
"輸送","ゆそう","transport, transportation, transit, conveyance"
"一時的","いちじてき","temporary, transitory, short-lived"
"役員","やくいん","director, executive; officer, official, person in charge"
"天狗","てんぐ","tengu, red-faced and long-nosed goblin said to reside deep in the mountains; bragging, conceit, braggart, boaster, conceited person"
"縺れる","もつれる","to tangle, to get tangled, to get entangled; to have poor control over (one's tongue, feet, etc.), to trip over; to become complicated, to become difficult, to become tricky, to get into a tangle, to become messy"
"帰還","きかん","return (home), repatriation; feedback (in an electronic circuit, biological system, etc.)"
"日光","にっこう","sunlight, sunshine, sunbeams; Nikkō (city in Tochigi)"
"予約","よやく","reservation, appointment, booking, advance order; contract, subscription, pledge; programming (e.g. a device), setting (e.g. a timer)"
"重力","じゅうりょく","gravity, gravitation, gravitational pull"
"靴下","くつした","socks, sock, stockings, stocking"
"","フロア, フロアー","floor; dance floor; sales floor; floor (of a building), storey, story"
"儚い","はかない","fleeting, transient, short-lived, momentary, ephemeral, fickle, vain; empty (dream, etc.), mere (hope), faint (possibility)"
"入手","にゅうしゅ","acquisition, obtaining, procurement, getting (hold of)"
"自動","じどう","automatic; intransitive verb"
"降下","こうか","descent, fall, drop, (atmospheric) depression; passing down (of an order, decree, etc.)"
"不在","ふざい","absence; disregard, indifference"
"悪さ","わるさ","badness, mean mischief"
"蚊","か, カ","mosquito"
"慈悲","じひ","mercy, compassion, clemency, pity, charity, benevolence; rufous hawk-cuckoo, northern hawk-cuckoo"
"大木","たいぼく","large tree"
"軍団","ぐんだん","army corps, corps"
"共同","きょうどう","cooperation, collaboration, association, partnership, (acting in) unison; community, communal use, common possession, sharing"
"","ナンバー","number; number plate, license plate"
"従来","じゅうらい","up to now, so far; traditional, conventional, usual, existing"
"証","あかし","proof, evidence, sign, testimony, testament (to something), vindication; witnessing, testifying, testimony"
"設備","せつび","equipment, facilities, installation, accommodations, conveniences, arrangements"
"","ボックス","box, container, bin; box (in a theatre), booth (in a restaurant, etc.), (orchestra) pit; small rectangular building (e.g. telephone box); rectangular field area (e.g. batter's box, catcher's box); box (calfskin); central 4x4 area (othello)"
"複数","ふくすう","plural, multiple; plural (number)"
"原理","げんり","principle, theory, fundamental truth"
"異変","いへん","unusual event, strange occurrence, strange phenomenon, something abnormal, change (for the worse), accident, disaster"
"規則","きそく","rule, regulation"
"嫁ぐ","とつぐ","to marry (of a woman), to become a bride, to marry into (a family); to have sexual intercourse"
"狸","たぬき, タヌキ","tanuki (Nyctereutes procyonoides), raccoon dog; sly dog, sly old fox, sly fox, cunning devil, sly person"
"幼子","おさなご","infant, baby, little child"
"葉書","はがき, ハガキ","postcard; memo, note, card"
"三男","さんなん","three sons; third son"
"米軍","べいぐん","US armed forces"
"繭","まゆ","cocoon"
"花火","はなび","fireworks"
"突き刺す","つきさす","to stab, to stick, to pierce, to thrust"
"収容","しゅうよう","accommodation, taking in, receiving, housing, seating, admission (of patients, students, etc.); imprisonment, detention, internment; containing (e.g. words in a dictionary), adding"
"親類","しんるい","relative, relation, kin"
"戦闘機","せんとうき","fighter (aircraft)"
"茶の間","ちゃのま","(Japanese-style) living room"
"一刻","いっこく","a moment, a minute, an instant; stubborn, obstinate"
"教養","きょうよう","(understanding or appreciation of) culture, (one's) education, cultivation, sophistication, refinement"
"","じっくり","(slowly and) carefully, without haste, thoroughly, deliberately, closely, meticulously"
"恩","おん","favour, favor, obligation, debt of gratitude"
"費","ひ","cost, expense"
"廃墟","はいきょ","ruins (of a building, town, etc.), remains"
"","キャンプ","camp, camping"
"反撃","はんげき","counterattack, counteroffensive, counterblow"
"家出","いえで","running away from home, elopement; outing, going out; becoming a Buddhist monk, entering the priesthood"
"","オール","all; (pulling an) all-nighter, staying up all night"
"突如","とつじょ","suddenly, all of a sudden, unexpectedly"
"脂","あぶら","fat, tallow, lard, grease"
"侯","こう","marquis, second highest rank of the five ranks of nobility; daimyo"
"莫大","ばくだい","vast, huge, immense, enormous, colossal; malva nut (Scaphium affine)"
"指令","しれい","order, directive, instructions, command"
"今晩は","こんばんは, こんばんわ","good evening"
"直径","ちょっけい","diameter"
"足早","あしばや","fast (walking), quick, brisk; quick (passing of time), rapid, swift"
"","デッキ","deck (of a ship); deck (attached to a building); platform (at the end of a railway passenger car), vestibule; observation deck (esp. at an airport); tape deck; deck (of cards)"
"頻繁","ひんぱん","frequent, incessant"
"良心","りょうしん","conscience"
"","すっきり, スッキリ","refreshingly, with a feeling of relief, pleasantly, (a weight) off one's shoulder; shapely, neatly, refinedly; cleanly, without trouble; clearly, plainly, distinctly; completely, thoroughly; not at all (with negative sentence), not even slightly"
"嫌らしい","いやらしい, やらしい","unpleasant, disagreeable, nasty; lewd, lascivious, obscene, filthy, dirty"
"","キング","king; king; king (chess piece)"
"否","いや","no"
"翁","おきな, おう","old man, venerable gentleman; venerable, old, father"
"電波","でんぱ, デムパ, デンパ","radio wave, reception, signal; saying strange things"
"河原","かわら","dry riverbed, river beach"
"限りない","かぎりない","unlimited, endless, boundless, infinite"
"同級生","どうきゅうせい","classmate"
"興味深い","きょうみぶかい","very interesting, of great interest"
"強制","きょうせい","compulsion, coercion, forcing (to do), enforcement"
"上体","じょうたい","upper body"
"由来","ゆらい","origin, source, history, derivation; originally, from the start, by nature"
"吸収","きゅうしゅう","absorption, suction, attraction"
"炎","ほのお, ほむら","flame, blaze; flames (of intense emotion, e.g. love, jealousy, anger), passion"
"皆様","みなさま","everyone"
"分野","ぶんや","field, sphere, realm, division, branch"
"包丁","ほうちょう","kitchen knife; cooking, food"
"","ミルク","milk; infant formula, formula, baby milk; condensed milk"
"数学","すうがく","mathematics"
"肉体的","にくたいてき","bodily, physical, corporeal; sexual, sensual, of the flesh"
"こいつ等","こいつら","these guys, these fellows"
"食料","しょくりょう","food"
"異国","いこく","foreign country"
"敷地","しきち","site, plot, lot, grounds"
"","ランド","land"
"籍","せき","one's family register, one's domicile; nationality; membership (club, party, etc.)"
"大砲","たいほう","(large) gun, cannon, artillery; long-ball hitter, home-run hitter"
"幾度","いくど, いくたび","(how) many times, (how) often"
"とは限らない","とはかぎらない","not necessarily so, is not always true, there is no guarantee that..., there is no telling"
"見直す","みなおす","to look at again; to re-examine (policy, estimate, plan, etc.), to review; to get a better opinion of, to see in a more positive light; to improve, to recover (market, illness, etc.)"
"胴体","どうたい","trunk, torso, body; body (of an aircraft), fuselage, hull (of a ship)"
"数時間","すうじかん","a few hours, several hours, a couple of hours"
"街路","がいろ","road, street, avenue"
"下町","したまち","low-lying part of a city (usu. containing shops, factories, etc.); Shitamachi (low-lying area of eastern Tokyo near Tokyo Bay, incl. Asakusa, Shitaya, Kanda, Fukugawa, Honjo, Nihonbashi, Kyobashi and surrounds)"
"箇所","かしょ","place, point, part, spot, area, passage, portion; counter for places, parts, passages, etc."
"火星","かせい","Mars (planet)"
"転がす","ころがす","to roll, to wheel, to trundle, to drive (a car); to turn over, to tip over, to throw down; to leave; to buy and sell (quickly for a profit)"
"書房","しょぼう","study, library; bookstore, bookshop, publishing company"
"解く","ほどく","to undo, to untie, to unfasten, to unlace, to unravel, to loosen, to unpack"
"大理石","だいりせき","marble"
"中原","ちゅうげん","middle of a field, middle of a country, field of contest"
"大物","おおもの","important person, influential figure, big shot, big name, bigwig, heavyweight; big thing, big one, big game, big catch, whopper, valuable thing"
"辞意","じい","intention to resign"
"","タール","tar"
"末端","まったん","end, tip, extremities, terminal; rank and file, part of an organisation furthest from the centre"
"稲妻","いなずま, いなづま","lightning, flash of lightning, lightning bolt"
"括弧","かっこ, カッコ","brackets, parentheses"
"店長","てんちょう","shop manager"
"麻布","あさぬの, まふ","hemp cloth, linen"
"紙袋","かみぶくろ, かんぶくろ","paper bag"
"読書","どくしょ, とくしょ","reading (books)"
"鼻先","はなさき","tip of nose; before one's eyes, under one's nose, in front of; tip (of something)"
"極","ごく","quite, very; 10^48, quindecillion"
"","ぶるぶる, ブルブル","trembling (with fear, anger, etc.), shivering (with cold), shaking, quivering"
"生々しい","なまなましい","vivid (memory, description, etc.), fresh, graphic, raw, true-to-life, first-hand (experience); fresh (blood, scar, etc.), still new, recent, just occurred"
"清潔","せいけつ","clean, hygienic, sanitary; pure, virtuous, immaculate"
"考慮","こうりょ","consideration, taking into account"
"","ブラック","black; black (coffee); exploitative (company), overly harsh, abusive, oppressive, unethical; boldface, blackface, heavy-faced type"
"収穫","しゅうかく","harvest, crop, ingathering; fruits (of one's labors), gain, result, returns; catch (fishing), bag (hunting), haul"
"反する","はんする","to be contrary (to), to go against, to run counter (to), to contradict, to be opposite (to); to infringe, to violate, to transgress; to disobey (an order, teachings, etc.), to defy, to rebel, to revolt"
"支持","しじ","support, backing, endorsement, approval; propping up, holding up, support"
"双","そう","pair"
"研究室","けんきゅうしつ","laboratory; seminar room; professor's office"
"虹","にじ","rainbow"
"修道院","しゅうどういん","monastery, convent, cloister, abbey"
"大人しい","おとなしい","gentle, quiet, mild, meek, obedient, docile, well-behaved, tame; quiet (color, pattern, etc.), sober"
"生意気","なまいき","impertinent, saucy, cheeky, impudent, audacious, cocky, pert, brash"
"演出","えんしゅつ","direction (of a play, film, etc.), production; organization (of an event), arrangement, staging (for effect), orchestration"
"交互","こうご","alternate, alternating"
"携える","たずさえる","to carry in one's hand, to carry with one, to have on one's person, to bear; to take along (someone), to take (someone) with one, to be accompanied by"
"鋏","はさみ, ハサミ","scissors, shears, clippers; hole punch"
"","ピント","focus (of a lens), focal point; point (of a discussion, e.g. on-point, off-point)"
"小山","こやま","hill, knoll"
"報告書","ほうこくしょ","(written) report"
"使用人","しようにん","employee, servant"
"出勤","しゅっきん","going to work, leaving for work, attendance (at work), being at work, presence (in the office), reporting for work"
"再現","さいげん","reappearance, reemergence, return, revival; reproduction, reenactment, recreation"
"蓄える","たくわえる","to store, to save up, to stock up on, to lay in stock, to set aside; to accumulate (e.g. knowledge), to build up (e.g. experience), to develop (e.g. one's skills); to grow (a beard, moustache, etc.), to wear"
"奈良","なら","Nara (city, prefecture)"
"連邦","れんぽう","federation (of states), confederation, commonwealth, union"
"牛乳","ぎゅうにゅう","(cow's) milk"
"不良","ふりょう","bad, poor, inferior, defective; delinquent, hoodlum, hooligan"
"１年生","いちねんせい","first-year student, first-year pupil; beginner, novice, newcomer, person who has been in a role for less than a year; annual; annual plant"
"排気","はいき","exhaust, emission (of gas from an engine); expulsion (of air), ventilation"
"凶器","きょうき","dangerous weapon, lethal weapon, deadly weapon, murder weapon"
"境遇","きょうぐう","one's circumstances, environment, situation (in life)"
"所在","しょざい","location (of), position, whereabouts, place where one is"
"殺気","さっき","thirst for blood, bloodlust, determination to kill"
"撤退","てったい","evacuation, withdrawal, revocation, repeal, retreat"
"屈辱","くつじょく","disgrace, humiliation"
"","ワンピース","dress; one-piece (e.g. swimsuit)"
"合点","がてん, がってん","consent, assent, understanding, agreement, comprehension, grasp"
"礼儀","れいぎ","manners, courtesy, etiquette"
"外人","がいじん, ガイジン","foreigner (esp. one of European ancestry), gaijin; outsider"
"判決","はんけつ","judicial decision, judgement, judgment, sentence, decree"
"十両","じゅうりょう","second highest division, wrestlers of the second highest division"
"齢","よわい","(one's) age"
"庶民","しょみん","common people, ordinary people, masses"
"事前","じぜん","prior, beforehand, in advance, before the fact, ex ante"
"丸っきり","まるっきり","completely, absolutely, totally, (not) at all"
"執筆","しっぴつ","writing, authoring"
"外野","がいや","outfield; outfielder; outfield bleachers; third party, outsider, onlooker, bystander"
"教わる","おそわる","to be taught, to learn, to take lessons in"
"金銭","きんせん","money, cash"
"知的","ちてき","intellectual"
"大野","おおの","large field"
"漸く","ようやく","finally, at last; barely, narrowly, hardly, only just; gradually, little by little, by degrees"
"情景","じょうけい","spectacle, sight, scene"
"中世","ちゅうせい","Middle Ages (in Japan esp. the Kamakura and Muromachi periods), medieval times, mediaeval times"
"脈","みゃく","pulse; vein; chain (of mountains, etc.); hope; thread (of an argument)"
"規定","きてい","stipulation, prescription, provision, regulation, rule; normal (unit of normality); compulsory exercise (in gymnastics), compulsory routine, compulsory dance (figure skating), (a) compulsory"
"交わる","まじわる","to cross, to intersect, to join, to meet; to associate with, to mingle with, to consort with; to have a sexual relationship, to copulate"
"再開","さいかい","reopening, resumption, restarting"
"青空","あおぞら","blue sky"
"鉢","はち","bowl, pot, basin; flowerpot; crown, brainpan"
"見失う","みうしなう","to lose sight of, to miss"
"披露","ひろう","announcement, presentation, demonstration, displaying, showing, introducing, unveiling, revealing, performing"
"身なり","みなり","dress, attire, clothing, getup, outfit, personal appearance"
"損なう","そこなう","to harm, to hurt, to injure, to damage, to spoil, to mar, to ruin; to fail to do, to do amiss, to miss one's opportunity to do; to almost do, to come close to doing"
"兼ねる","かねる","to be unable to, to find difficult (unpleasant, awkward, painful) to do; to serve two or more functions or roles simultaneously, to contain (or combine) two or more features; to work in two or more jobs simultaneously (positions, etc.), to do alongside; to hesitate to do something (out of consideration for others); to think of the future (as well as the present)"
"目的地","もくてきち","destination (one is heading towards), goal"
"","マネージャー, マネジャー, マネージャ","manager; person in a (school or university) sports team in charge of administrative and miscellaneous duties"
"冷酷","れいこく","cruelty, coldheartedness, relentless, ruthless"
"閉じこもる","とじこもる","to seclude oneself, to shut oneself away"
"地下鉄","ちかてつ","subway, metro, underground (railway)"
"変身","へんしん","metamorphosis, disguise, transformation, shapeshifting, morphing"
"","フランク","frank, candid"
"経営者","けいえいしゃ","manager, proprietor"
"人種","じんしゅ","race (of people); type of person"
"燕","つばめ, つばくらめ, つばくら, つばくろ, ツバメ","swallow (bird of the Hirundinidae family), martin; barn swallow (Hirundo rustica); younger man involved with an older woman, boy toy"
"委員長","いいんちょう","chairperson (of a committee), chair, chairman, chairwoman, president"
"冷ややか","ひややか","cold, chilly, cool; cold (attitude, stare, etc.), frigid, indifferent, distant, surly, curt; composed, cool, calm"
"悠々","ゆうゆう","quiet, calm, leisurely, composed; easily, comfortably, without difficulty; distant, far-off, boundless, endless, eternal"
"組合","くみあい","association, union, guild"
"形態","けいたい","form, shape, figure; morph"
"","てっきり","surely, certainly, without doubt"
"結末","けつまつ","end, conclusion"
"始終","しじゅう","continuously, from beginning to end, from first to last"
"短刀","たんとう","short sword, knife, dagger, dirk, tantō"
"降伏","こうふく","surrender, capitulation, submission; yield"
"購入","こうにゅう","purchase, buying"
"戦略","せんりゃく","strategy, tactics"
"数多く","かずおおく","in great numbers"
"委員","いいん","committee member"
"我が家","わがや, わがいえ","one's house, one's home, one's family"
"拝見","はいけん","seeing, looking at"
"お客様","おきゃくさま","guest, visitor; customer, client, shopper, spectator, audience, tourist, sightseer, passenger"
"","ミセス, ミセズ","Mrs"
"三枚","さんまい","three flat objects (sheets of paper, pieces of cloth, etc.); cutting a fish into two boneless fillets and a piece with the skeleton"
"移る","うつる","to move (house), to transfer (department); to change the target of interest or concern; to elapse (passage of time); to be permeated by a colour or scent; to be infected, to be contagious, to spread (as in fire)"
"別々","べつべつ","separate, respective, different"
"淀む","よどむ","to stagnate; to settle (at the bottom), to deposit, to be sedimented; to become sluggish, to become dull, to become stale; to be delayed, to hesitate, to falter, to stammer, to stumble"
"蠅","はえ, ハエ","fly (any insect of infraorder Muscomorpha); person of no worth, pisher, scrub"
"点検","てんけん","detailed inspection, thorough examination, checking"
"東方","とうほう, ひがしかた, ひがしがた","eastern direction; the Orient; eastern fighter in a match (e.g. sumo wrestling)"
"一通","いっつう","one copy (of a document), one letter; one-way traffic; pure straight, winning hand containing nine consecutive tiles of the same suit (i.e. 1-9)"
"光線","こうせん","beam, light ray"
"","リビング","living, lifestyle; living room"
"生やす","はやす","to grow, to cultivate; to let grow (e.g. weeds)"
"野心","やしん","ambition, aspiration; sinister designs, treachery"
"思いつき","おもいつき","idea, plan, fancy, impulse, thought, whim, suggestion"
"口ぶり","くちぶり","way of speaking; intimation"
"間隔","かんかく","space, interval; space character, whitespace"
"亡霊","ぼうれい","departed spirit, soul of the dead; ghost, apparition"
"１４日","じゅうよっか","14th day of the month; 14 days"
"","ハム","ham (cured pig meat); ham (amateur radio enthusiast)"
"態勢","たいせい","attitude, posture, preparedness, readiness"
"報酬","ほうしゅう","remuneration, recompense, reward, toll"
"仰天","ぎょうてん","being amazed, being horrified, being taken aback"
"筆者","ひっしゃ","writer, author"
"筒","つつ","pipe, tube, cylinder; gun barrel; gun, cannon; well lining, well curb"
"真っ黒","まっくろ","pitch black"
"征服","せいふく","conquest, subjugation; overcoming (a difficulty), conquering (e.g. a mountain), mastery (of a skill)"
"一人前","いちにんまえ, ひとりまえ","one portion, one serving, one person; adult, grown-up, person who has come of age; fully fledged, established, qualified"
"戦術","せんじゅつ","tactics"
"賦課","ふか","levy, imposition"
"確率","かくりつ","probability, likelihood, chances"
"俳句","はいく","haiku, 17-mora poem, usu. in 3 lines of 5, 7 and 5 morae"
"破産","はさん","bankruptcy, insolvency"
"","カバー, カヴァー","cover, covering, dust jacket, wrapper; covering (a song), cover, cover version; coverage; to cover (a loss), to offset, to compensate for (e.g. a weakness), to make up for, to cover for (someone)"
"商店街","しょうてんがい","shopping district, shopping street, downtown"
"首","くび, クビ","neck; head; dismissal (from a job), firing, sacking"
"上機嫌","じょうきげん","good humour (humor), good mood"
"洞穴","ほらあな, どうけつ","cave, cavern, den, grotto"
"","がっくり, ガックリ","heartbroken, crestfallen, dejected, disappointed; feeling exhausted, feeling drained"
"香港","ホンコン, ホングコング","Hong Kong"
"怒気","どき","anger, wrath"
"販売","はんばい","sale, sales, selling, marketing"
"集落","しゅうらく, じゅらく","settlement, village, community, town; (bacterial) colony"
"","きっちり, キッチリ","exactly, precisely, punctually, on the dot; closely, tightly, (fitting) perfectly; properly, without fail"
"観測","かんそく","observation, survey, measurement; opinion, prediction, thinking"
"焦点","しょうてん","focus, focal point; focus (of attention, a discussion, etc.), point at issue, central point; focus"
"彫刻","ちょうこく","carving, engraving, sculpture"
"装甲","そうこう","armoring, armouring, armor, armour"
"弥撒","ミサ","(Catholic) Mass"
"","ぶつかる, ぶっつかる","to bump into, to run into, to collide with, to hit, to strike; to encounter, to meet with, to come upon, to face, to run up against, to be confronted with; to clash (of opinions, people, etc.), to conflict, to be at odds (with); to clash (of events), to fall (on), to occur at the same time (as); to tackle head-on (a difficulty), to confront boldly"
"亜細亜","アジア","Asia"
"体制","たいせい","order, system, structure, set-up, organization, organisation"
"素朴","そぼく","simple, artless, naive, unsophisticated"
"応答","おうとう","reply, answer, response"
"目先","めさき","before one's eyes, under one's nose; immediate (e.g. interests), present, at hand, short-run; foresight, near future; appearance"
"御殿","ごてん","palace, court"
"何千","なんぜん","many thousands"
"見たところ","みたところ","judging from appearances, to all appearances, from the looks of it, on the face of it, apparently, seemingly"
"見届ける","みとどける","to make sure of, to ascertain, to see with one's own eyes, to watch to the end, to watch to make sure (that)"
"汲む","くむ","to draw (water), to ladle, to dip up, to scoop up, to pump; to pour (into a cup), to drink (together); to consider (feelings, the situation, etc.), to sympathize with, to intuit, to understand; to draw upon, to inherit"
"葉巻","はまき","cigar"
"金曜日","きんようび","Friday"
"東西","とうざい, ひがしにし","east and west; Orient and Occident, East and West; ladies and gentlemen!, your attention, please!, roll-up, roll-up"
"国際","こくさい","international; diplomatic intercourse"
"圧力","あつりょく","pressure, stress; pressure (e.g. political), coercion, arm-twisting"
"祝い","いわい, ゆわい","congratulation, congratulations, celebration, festival; congratulatory gift, present"
"偵察","ていさつ","scouting, reconnaissance"
"断つ","たつ","to sever, to cut off; to suppress, to eradicate, to exterminate; to abstain (from), to give up"
"幻覚","げんかく","hallucination, illusion"
"林檎","りんご, リンゴ","apple (fruit); apple tree (Malus pumila)"
"大家","おおや","landlord, landlady"
"完了","かんりょう","completion, conclusion; perfect (tense)"
"一足","いっそく","a pair (of shoes or socks)"
"闘争","とうそう","fight, battle, combat, conflict; struggle (for rights, higher wages, etc.), strife, (labor) dispute, strike"
"埃及","エジプト, エジブト","Egypt"
"急激","きゅうげき","sudden, abrupt, rapid, sharp, drastic, radical"
"記号","きごう","sign, symbol, mark"
"中島","なかじま","island in a pond or river"
"償う","つぐなう, つぐのう","to make up for, to compensate for, to indemnify, to recompense, to redeem (e.g. a fault), to atone for"
"卑怯","ひきょう","cowardly, craven; unfair, mean, sneaky, dirty, dastardly"
"持ち帰る","もちかえる","to take home, to carry home, to bring back home, to take out (e.g. food)"
"見慣れる","みなれる","to get used to seeing, to become accustomed to seeing, to be familiar with"
"","グレー, グレイ","grey, gray"
"棲む","すむ","to live (of animals), to inhabit, to nest"
"余暇","よか","leisure, leisure time, spare time"
"","バット","bat (in baseball, cricket, etc.)"
"孕む","はらむ","to conceive, to become pregnant; to get filled with (e.g. sails filled with wind), to be swollen with; to contain (a contradiction, danger, etc.), to carry (a problem, consequences, etc.), to involve (e.g. risk); to be swollen and ripe (of a plant ear, head, sprout, etc.)"
"椿","つばき, さんちゃ, ツバキ","common camellia (Camellia japonica); tea produced in the mountains"
"岬","みさき","cape (on coast)"
"差し込む","さしこむ","to insert, to put in, to thrust in, to plug in; to come in (of light), to shine in, to stream in, to pour in; to have a griping pain (in the stomach, chest, etc.)"
"阻止","そし","obstruction, prevention, hindrance, check, blocking, stopping"
"当局","とうきょく","authorities, relevant authorities, authorities concerned; this office"
"山脈","さんみゃく","mountain range, mountain belt"
"手早い","てばやい","nimble, quick, agile"
"","プリンス","prince"
"本堂","ほんどう","main hall (of a Buddhist temple), main temple"
"論じる","ろんじる","to discuss, to talk about, to deal with (a topic); to argue, to dispute; to take into consideration, to make an issue of"
"","ジュース","juice; soft drink (usu. fruit-based), sweetened drink"
"","ハウス","house; plastic greenhouse; house music; go to your kennel (cage, bed, etc.)!"
"無きゃいけない","なきゃいけない","cannot do without something, indispensable, absolutely necessary; have to do"
"同一","どういつ","identical, same, one and the same, equal; fair, equal treatment, without discrimination"
"地殻","ちかく","(Earth's) crust"
"浴室","よくしつ","bathroom"
"巨体","きょたい","huge body, large build"
"一日中","いちにちじゅう, いちにちぢゅう","all day long, all the day, throughout the day"
"躓く","つまずく, つまづく","to trip (over), to stumble; to fail, to suffer a setback"
"食器","しょっき","tableware"
"欺く","あざむく","to deceive, to delude, to trick, to fool; to be as ... as ... (e.g. ""as bright as day"", ""as beautiful as a rose"")"
"口走る","くちばしる","to blurt out, to let slip, to say inadvertently, to come out with (e.g. nonsense)"
"騎馬","きば","horse riding, horseback riding, horseback rider"
"上海","シャンハイ","Shanghai (China)"
"壕","ごう","moat, fosse, trench, ditch; underground air-raid shelter, dugout"
"利口","りこう","clever, intelligent, bright, smart, wise, sensible, shrewd; well-behaved (esp. of children and pets), obedient, good"
"","ロケット","rocket"
"不平","ふへい","discontent, dissatisfaction, complaint, grievance"
"","メニュー","menu; schedule, program, programme, course, services; menu"
"感じ取る","かんじとる","to perceive, to sense, to take in, to grasp, to feel"
"監獄","かんごく","prison"
"二番","にばん","second, number two, runner-up"
"人差し指","ひとさしゆび","index finger, forefinger; second toe"
"技師","ぎし","engineer, technician"
"","カム","cam"
"執着","しゅうちゃく, しゅうじゃく","attachment, adhesion, insistence, tenacity, fixation, obsession, clinging (e.g. to old customs)"
"何分","なにぶん","some, any, (a) little, of some kind, of some sort; please; anyway, anyhow, at any rate, after all"
"","キョロキョロ, きょろきょろ, きょときょと, キョトキョト","(looking around) restlessly, (looking) all around, goggling"
"疎か","おろか","not to mention ..., needless to say ..., not to speak of ..., not only ...; negligent, neglectful, careless, remiss"
"歴史的","れきしてき","historical, traditional; historic"
"鳴き声","なきごえ","cry (of an animal), call, chirp, song, caw, roar, bark, yelp, meow"
"","シェル","shell"
"故障","こしょう","fault, trouble, breakdown, failure, being out of order; damage (to a part of the body), injury, hurt; problem, hitch, obstacle, hindrance; objection, protest"
"柔らか","やわらか","soft, tender, pliant, supple; soft (colour, light, etc.), subdued, gentle (demeanour, voice, etc.), mild; informal, light, flexible (e.g. thinking)"
"空腹","くうふく","empty stomach, hunger"
"関西","かんさい, かんせい","Kansai (region comprising Kyoto, Osaka, Kobe and surrounding prefectures); Kansai (western half of Japan; during the feudal era)"
"引き起こす","ひきおこす","to cause, to induce, to bring about, to provoke; to pull upright, to help up (e.g. a fallen person)"
"出血","しゅっけつ","bleeding, haemorrhage, hemorrhage; bleeding money, red ink, selling below cost"
"","チョコレート","chocolate"
"小舟","こぶね, おぶね","small boat"
"観光","かんこう","sightseeing, tourism"
"一通り","ひととおり","generally, in the main, briefly (look over, explain, etc.), roughly, more or less; (more or less) everything, all parts, bit of everything, whole process; ordinary, usual, average, common; one method"
"汚染","おせん","pollution, contamination"
"手当","てあて","salary, pay, compensation, allowance (e.g. housing allowance), benefit, bonus; medical care, treatment; advance preparation"
"虚空","こくう","empty space, empty sky"
"威張る","いばる, えばる","to put on airs, to act big, to throw one's weight about, to be overbearing, to be domineering, to be bossy, to be pushy, to be proud, to be haughty, to be arrogant, to swagger, to boast, to brag"
"競争","きょうそう","competition, contest, rivalry, race; competition (between organisms or species)"
"仕組み","しくみ","structure, construction, arrangement, contrivance, mechanism, workings; plan, plot, contrivance"
"難解","なんかい","difficult to understand, unintelligible, abstruse"
"尾根","おね","(mountain) ridge"
"","アイデア, アイディア, アィディア","idea"
"４０００","よんせん, しせん","four thousand, 4,000"
"排除","はいじょ","exclusion, removal, elimination, clearing away, getting rid of"
"旋回","せんかい","revolution, rotation, turning, circling, swiveling; turning (an aircraft or ship)"
"尋問","じんもん","questioning, interrogation, examination (of a witness)"
"情勢","じょうせい","state of things, state of affairs, situation, conditions, circumstances"
"次男","じなん","second son"
"この頃","このごろ","these days, nowadays, now, at present, recently, lately"
"一員","いちいん","one person, one member"
"砂浜","すなはま","sandy beach"
"害","がい","injury, harm, evil influence, damage"
"外気","がいき","open air"
"通報","つうほう","report, notification, tip, bulletin; message (in information and communication theory)"
"元年","がんねん","first year (of an imperial era); year something (important) first happened or began"
"圧迫","あっぱく","pressure; oppression, suppression"
"対決","たいけつ","confrontation, showdown"
"国道","こくどう","national road, national highway"
"質問をする","しつもんをする","to ask a question, to ask questions"
"繊細","せんさい","dainty, delicate (e.g. fingers), fine, slim; sensitive, delicate (feelings, sense, etc.), subtle"
"根性","こんじょう","willpower, guts, determination, grit, spirit; character, nature, disposition, personality"
"揶揄う","からかう","to tease, to make fun of, to poke fun at, to make a crack about, to chaff, to kid, to joke, to banter, to pull someone's leg"
"令嬢","れいじょう","(your) daughter, young woman; daughter of a good family"
"罪人","ざいにん","criminal, lawbreaker, wrongdoer, offender"
"冷ます","さます","to cool (e.g. from a high temperature to room temperature), to let cool; to dampen, to throw a damper on, to spoil"
"数年前","すうねんまえ","a few years ago, some years back"
"差別","さべつ, しゃべつ, しゃべち","distinction, differentiation, discrimination; discrimination (against people)"
"重荷","おもに, じゅうか","load, heavy burden, encumbrance, heavy freight, heavy responsibility"
"妻子","さいし, つまこ, めこ","wife and children; wife"
"舅","しゅうと, しうと, しいと","father-in-law"
"和やか","にこやか","smiling, beaming, radiant, bright, cheerful"
"辞す","じす","to take one's leave, to excuse oneself, to leave, to depart; to resign (from), to step down, to leave (one's position), to quit; to decline, to turn down, to refuse; to do unwaveringly, to be prepared to do, to not mind doing"
"車輪","しゃりん","(vehicle) wheel"
"後輩","こうはい","junior (at work, school, etc.), younger people, younger student"
"顧問","こもん","adviser, advisor, consultant"
"集合","しゅうごう","meeting up, gathering, assembly; set"
"万が一","まんがいち, まんがいつ","(if) by some chance, by some possibility, in the unlikely event that, 10000 to 1; (unlikely event of) emergency, the worst(-case scenario)"
"苦笑い","にがわらい","bitter smile, wry smile, forced smile, strained laugh"
"戦前","せんぜん","pre-war days, before the war"
"刈る","かる","to cut (grass, hair, etc.), to mow, to clip, to trim, to prune, to shear, to reap, to harvest"
"","ぐるっと, ぐるりと","turning round, going around, turning about, rotating; surrounding, encircling"
"郷里","きょうり","hometown, birthplace"
"無口","むくち","taciturn, reticent, quiet, silent, untalkative"
"問答","もんどう","questions and answers, dialogue"
"団長","だんちょう","leader of a delegation (body, party)"
"指導者","しどうしゃ","leader, guide, mentor, coach"
"察知","さっち","to sense, to infer, to gather, to pick up on, to get wind of, to perceive"
"裁判所","さいばんしょ","court, courthouse"
"追っかける","おっかける","to chase, to run after, to pursue"
"紋","もん","(family) crest, coat of arms; pattern, figure; playing card suit (in karuta)"
"","せっせと","diligently, assiduously, industriously, beavering away"
"業界","ぎょうかい","business world, business circles, (the) industry"
"血管","けっかん","blood vessel, vein"
"悪化","あっか","deterioration, getting worse, worsening, aggravation, degeneration, corruption"
"綺麗","きれい, キレイ, きれーい","pretty, lovely, beautiful, fair; clean, clear, pure, tidy, neat; completely, entirely"
"妙","みょう","strange, weird, odd, curious; wonder, mystery, miracle, excellence; cleverness, adroitness, knack, skill"
"お返し","おかえし","return gift, return favour; revenge; change (in a cash transaction)"
"窓際","まどぎわ","at the window, by the window, next to the window"
"車掌","しゃしょう","(train) conductor"
"住宅","じゅうたく","residence, housing, residential building"
"お家","おうち","your home, your family, their home, their family; (my) home"
"案の定","あんのじょう","as expected, just as one thought, as feared, sure enough"
"太平洋","たいへいよう","Pacific Ocean"
"","アップ","rise, increase, raising, lifting, going up; upload, posting online; close-up; completion of filming; upswept hairstyle; being up (in points, games, etc.), being ahead, leading; warm-up; finishing, completion, being over"
"神妙","しんみょう, しんびょう","meek, quiet, docile, humble, faithful, obedient; mysterious, marvelous, marvellous"
"極度","きょくど","maximum, extreme, utmost"
"野原","のはら","field, plain, prairie, moor"
"明瞭","めいりょう","clear, plain, distinct, obvious, evident, articulate"
"犯罪者","はんざいしゃ","criminal, culprit"
"","ジーンズ, ジンス","jeans; denim, jean"
"経済的","けいざいてき","economic, financial; economical, thrifty, frugal"
"妨害","ぼうがい","obstruction, hindrance, blocking, disturbance, interference, interruption, sabotage, jamming (a signal)"
"軍事","ぐんじ","military affairs"
"住職","じゅうしょく","chief priest (of a Buddhist temple)"
"訂正","ていせい","correction, revision, amendment"
"宝物","たからもの, ほうもつ","treasure, treasured item, prized possession"
"好んで","このんで","by (from) choice, by (for) preference, of one's own accord, of one's (own) free will, on purpose, deliberately, intentionally"
"昼休み","ひるやすみ","lunch break, noon recess, noon rest period"
"鋼","はがね, こう","steel; sword steel, sword"
"会合","かいごう","meeting, assembly, gathering; association; conjunction"
"軸","じく","axis, shaft, axle; center, centre, focal point, key point; stalk, stem; hanging scroll"
"温度","おんど","temperature"
"決戦","けっせん","decisive battle, deciding match, play-off"
"までも無い","までもない","there is no need to ..., it should hardly be necessary to ..."
"作り","つくり","making, producing, manufacturing, building, construction, make, structure; appearance (attire, make-up, etc.); build, physique; sashimi; forced (smile, etc.)"
"丸太","まるた, マルタ","log; dace (Tribolodon hakonensis); test subject (of human experiments performed by Unit 731 during WWII); prostitute dressed as a Buddhist nun"
"瞬時","しゅんじ","instant, moment, (split) second, (in a) flash, (in the) blink of an eye"
"回廊","かいろう","corridor, gallery, hallway, cloister (i.e. covered walk typically circling a building or garden, esp. in a palace or place of worship)"
"女史","じょし","lady (of high social status; e.g. scholar, artist, critic, politician); Ms, Mrs, Miss"
"幻影","げんえい","phantom, vision, illusion"
"石油","せきゆ","oil, petroleum; kerosene, paraffin"
"申し込む","もうしこむ","to apply for, to make an application, to propose (marriage), to offer (mediation), to make an overture (of peace), to challenge, to lodge (objections), to request (an interview), to subscribe for, to book, to reserve"
"千葉","ちば","Chiba (city, prefecture)"
"製品","せいひん","manufactured goods, finished goods, product"
"見栄","みえ","show, display, pretensions, appearances, ostentation, vanity; pose, posture"
"お世辞","おせじ","flattery, compliment"
"受験","じゅけん","taking an examination (esp. for entrance to a school or university)"
"寒気","さむけ, かんき","chill, the shivers, shivering fit; cold, coldness, cold air"
"剥げる","はげる","to peel off, to come off, to flake off, to be worn off; to fade, to discolor, to discolour"
"半月","はんげつ, はんつき","half-moon; half a month; semicircle"
"藩主","はんしゅ","feudal lord, daimyo"
"納屋","なや","barn (for storage), shed, outbuilding"
"微塵","みじん, びじん","particle, atom, little piece; not at all, not the slightest"
"有りとあらゆる","ありとあらゆる","every conceivable, every single, every possible, all kinds of"
"間柄","あいだがら","relationship, relation, terms (good, friendly, etc.)"
"短大","たんだい","junior college, vocationally oriented two or three year post-secondary education institution"
"","スピーカー, スピーカ","speaker"
"一挙に","いっきょに","at a stroke, with a single swoop"
"目当て","めあて","mark, guide, landmark; purpose, aim, goal, intention, end; sight (on a firearm)"
"","クレー, クレイ","clay; clay pigeon shooting, clay target"
"沸く","わく","to grow hot (e.g. water), to boil; to get excited (at), to erupt (in applause, cheering, etc.), to be in a ferment, to take place energetically; to ferment; to melt (of metal)"
"愛す","あいす","to love"
"責任者","せきにんしゃ","person in charge (including a supervisory role for other staff), person responsible for ..., responsible party, supervisor, manager"
"先代","せんだい","previous generation (of a family), previous head of the family, one's (late) father; predecessor; previous age, previous generation"
"待ち受ける","まちうける","to await, to wait for, to expect"
"埋もれる","うもれる, うずもれる, うづもれる","to be buried, to be covered, to be hidden"
"平ら","たいら","flat, level, even, smooth; calm, tranquil, placid, composed, stable; relaxed (sitting posture), comfortable; plateau, tableland, plain"
"整った","ととのった","well-ordered, in good order, well-featured, well-regulated"
"粒子","りゅうし","particle, grain"
"断じて","だんじて","absolutely, positively, decidedly"
"","タイム","time (for, to do); time (to finish a race, lap, etc.); time-out"
"書き込む","かきこむ","to fill in (field, entry, etc.), to fill out (form); to post a message (e.g. on a bulletin-board); to store; to write (data), to flash"
"盛大","せいだい","grand, magnificent, lavish, large scale, prosperous, thriving, lively; forceful, powerful, vigorous"
"豊富","ほうふ","abundant, plentiful, rich, ample"
"言動","げんどう","speech and conduct, words and actions, words and deeds, behavior, behaviour, manners"
"言い分","いいぶん","one's say, one's point, one's case, one's claim; complaint, objection, grievance"
"物騒","ぶっそう","dangerous, unsettled, troubled, disturbed, insecure"
"浸す","ひたす","to soak, to dip, to steep, to immerse; to moisten, to wet"
"","ブリッジ","bridge (road, railway, ship, etc.); (contact) bridge; Seven Bridge (Japanese rummy game); bridge; bridge (of a pair of glasses); bridge (in wrestling); bridge (circuit); (network) bridge; bridge; bridge (exercise)"
"文芸","ぶんげい","literature; the arts, art and literature, liberal arts"
"作成","さくせい","making (a report, plan, contract, etc.), drawing up, writing out, preparing, creating (a file, website, account, etc.)"
"発掘","はっくつ","excavation, exhumation, digging up, unearthing; discovery (of a new fact, talent, etc.), finding, unearthing"
"地名","ちめい","place name, toponym"
"政","まつりごと, せい","rule, government"
"敬意","けいい","respect, honour, honor"
"２４日","にじゅうよっか, にじゅうよんにち, にじゅうよにち","24th day of the month; 24 days"
"前回","ぜんかい","previous time, last time, previous installment, previous instalment, previous session"
"生前","せいぜん","while alive, during one's lifetime"
"迫力","はくりょく","impressiveness, impact, force, intensity, presence, appeal, strength, punch, edge, vigor"
"見入る","みいる","to gaze (at), to stare intently (at), to look fixedly (at), to fix one's eyes (on); to fascinate, to enchant, to possess, to bewitch, to enthrall"
"水着","みずぎ","bathing suit, swimsuit, swimmers"
"象","しょう","form, shape, figure, appearance, phenomenon"
"支店","してん","branch office, branch store"
"上流","じょうりゅう","upper stream, upper course, upper reaches; upstream; upper classes"
"退院","たいいん","leaving hospital, discharge from hospital"
"","ウェイ, ウェー, ウエー","way"
"見解","けんかい","opinion, point of view"
"肺","はい","lung"
"","パック","pack, packet, carton; to pack, to package, to wrap; (cosmetic) face pack, face mask, facial mask, facial; package (tour, holiday, etc.)"
"縁談","えんだん","marriage proposal, marriage talks"
"旅立つ","たびだつ","to begin a trip, to depart, to embark; to die, to pass away, to depart this life"
"お菓子","おかし","confections, sweets, candy, cake"
"目を通す","めをとおす","to scan, to look over"
"人工","じんこう","artificial, man-made, human work, human skill, artificiality"
"当て","あて","aim, object, purpose, end; expectations, prospects, hopes; something that can be relied upon; snack served with alcoholic drink; pad, guard; blow, strike; addressed to; per"
"順序","じゅんじょ","order, sequence; procedure"
"紛れもない","まぎれもない","unmistakable, evident, obvious, certain, beyond doubt"
"","パジャマ","pajamas, pyjamas"
"分別","ふんべつ","discretion, prudence, good sense, judgement, judgment, wisdom, discernment"
"","ずらり, ズラリ","in a row, in a line"
"優勝","ゆうしょう","overall victory, championship, winning the title; (being in) heaven, bliss, perfect contentment"
"団地","だんち","multi-unit apartments, apartment complex"
"台風","たいふう","typhoon, hurricane"
"１３日","じゅうさんにち","13th day of the month; 13 days"
"反響","はんきょう","echo, reverberation; response, reaction, repercussions, sensation, influence"
"","オーバー, オーバ","overcoat; exceeding, going over, going beyond; exaggerated, overdone, over the top; over par; overexposure"
"一変","いっぺん","complete change, about-face"
"達者","たっしゃ","in good health, healthy, well, fit, robust, strong; skilled, proficient, adept; master, expert"
"","イブ, イヴ","eve (esp. Christmas Eve), the night before"
"被告","ひこく","defendant, the accused"
"月曜日","げつようび","Monday"
"終わり","おわり","end, ending, close, conclusion; end of (one's) life, death"
"","ギラギラ, ぎらぎら","glaringly, dazzlingly, blazingly"
"構想","こうそう","plan, plot, idea, conception, vision, scheme"
"出演","しゅつえん","appearance (in a film, play, TV show, etc.), performance"
"負傷","ふしょう","injury, wound"
"越後","えちご","Echigo (former province located in present-day Niigata Prefecture)"
"股","また","groin, thigh, crotch, crutch; fork (in a tree, road, river, etc.), tines (of a fork)"
"数分","すうふん","several minutes, a few minutes"
"無力","むりょく","powerlessness, helplessness, incompetence, ineffectiveness"
"殺到","さっとう","rush, flood, deluge"
"無念","むねん","regret, chagrin, mortification; freedom from obstructive thoughts"
"演劇","えんげき","drama, theatre, theater, play"
"待ち合わせる","まちあわせる","to rendezvous, to meet at a prearranged place and time, to arrange to meet"
"足首","あしくび","ankle"
"関する","かんする","to concern, to be related"
"修業","しゅうぎょう, しゅぎょう","pursuit of knowledge, studying, learning, training, completing a course"
"激突","げきとつ","crash, smashing (into), ramming, (violent) collision; clash (of views, interests, teams, etc.), conflict"
"気軽","きがる","carefree, buoyant, lighthearted, sprightly; ease"
"姑","しゅうとめ, しゅうと, しうとめ, しいとめ","mother-in-law"
"迷路","めいろ","maze, labyrinth; inner ear"
"桶","おけ","bucket, pail, tub"
"","ずるずる, ズルズル, づるづる","(dragging a large or heavy item) slowly; (falling) little by little, (slipping) gradually, (drawing back) slowly, with a slither; on and on, while putting off, slovenly, interminably; with a slurp, with a sniffle; loose, lax, inconclusive, unresolved"
"負担","ふたん","burden, load, responsibility; bearing (a cost, responsibility, etc.), shouldering"
"不安定","ふあんてい","instability, insecurity, crankiness"
"選挙","せんきょ","election"
"自在","じざい","being able to do as one pleases, doing at will; pothook"
"強める","つよめる","to strengthen, to emphasize, to emphasise"
"栄光","えいこう","glory"
"１８日","じゅうはちにち","18th day of the month; 18 days"
"新幹線","しんかんせん","Shinkansen, bullet train"
"","スタジオ, スタディオ","studio"
"終始","しゅうし","beginning and end; doing something from beginning to end, being unchanged from beginning to end; from beginning to end, the whole time, throughout, consistently"
"体勢","たいせい","posture, position, stance"
"泊める","とめる","to give shelter to, to lodge, to put up, to accommodate"
"傑作","けっさく","masterpiece, masterwork, chef d'oeuvre, fine piece of work; (unintentionally) hilarious, absurd (e.g. blunder), outrageous, wild"
"商会","しょうかい","firm, company"
"悪人","あくにん","bad person, villain, scoundrel, wrongdoer, wicked person"
"編成","へんせい","composition, formation, organization, organisation, compilation"
"","ブロック","block (solid piece of material), chunk (e.g. of meat); concrete block; (interlocking) toy blocks; (printing) block; block (area of a city); blocking (e.g. the way), obstructing; block; blocking (a user, website, etc.); block"
"予算","よさん","estimate (of costs), budget"
"戦線","せんせん","(war) front"
"疎ら","まばら","sparse, thin, scattered, straggling, sporadic"
"詠む","よむ","to compose (a Japanese poem), to write, to use as the theme of a poem; to recite (e.g. a poem), to chant, to intone"
"跳躍","ちょうやく","jump, leap, skip, bound"
"政権","せいけん","(political) administration, political power"
"修正","しゅうせい","amendment, correction, revision, modification, alteration, retouching, update, fix"
"違法","いほう","illegal, illicit, unlawful"
"やり直す","やりなおす","to do over again, to redo, to start over, to remake, to resume, to recommence"
"水晶","すいしょう","(rock) crystal, high purity quartz"
"箪笥","たんす, タンス","chest of drawers, bureau, cabinet, tansu, dresser"
"災難","さいなん","calamity, misfortune, disaster"
"つかの間","つかのま","moment, brief space of time"
"屑","くず, クズ","waste, scrap, garbage, dregs; scum, piece of trash, loser"
"炒める","いためる","to fry, to saute, to stir-fry"
"値する","あたいする","to be worth, to be worthy of, to deserve, to merit"
"取り返す","とりかえす","to get back, to regain, to recover, to make up (for), to catch up on"
"誘導","ゆうどう","guidance, leading, induction, introduction, incitement, inducement"
"強大","きょうだい","mighty, powerful"
"粋","いき","chic, smart, stylish, tasteful, refined, sophisticated; understanding, considerate, thoughtful, sensible; familiar with worldly pleasures (esp. sexual relations, geisha districts and red-light districts)"
"町人","ちょうにん, まちにん","chōnin (Edo-period social class of town-dwelling commoners, esp. landowning merchants), townspeople, townsfolk, tradespeople"
"発進","はっしん","departure (from a base), takeoff, launch; starting (to move; of a car), start, moving off"
"何なのか","なんなのか, なになのか","what is it (that), the meaning of something, what something is about"
"祖先","そせん","ancestor"
"定まる","さだまる","to become settled, to be fixed"
"規程","きてい","official regulations, inner rules"
"お昼","おひる","lunch; noon, midday; daytime; waking up, getting up, rising"
"兎角","とかく","(doing) various things, (doing) this and that; being apt to, being prone to, tending to; at any rate, anyhow, anyway; all sorts of (negative things), various; things that do not exist, rabbit horns"
"","さえあれば","if only (you) have, as long as (you) have, whenever (you) have"
"彩る","いろどる","to colour, to color, to paint; to apply make-up; to decorate, to garnish, to adorn, to add flair"
"瑠璃","るり","lapis lazuli; lapis lazuli (color); beryl; mall blue passerine bird (esp. the blue-and-white flycatcher and the Siberian blue robin, but also the red-flanked bluetail); glass"
"感慨","かんがい","deep emotion, strong feelings"
"用心深い","ようじんぶかい","careful, cautious, wary, watchful, vigilant, prudent"
"剃る","そる, する","to shave"
"面持ち","おももち","expression, look, countenance, face"
"作り出す","つくりだす","to manufacture, to produce, to raise (crops); to invent, to dream up, to create"
"","ハンドバッグ, ハンドバック","handbag, purse"
"科学者","かがくしゃ","scientist"
"何時間","なんじかん","how many hours"
"思惑","おもわく","expectation, anticipation, prediction, forecast, calculations; purpose, intention, motive, ulterior motive; others' opinions of one; speculation"
"大洋","たいよう","ocean"
"お守り","おまもり","charm, amulet, talisman"
"小石","こいし","pebble, small stone"
"見た目","みため","appearance, look"
"誓って","ちかって","surely, upon my word, by Jove; (with neg) by no means, never"
"領地","りょうち","territory, dominion, grounds (e.g. school)"
"対処","たいしょ","dealing with, coping with"
"雑草","ざっそう","weed"
"日の出","ひので","sunrise"
"爆撃","ばくげき","bombing (raid)"
"柏木","かしわぎ","oak tree; imperial palace guard"
"美術","びじゅつ","art, fine arts"
"","クイーン, クィーン, クイン","queen; queen; queen (chess piece)"
"刺さる","ささる","to stick into (of something with a sharp point), to prick, to pierce, to get stuck (in), to lodge (in); to resonate emotionally, to move"
"傲慢","ごうまん","haughty, arrogant, insolent, proud, overbearing"
"","ハンター","hunter"
"水準","すいじゅん","level, standard; water level"
"制作","せいさく","work (film, book); production, creation, turning (something) out, development"
"茶屋","ちゃや","teahouse, (Edo period) rest stop; (geisha) teahouse, establishment where patrons are entertained by geisha; tea house (that sells tea), tea dealer"
"商","しょう","quotient; business, merchant, dealer; second degree (of the Japanese and Chinese pentatonic scale); Shang dynasty (of China; approx. 1600-1046 BCE), Yin dynasty"
"葡萄","ぶどう, ブドウ, えび","grape, grapevine"
"神官","しんかん, かんづかさ, かみづかさ, かむづかさ, しんし","Shinto priest"
"見分ける","みわける","to distinguish, to recognize, to recognise, to tell apart, to differentiate"
"麻薬","まやく","narcotic, drug, dope"
"男らしい","おとこらしい","manly, masculine, like a man"
"料金","りょうきん","fee, charge, fare"
"重役","じゅうやく, おもやく","(company) director, executive, top management; important post, role with heavy responsibilities"
"煮える","にえる","to be boiled, to be cooked"
"正当","せいとう","just, justifiable, right, due, proper, equitable, reasonable, legitimate, legal, lawful"
"無期","むき","indefinite, unlimited; life imprisonment"
"父母","ふぼ, ちちはは, ててはは, かぞいろは, ぶも, かぞいろ","father and mother, parents"
"並びに","ならびに","and (also), both ... and, as well as"
"鼓動","こどう","beat, palpitation, pulsation, throbbing"
"","ぞろぞろ, ゾロゾロ","in a crowd, in droves, in a stream, in succession; crawling (of insects), swarming; dragging (e.g. along the ground), trailing, stretching out"
"宴会","えんかい","party, banquet, reception, feast, dinner"
"万歳","ばんざい, バンザイ","banzai, hurray, hurrah, hooray; something to cheer about, something worthy of celebration; giving up, throwing one's hands up; eternal life and prosperity"
"何卒","なにとぞ, なにそつ","please, kindly, I beg of you, if it pleases you; by all means, without fail"
"他方","たほう","one (esp. of two), the other, one way, the other way, one direction, the other direction, one side, the other side, one party, the other party; on the other hand"
"砲弾","ほうだん","shell, cannonball"
"","ゆったり","comfortable, easy, calm, relaxed; loose, spacious"
"面々","めんめん","every person, each one, everybody"
"束ねる","たばねる, つかねる","to tie up in a bundle (e.g. straw, hair, bills, letters), to bundle, to sheathe; to govern, to manage, to control, to administer; to fold (one's arms), to put together (one's hands)"
"仙台","せんだい","Sendai (city in Miyagi)"
"途","と, ど","way, route"
"逃走","とうそう","flight, desertion, escape"
"","ストーブ, ストーヴ","(room) heater, stove"
"云々","うんぬん","and so on, and so forth, et cetera, and such, and the like; comment, criticism"
"高地","こうち","high ground, plateau, heights, highlands"
"留学","りゅうがく","studying abroad; (temporarily) studying at another school (to learn a specific skill)"
"応対","おうたい","dealing with (people, customers, complaints, etc.), receiving (callers, visitors, etc.), attending to, handling, serving"
"江戸時代","えどじだい","Edo period (1603-1868)"
"銘々","めいめい","each, individual"
"","コーナー, コーナ","corner, bend, turn; segment (within a radio or TV program), session, column (newspaper, etc.); area, department, section"
"実体","じったい","substance, essence, entity, subject, content, reality, true form"
"鷲","わし, ワシ","eagle (Accipitridae family)"
"煙る","けむる, けぶる","to smoke (e.g. fire), to billow smoke, to smoulder, to smolder; to be hazy, to look dim"
"跨ぐ","またぐ","to step over, to step across, to stride over, to stride across, to cross; to stretch over, to span, to bridge, to saddle, to straddle"
"確立","かくりつ","establishment, settlement"
"紙幣","しへい","paper money, note, bill"
"","レーザー, レーザ","laser"
"","エプロン","apron; apron (airport); apron (stage)"
"体質","たいしつ","constitution (physical), physical make-up, predisposition (to disease), disposition, tendency; character (of a group, organization, etc.), innate characteristics, make-up, nature, culture"
"宣告","せんこく","sentence, verdict, pronouncement"
"香水","こうすい","perfume, scent"
"祖","そ","ancestor, forefather, progenitor; originator, pioneer, inventor, founder; grandfather"
"著しい","いちじるしい, いちぢるしい","striking, remarkable, considerable"
"温い","ぬるい","lukewarm, tepid; lenient"
"心地よい","ここちよい, ここちいい","comfortable, pleasant"
"将兵","しょうへい","officers and men"
"至難","しなん","most difficult, next to impossible"
"当たり","あたり","hit; success; guess, prediction; affability, friendliness; sensation, touch; bruise (on fruit); situation in which a stone or chain of stones may be captured on the next move; bite (of a fish on a hook), strike; per, each"
"課する","かする","to impose (a tax, fine, etc.), to levy, to assign (a task, duty, etc.), to give, to set"
"疾走","しっそう","sprint, dash, scampering"
"仮説","かせつ","hypothesis, supposition, assumption, tentative theory"
"次元","じげん","dimension; perspective, point of reference, level (of something)"
"弱点","じゃくてん","weak point, weakness, shortcoming, defect, flaw, sore spot, tender spot"
"歩き回る","あるきまわる","to walk about, to walk around, to walk to and fro, to pace around, to wander"
"解明","かいめい","elucidation, explication, explaining, unravelling, clarification, understanding"
"心情","しんじょう","sentiment, emotions, one's feelings, one's heart"
"監禁","かんきん","confinement, imprisonment, incarceration"
"外交","がいこう","diplomacy; selling (e.g. door-to-door), canvassing"
"川岸","かわぎし, かがん","riverbank, riverside"
"題","だい","title, subject, theme, topic; problem (on a test), question; counter for questions (on a test)"
"無残","むざん","cruel, merciless, atrocious, ruthless, cold-blooded; pitiful, tragic, horrible, miserable; breaking a precept without shame"
"装飾","そうしょく","ornament, decoration"
"最上","さいじょう","highest (e.g. floor), top; best, finest, supreme, highest (quality)"
"和歌","わか","waka, classic Japanese poem, esp. a tanka, often 31 morae"
"真っ青","まっさお","deep blue, bright blue; ghastly pale, pallid, white as a sheet"
"召喚","しょうかん","summons, subpoena, citation; summoning (a spirit, demon, etc.), evocation, invocation"
"いい加減","いいかげん","irresponsible, perfunctory, careless; lukewarm, half-baked, halfhearted, vague; (already) enough; considerably, quite, rather, pretty"
"","しゃがむ","to squat, to crouch"
"","カラー","color, colour; color, character, characteristics, atmosphere; coloring (one's hair), dyeing"
"観光客","かんこうきゃく","tourist"
"花束","はなたば","bunch of flowers, bouquet"
"達成","たっせい","achievement, attainment, accomplishment, realization"
"度胸","どきょう","courage, bravery, pluck, nerve, grit, guts"
"一息","ひといき","one breath; time of one breath; pause, break, rest, breather; (doing in) one go, doing without stopping; small amount of effort, a little more effort"
"対岸","たいがん","opposite shore"
"長居","ながい","long visit, overstaying"
"","スプーン, スプン","spoon"
"操","みさお, そう","fidelity, honour, honor, constancy; chastity (of a woman), faithfulness (e.g. to one's husband)"
"","ガード","guarding, guard"
"如何にもならない","どうにもならない","hopeless, futile, no use, beyond help, cannot be done"
"全滅","ぜんめつ","total destruction, complete destruction, annihilation, being wiped out; total defeat, complete failure"
"法規","ほうき","laws and regulations, legislation"
"中学校","ちゅうがっこう","junior high school, middle school, lower secondary school"
"申し訳","もうしわけ","apology, excuse"
"","すっぽり, ずっぽり, ずっぽし","entirely, completely; cleanly, snugly"
"日米","にちべい","Japan and the United States, Japanese-American"
"大戦","たいせん","great war, great battle; world war"
"空白","くうはく","blank space (in a document); blank, void, gap, vacuum; whitespace"
"","すげー, すげぇ, すっげー, すんげー, すげえ, スゲー, すっげぇ, すっげえ, すんげぇ, スゲェ, スゲエ, スッゲー, スッゲェ, スッゲエ, すげい, スゲイ, すんげえ, スンゲー, スンゲェ","incredible, unbelievable, terrific, impressive"
"合格","ごうかく","passing (an exam), pass, success, passing grade; meeting (specifications, standards, etc.), passing (inspection), qualification, being found eligible"
"祖国","そこく","homeland, motherland, fatherland, native country"
"干渉","かんしょう","interference, intervention, meddling"
"性的","せいてき","sexual (i.e. relating to biological sex); sexual (relations, attraction, abuse, etc.)"
"退治","たいじ","extermination, elimination, eradication, destruction, suppression, subjugation, getting rid of, stamping out, wiping out, rooting out; renouncing worldly desires (in order to concentrate on Buddhist teachings); curing (an illness)"
"","ファッション","fashion"
"経歴","けいれき","personal history, background, career"
"一直線","いっちょくせん","straight line"
"解散","かいさん","breaking up (a meeting, gathering, etc.), dispersal (e.g. of a crowd); dissolution (of a company, organization, etc.), winding-up, disbandment, split-up; dissolution (of the Diet, Parliament, etc.)"
"川上","かわかみ","upper reaches of a river, upstream"
"贈り物","おくりもの","present, gift"
"","がっしり","firmly, solidly, sturdily, strongly, toughly"
"","タレント","(TV or radio) entertainer, television personality, radio personality; talent, skill; talent (ancient unit of weight and currency)"
"","サロン","salon, saloon, reception room"
"","ぐっすり, グッスリ","soundly (sleeping), fast (asleep)"
"失神","しっしん","faint, swoon, losing consciousness"
"一月","ひとつき, いちげつ","one month"
"仄か","ほのか","faint, indistinct, dim, vague, subtle, delicate"
"","カルテ","patient's chart, clinical records; record (e.g. student, equipment maintenance, etc.)"
"講演","こうえん","lecture, address, speech"
"物資","ぶっし","goods, materials, commodities, resources, supplies"
"出撃","しゅつげき","sortie, sally, attack"
"申し訳ありません","もうしわけありません","I'm sorry, (it's) inexcusable; thank you very much (for help, etc.)"
"騒がしい","さわがしい","noisy, boisterous; turbulent (era, etc.), troubled"
"順に","じゅんに","in order, in turn, one by one"
"巻","まき","roll (e.g. of cloth); winding (e.g. watch); volume (of book); speeding up; heel (of a Japanese sandal)"
"乾杯","かんぱい","cheers, bottoms-up, prosit; toast, drink (in honor or celebration of someone or something); drinking one's glass dry"
"不能","ふのう","impossible, incapable (of doing), unable (to do); incompetence, inability; impotence; having no solution (of an equation)"
"碌な","ろくな, ロクな","satisfactory, decent, good, proper, respectable"
"一億","いちおく","100,000,000, one hundred million"
"垂らす","たらす","to dribble, to spill; to suspend, to hang down, to slouch, to dangle"
"お詫び","おわび","apology"
"殺意","さつい","intent to kill, intent to murder, urge to kill, murderous impulse"
"諺","ことわざ","proverb, saying, aphorism, maxim"
"暈ける","ぼける","to be faded, to be hazy, to be blurred, to be out of focus"
"熱気","ねっき","heat, hot air; enthusiasm, excitement, fervour, fervor, heated atmosphere; fever"
"吐き気","はきけ, はきげ","nausea, feeling like throwing up, feeling sick"
"気質","きしつ, かたぎ","disposition, temperament, nature, mentality, spirit, character, trait, turn of mind"
"本土","ほんど","mainland, the country proper; native country, country where one was born; pure land, Buddha realm"
"今宵","こよい","this evening, tonight"
"","ブラウス, ブルーズ","blouse"
"弁える","わきまえる","to discern (e.g. right from wrong), to discriminate, to distinguish; to know (manners, one's place, etc.), to understand, to bear in mind"
"拘束","こうそく","restriction, restraint, binding, constraint"
"根源","こんげん","root, source, origin, cause"
"初対面","しょたいめん, はつたいめん","first meeting, first interview with"
"１１日","じゅういちにち","11th day of the month; 11 days"
"三十日","みそか, つごもり, みそ, かいじつ","last day of the month"
"木の葉","このは, きのは","leaf (of a tree), tree leaves, foliage"
"承る","うけたまわる","to hear, to be told, to know; to receive (order), to undertake, to comply, to take (a reservation, etc.)"
"絵を描く","えをかく, えをえがく","to paint a picture, to draw a picture"
"寿司","すし","sushi, range of dishes made with vinegared rice combined with fish, vegetables, egg, etc."
"代々","だいだい","for generations, from generation to generation, generation after generation, through the ages"
"細か","こまか","small, fine, detailed, stingy"
"窮屈","きゅうくつ","narrow, tight, cramped; formal, stiff, strict, ceremonious, rigid; constrained, uncomfortable; tight (e.g. finances)"
"前線","ぜんせん","(weather) front; front line, the front, battlefront, forward area"
"喜劇","きげき","comedy"
"安らか","やすらか","peaceful, tranquil, calm, restful"
"核","かく","stone (of a fruit), pit, pip; core (of an organization, team, etc.), nucleus, heart; nuclear weapons; nucleus (of an atom); nucleus (of a cell); condensation nucleus; (planetary) core; ring (in a cyclic compound); kernel, core; nucleus (of a cultured pearl)"
"感ずる","かんずる","to feel, to sense, to experience; to be moved (by), to be touched (by), to be impressed (by), to respond (to); to become infected with (an illness), to catch"
"割と","わりと","comparatively, relatively, fairly, rather, pretty, unexpectedly"
"鮮明","せんめい","vivid, clear, distinct"
"鳥居","とりい","torii (Shinto shrine archway)"
"訛り","なまり","accent (of one's speech); dialect, provincialism, patois; corrupted form (e.g. of word), mispronunciation"
"全集","ぜんしゅう","complete works, complete collection, complete series"
"風呂場","ふろば","bathroom"
"休日","きゅうじつ","holiday, day off"
"生地","きじ","cloth, fabric, material, texture; dough, batter; inherent quality, one's true character, one's true colours; unglazed pottery; skin with no make-up; uncoated metal"
"個室","こしつ","single (room), room for one, one's own room, private room, private compartment; private room (in a restaurant, etc.), private dining room; (toilet) stall"
"巴","ともえ","tomoe, heraldic design composed of two or more interlocked comma-shaped figures"
"片目","かため","one eye, one of one's eyes; being blind in one eye, person who is blind in one eye"
"","ゲル","gel"
"","ハッチ","hatch"
"莫斯科","モスクワ","Moscow (Russia)"
"意向","いこう","intention, idea, inclination, wish"
"格闘","かくとう","(hand-to-hand) fight, grapple, scuffle, tussle; struggling (with a problem, task, etc.), grappling, wrestling, getting to grips (with)"
"充実","じゅうじつ","fullness, completeness, perfection, substantiality; enhancement, improvement, enrichment, upgrading; replenishment, repletion"
"若干","じゃっかん, そこばく, そくばく, そこば","some, few, a number of, a little (bit); somewhat, to a certain extent; many, a lot"
"丹念","たんねん","painstaking, careful, meticulous, scrupulous, detailed, elaborate"
"開戦","かいせん","outbreak of war, starting a war"
"共有","きょうゆう","joint ownership, co-ownership, sharing (e.g. a viewpoint); sharing (files, devices on a network, posts on social media, etc.)"
"孤立","こりつ","isolation, being alone, being friendless"
"手遅れ","ておくれ","being too late, losing one's final chance"
"慎む","つつしむ","to be careful, to be discreet; to do in moderation, to refrain (from overdoing), to abstain; to be reverent; to be purified, to be chaste"
"因縁","いんねん, いんえん","fate, destiny; connection, tie, bond, origin; pretext, justification; hetu and prataya (direct causes and indirect conditions, which underlie the actions of all things)"
"憤慨","ふんがい","indignation, resentment"
"初老","しょろう","past middle age, nearing old age, near-elderly; age 40"
"主として","しゅとして","mainly, chiefly, primarily, for the most part"
"供養","くよう","memorial service for the dead, holding a service"
"大概","たいがい","generally, mainly, usually, normally, mostly, for the most part; nearly all, almost all, most; gist, summary, outline, main idea; staying within bounds, not overdoing (something), not getting carried away, not going too far, being moderate; probably, perhaps, in all likelihood; considerably, greatly, really"
"奉仕","ほうし","service, ministry, attendance, church work; offering goods at a reduced price, providing a service for free"
"落胆","らくたん","discouragement, despondency, dejection, disappointment"
"延々","えんえん","endlessly, continuously, (going) on and on; meandering, winding, sinuous, serpentine"
"騎兵","きへい","cavalry, cavalryman, trooper"
"万年","まんねん, よろずとせ","ten thousand years, eternity; perennial, perpetual"
"瓶","びん, ビン","bottle, jar, decanter, flagon, phial, vial"
"諭す","さとす","to make (someone) understand (a fault, mistake, etc.), to reason with, to advise, to try to persuade, to exhort, to admonish, to warn (against doing)"
"千切れる","ちぎれる","to be torn off, to come off; to be torn to pieces, to be torn to shreds"
"総長","そうちょう","president (of a university), vice-chancellor, chancellor; secretary-general, director; leader (esp. of a biker gang)"
"頼もしい","たのもしい","reliable, dependable, trustworthy, reassuring; hopeful, promising"
"水","みず","water (esp. cool or cold); fluid (esp. in an animal tissue), liquid; flood, floodwaters; water offered to wrestlers just prior to a bout; break granted to wrestlers engaged in a prolonged bout"
"弁護","べんご","defense, defence, pleading, advocacy"
"居酒屋","いざかや","izakaya, tavern, bar, etc. that also serves various dishes and snacks"
"詰め込む","つめこむ","to cram, to stuff, to jam, to squeeze, to pack, to crowd"
"下半身","かはんしん, しもはんしん","lower half of the body, nether parts"
"愛しい","いとしい","lovely, dear, beloved, darling, dearest; pitiable, pitiful"
"容姿","ようし","(physical) appearance (of a person), one's face and figure"
"機構","きこう","mechanism, machinery; system, structure, organization, framework"
"理科","りか","science (inc. mathematics, medicine, etc.), natural science; science department (university), science course; science (as a school subject)"
"","ゴロゴロ, ごろごろ, ゴロンゴロン, ごろんごろん","rumbling (of thunder, one's stomach, etc.), grumbling, growling, purring; rolling (of something large and heavy), tumbling; all over the place, everywhere, commonly, in great numbers; idly, lazily, slothfully; (uncomfortable feeling of) having a foreign substance in one's eye, stomach, etc.; thunder"
"荒木","あらき","logs in bark, rough wood, unseasoned timber, new lumber"
"良かったら","よかったら","if you like"
"公式","こうしき","official, formal; formula (e.g. mathematical); official (social media) account (of a company, organization, etc.)"
"主力","しゅりょく","main force, chief object, mainline"
"注射","ちゅうしゃ","injection, jab, shot"
"利子","りし","interest (on a deposit, loan, etc.)"
"土耳古","トルコ","Turkey, Türkiye; turquoise"
"訳す","やくす","to translate, to interpret"
"快活","かいかつ","cheerful, lively, lighthearted"
"悪寒","おかん","chill, shakes, ague"
"為す","なす","to do, to commit, to carry out, to bring about"
"道徳","どうとく","morals, morality"
"名声","めいせい","fame, reputation, renown"
"家畜","かちく","domestic animals, livestock, cattle"
"放課後","ほうかご","after school (at the end of the day)"
"祈祷","きとう","prayer, grace (at meals); exorcism"
"将棋","しょうぎ","shogi, Japanese chess"
"堤","つつみ","bank, embankment, dike"
"鱗","うろこ, こけ, こけら, ウロコ","scale (of fish, snake, etc.); serif (on kana or kanji (e.g. in Mincho font))"
"","ホワイト","white; correction fluid, white-out"
"碼","ヤード","yard (unit of distance)"
"体温","たいおん","body temperature"
"逆転","ぎゃくてん","reversal (of a situation), turnaround, turnabout, turning the tables, sudden change; reversal (of direction of rotation)"
"内臓","ないぞう","internal organs, viscera"
"錆びる","さびる","to rust, to become rusty"
"千代","ちよ","thousand years; very long period, forever"
"一様","いちよう","uniform, equal, even, the same, identical; common, ordinary, usual"
"吋","インチ","inch"
"議会","ぎかい","congress, parliament, diet, legislative assembly"
"光栄","こうえい","honour, honor, glory, privilege"
"取り残す","とりのこす","to leave behind"
"半日","はんにち, はんじつ","half day"
"","ファイル","file (for holding papers); file (collection of documents), filing, keeping on file; file"
"容器","ようき","container, receptacle, vessel, packaging"
"","クラスメイト, クラスメート, クラス・メイト, クラス・メート","classmate"
"会見","かいけん","interview, audience, meeting, (viewing) party"
"気性","きしょう","disposition, temperament, temper, nature"
"硝子","ガラス","glass, pane"
"馬穴","バケツ","bucket, pail"
"黄昏","たそがれ, こうこん","dusk, twilight; twilight years; melancholia, melancholic nostalgia"
"意義","いぎ","meaning, significance"
"船体","せんたい","hull"
"笹","ささ, ササ","bamboo grass, generally smaller species of running bamboo that do not shed their sheaths (e.g. Sasa spp.)"
"あの世","あのよ","the other world, the next world, the world beyond, world after death"
"硫黄","いおう, ゆおう","sulfur (S), sulphur"
"豆腐","とうふ","tofu, bean curd, beancurd"
"書店","しょてん","bookshop, bookstore"
"右足","みぎあし, うそく","right foot; right leg"
"加","か","addition; Canada"
"鼓舞","こぶ","encouragement, inspiration, rousing, stirring up, raising (e.g. morale)"
"王朝","おうちょう","dynasty"
"根本的","こんぽんてき","fundamental, basic"
"本家","ほんけ","head house, main family; founder (of a certain school, style, etc.), originator, birthplace"
"種々","しゅじゅ, くさぐさ","various, a variety of, all kinds of, many, diverse"
"鯉","こい, コイ","common carp (Cyprinus carpio), koi carp"
"交通","こうつう","traffic, transportation, communication, exchange (of ideas, etc.), intercourse"
"義父","ぎふ","father-in-law; foster father; stepfather"
"攻略","こうりゃく","capture (of enemy territory), taking (by storm), conquest, attack, assault; defeating (an opponent); attacking (a problem) strategically; strategy, tactics, walkthrough, guide"
"","ヒント","hint, clue"
"","シャッター, シャッタ, シヤッター, シヤッタ","(camera) shutter; shutter (for a door, window, etc.)"
"方式","ほうしき","form, method, system, formula"
"絵画","かいが","painting, picture"
"校庭","こうてい","schoolyard, school playground, school grounds, campus"
"受け継ぐ","うけつぐ","to inherit, to succeed, to take over"
"胸中","きょうちゅう","one's heart, one's mind, one's intentions"
"嘘つき","うそつき, ウソつき","liar, fibber; lying"
"人事","じんじ","personnel affairs, human affairs, human resources, HR"
"見習う","みならう","to follow (someone's) example, to imitate, to copy, to pattern oneself on; to learn (by observation)"
"移送","いそう","transfer, transport, transportation"
"月日","がっぴ","month and day (of the year), (the) date"
"人参","にんじん, ニンジン","carrot (Daucus carota); Asian ginseng (Panax ginseng)"
"前半","ぜんはん, ぜんぱん","first half"
"乗組員","のりくみいん","crew (of a ship, airplane, etc.), crew member"
"","ノブ, ノッブ","knob; doorknob"
"診察","しんさつ","medical examination, checkup, consultation"
"小刻み","こきざみ","mincing, chopping finely; short and repeated (movements; e.g. trembling, quick steps); gradual, bit by bit, little by little"
"着地","ちゃくち","landing"
"本棚","ほんだな","bookshelves, bookshelf, bookcase"
"如何","どう","how, in what way, how about"
"","フィールド","field; field, meadow; field (of interest, study, etc.); field; field (in a form, web page, etc.), blank"
"画像","がぞう","image, picture, portrait"
"反動","はんどう","reaction, recoil, kick, backlash"
"落語","らくご","rakugo, traditional Japanese comic storytelling, comic story (told by a professional storyteller)"
"仕入れる","しいれる","to buy (stock, materials, etc.), to purchase, to lay in, to stock, to procure; to get, to obtain"
"思いっきり","おもいっきり","to one's heart's content, as much as one wants, as hard as one can, with all one's strength, to the best of one's ability, to the utmost, with determination, hard, heavily; resolution, decisiveness, determination, resignation"
"睡眠","すいみん","sleep"
"電灯","でんとう","electric light"
"本体","ほんたい","substance, true form, true character; main part, main unit, body (of a machine); object of worship (at a shrine, temple, etc.); noumenon; base price, pre-tax price"
"労る","いたわる","to pity, to sympathize with, to sympathise with, to treat with sympathy, to console, to be kind to; to tend to (e.g. an injury), to care for, to nurse, to soothe; to appreciate, to recognize (someone's efforts), to reward for"
"","ふわり, ふうわり, ふーわり","softly, gently, lightly"
"最強","さいきょう","strongest"
"怠る","おこたる","to neglect, to be negligent in, to be neglectful of, to fail to do, to leave undone, to avoid (doing), to shirk, to be unmindful of; to improve (of an illness), to get better"
"商店","しょうてん","shop, store, firm"
"お手伝い","おてつだい","maid, helper; help, assistance"
"","レーダー, レーダ","radar"
"基準","きじゅん","standard, criterion, norm, benchmark, measure, gauge, basis"
"警察署","けいさつしょ","police station"
"","びっしり, ビッシリ","closely (packed, lined up, etc.), tightly, densely; (work) sufficiently"
"官僚","かんりょう","bureaucrat, government official, bureaucracy"
"主役","しゅやく","leading part, leading actor, leading actress"
"暗号","あんごう","code, password, cipher"
"平均","へいきん, へいぎん","average, mean; balance, equilibrium"
"部活","ぶかつ","club activities, extracurricular activities"
"過ち","あやまち","fault, error, indiscretion, faux pas"
"人通り","ひとどおり","pedestrian traffic"
"本質的","ほんしつてき","essential, substantial, substantive, intrinsic"
"正解","せいかい","correct answer, right solution, correct interpretation; right decision, right choice, appropriate judgement"
"軽やか","かろやか, かるやか","light, easy, non-serious, minor"
"無闇に","むやみに","thoughtlessly, recklessly, rashly, indiscriminately, indiscreetly, at random; excessively, unreasonably, immoderately, absurdly"
"夕飯","ゆうはん, ゆうめし","evening meal, dinner, supper"
"","プライド","pride, dignity, self-worth"
"形跡","けいせき","traces, evidence"
"同感","どうかん","same feeling, same sentiment, same opinion, sympathy, agreement, concurrence"
"急行","きゅうこう","hurrying (to somewhere), rushing, hastening; express (train)"
"投稿","とうこう","contribution (to a newspaper, magazine, etc.), submission, post (on a blog, social media, etc.)"
"宵","よい","evening, early night hours"
"酸素","さんそ","oxygen (O)"
"醤油","しょうゆ, しょうゆう","soy sauce, soya sauce, shoyu"
"城主","じょうしゅ","lord of a castle"
"北部","ほくぶ","northern part, the north (of a region)"
"財","ざい","fortune, riches; goods; incorporated foundation"
"揺るぐ","ゆるぐ","to shake, to waver, to tremble"
"費やす","ついやす","to spend, to expend, to consume; to waste, to squander, to throw away; to devote"
"車両","しゃりょう","rolling stock, wheeled vehicle, railroad car"
"雨戸","あまど","sliding storm shutter"
"","ビニール, ビニル, バイナル, ヴァイナル","vinyl, plastic; vinyl record"
"技術者","ぎじゅつしゃ","engineer, technical expert, technician, craftsperson"
"楽屋","がくや","dressing room, green room, backstage; behind the scenes, the inside, inside affairs"
"息吹","いぶき","breath; sign (of something new and fresh), breath (of spring, fresh air, etc.), vitality"
"兄ちゃん","にいちゃん, あんちゃん","(one's) older brother; young man, sonny, lad"
"懸念","けねん","worry, fear, anxiety, concern"
"","きっぱり, キッパリ","clearly, plainly, distinctly, decisively, flatly, definitely, resolutely"
"映し出す","うつしだす","to project, to show (on a screen), to reflect (of a mirror, lake, etc.); to portray, to depict, to describe; to reflect (the times, mood, etc.)"
"一年間","いちねんかん","(period of) one year"
"途絶える","とだえる","to stop, to cease, to come to an end, to cut off"
"脅威","きょうい","threat, menace"
"遂行","すいこう","accomplishment, execution"
"飲み物","のみもの","drink, beverage"
"空母","くうぼ","aircraft carrier"
"学生時代","がくせいじだい","student days"
"大使館","たいしかん","embassy"
"少数","しょうすう","small number, few, minority"
"砲撃","ほうげき","bombarding, shelling, bombardment"
"数千","すうせん","thousands, several thousand"
"背が高い","せがたかい","tall (of a person)"
"ガラス戸","ガラスど","glass door"
"輸入","ゆにゅう, しゅにゅう","import, importation, introduction; afferent"
"主要","しゅよう","chief, main, principal, major"
"直面","ちょくめん","confrontation; to face, to confront, to encounter"
"車体","しゃたい","body (of car), frame"
"優先","ゆうせん","preference, priority, precedence"
"避難","ひなん","taking refuge, finding shelter, evacuation, escape, seeking safe haven"
"映画館","えいがかん","movie theatre, movie theater, cinema"
"通夜","つや, つうや","all-night vigil over a body, wake"
"名称","めいしょう","name, title"
"目玉","めだま","eyeball; special feature, centerpiece, showpiece, drawcard; special program, loss leader; sunny-side up fried egg"
"素早い","すばやい","quick, swift, nimble, agile; quick (understanding, judgement, etc.), alert, prompt"
"","パワー","power"
"真正面","ましょうめん, まっしょうめん","directly opposite, right in front"
"隅々","すみずみ","every corner, every nook and cranny, all the ins and outs"
"オレンジ色","オレンジいろ","orange (colour, color)"
"繋ぐ","つなぐ","to connect, to link together; to tie, to fasten, to restrain; to maintain, to preserve, to keep; to transfer (phone call), to put a person through; to hedge, to buy or sell forward"
"石垣","いしがき, いしがけ","stone wall"
"必死になって","ひっしになって","desperately, for one's dear life"
"客席","きゃくせき","guest seating (e.g. theater, stadium), passenger seat (e.g. taxi); audience"
"活字","かつじ","printing type, movable type; printed text, print"
"欲求","よっきゅう","desire, want, will, wish, urge, craving"
"想定","そうてい","hypothesis, supposition, assumption, expectation, anticipation"
"此処等","ここら","around here, hereabouts; (around) this point, about now"
"自室","じしつ","one's own room"
"却って","かえって","on the contrary, rather, instead, all the more"
"やる気","やるき","will (to do something), drive, motivation, enthusiasm, eagerness"
"","コンビニ","convenience store"
"医","い","medicine, the healing art, healing, curing; doctor"
"吹き込む","ふきこむ","to blow in (of wind, rain, etc.); to blow (air) into (e.g. a balloon), to breathe (new life) into; to inspire (someone) with, to put into someone's head, to instill, to infuse, to indoctrinate with; to record (audio; on tape, vinyl, etc.)"
"現実的","げんじつてき","realistic, pragmatic"
"宿舎","しゅくしゃ","lodging (house), accommodation, hotel; housing (for government employees)"
"絶対的","ぜったいてき","absolute"
"癌","がん, ガン","cancer"
"釈放","しゃくほう","release, liberation, acquittal"
"黒衣","こくい, こくえ, くろぎぬ","black clothes"
"損害","そんがい","damage, injury, loss"
"晩年","ばんねん","one's later years, final years (in life)"
"法師","ほうし, ほっし","Buddhist priest, bonze; layman dressed like a priest; person"
"係長","かかりちょう","subsection head, assistant manager, chief clerk"
"退場","たいじょう","leaving (a hall, meeting, stadium, etc.), exit, walkout; exit (from the stage), leaving the stage"
"牧場","ぼくじょう, まきば","farm (livestock), stock farm, ranch, station; pasture, meadow, grazing land"
"出陣","しゅつじん","going into battle, departure for the front; appearing (in a match); starting an election campaign"
"頂点","ちょうてん","vertex, apex; top (e.g. of a mountain), summit, peak; top (of a profession, field, etc.), summit; peak (of popularity, a boom, etc.), height (e.g. of prosperity), apex, zenith, climax"
"単調","たんちょう","monotony, monotone, dullness; monotone, monotonic"
"烏","カラス, からす","crow (Corvus spp.), raven"
"賑わう","にぎわう","to be crowded with people, to be bustling with; to prosper, to flourish, to do thriving business"
"遺伝子","いでんし","gene"
"末期","まっき","last years, closing years, last days, closing days, end, last stage, final stages, terminal stage (of a disease)"
"創作","そうさく","creation, production, creative work (novel, film, etc.), original work, (creative) writing; fabrication, fiction, invention"
"銃弾","じゅうだん","bullet (from a rifle)"
"軍服","ぐんぷく","military uniform"
"街灯","がいとう","street light, streetlamp"
"見通し","みとおし","unobstructed view, perspective, visibility, vista; forecast, outlook, prospect, prediction; insight, foresight"
"","プラス","plus, addition; positive (number); plus sign, positive symbol; advantage, plus, asset, positive factor, positive effect; profit, gain; anode, plus terminal, positive pole; positive (test result)"
"滅亡","めつぼう","downfall, ruin, collapse, destruction"
"突き当たる","つきあたる","to run into, to collide with, to crash into, to bump against; to come to the end of (a street); to run into (difficulties, problems, etc.), to run up against"
"寝かせる","ねかせる","to put to bed, to let sleep; to lay (something) down, to put on its side; to let (money, goods, etc.) lie idle, to set aside unused, to let (stock) lie unsold; to (let) ferment, to (let) age, to let (dough) rise, to lay down (wine)"
"両国","りょうこく, りょうごく","both countries; Ryōgoku (area of Tokyo)"
"録音","ろくおん","(audio) recording"
"千里","せんり","1000 ri, (a) long distance"
"食い込む","くいこむ","to bite into (e.g. rope into skin), to cut into, to dig into (e.g. of fingernails); to eat into, to encroach, to make inroads, to penetrate (e.g. a market), to break into (e.g. first place), to erode, to cut into (e.g. time, savings); to be wedged (i.e. underwear pulled from the back, driving it between the buttocks)"
"追求","ついきゅう","pursuit (of a goal, ideal, etc.), search, chase, seeking after"
"","モテない, もてない","unwelcome, nerdish, unpopular"
"海水","かいすい","seawater, saltwater"
"嘔吐","おうと","vomiting, emesis"
"","ひらひら, ヒラヒラ","fluttering, flapping, waving; flickering (light, flame, etc.); frill, piece of thin material"
"海底","かいてい, うなぞこ","bottom of the ocean, seafloor, seabed; undersea, submarine"
"適切","てきせつ","appropriate, suitable, fitting, apt, proper, right, pertinent, relevant"
"繰り出す","くりだす","to draw (a thread), to let out (e.g. a rope); to head out as a group, to set out in large numbers, to flock, to sally forth; to send out one after another, to dispatch; to lunge (a spear), to unleash (a punch)"
"平穏","へいおん","tranquil, calm, restful, peaceful, quiet"
"適する","てきする","to fit, to suit"
"転落","てんらく","fall, tumble, spill, plunge, dive; fall (in position, standing, etc.), downfall, descent, degradation, comedown, demotion"
"制限","せいげん","restriction, restraint, limitation, limit"
"可憐","かれん","sweet (e.g. young girls, flowers blooming), touchingly lovely, cute; pitiful, pitiable"
"","マイナス","minus, subtraction, taking away; negative (number); deficit, loss; disadvantage, drawback, handicap; negative charge, cathode, negative terminal, negative pole; minus sign, negative sign; negative (image, effect, thinking, etc.), bad; negative (test result)"
"摘み","つまみ","knob, handle, button; snack (to have with a drink), side dish; a pinch (e.g. of salt); (file) handle; picking, harvesting"
"司令","しれい","command, commander, commandant"
"鉛","なまり","lead (Pb)"
"新人","しんじん","newcomer, new figure, new member, recruit, rookie, new talent, new star; modern humans (from Cro-Magnon man onwards), Homo sapiens"
"辺境","へんきょう","remote region, outlying district, border district, frontier"
"","エピソード","episode, anecdote, vignette; episode"
"手柄","てがら","achievement, feat, meritorious deed, distinguished service"
"敵わない","かなわない","no match for, cannot compete with, not in the same league as, powerless against; cannot stand, cannot bear, cannot put up with, unbearable, intolerable; unable to do, cannot do, impossible"
"引退","いんたい","retirement"
"有能","ゆうのう","able, capable, competent, talented, efficient"
"味噌","みそ, ミソ","miso, fermented condiment usu. made from soybeans; innards (from crabs, shrimps, etc.) resembling miso; key point, main point, good part (of something); weakling, weak person; try"
"嘆息","たんそく","sigh (of grief, disappointment, etc.), grieving, lamenting, deploring"
"標的","ひょうてき","target"
"候補","こうほ","candidate, contender, prospect, pick, choice, list; candidacy, candidature, nomination"
"限定","げんてい","limit, restriction"
"大手","おおて","major company, big company; front castle gate; force attacking the front of a castle"
"部品","ぶひん","parts, accessories, components"
"和解","わかい, わげ","reconciliation, amicable settlement, accommodation, compromise, mediation, rapprochement; court-mediated settlement; translation of a foreign language into Japanese"
"遺族","いぞく","bereaved family, surviving family, family of the deceased"
"上級","じょうきゅう","upper level, upper grade, high rank, advanced level, senior level, upper class"
"凹み","くぼみ, へこみ","hollow, cavity, dent, depression"
"堕落","だらく","depravity, corruption, degradation"
"次長","じちょう","vice-chief, vice-director, assistant director, deputy manager"
"","インデックス, インデクス, インデキス","index"
"寛大","かんだい","tolerant, generous, lenient, broad-minded, magnanimous"
"","インタビュー, インタヴュー, インタビュ, インタービュー, インタビュウ, インタヴュ","interview (on television, in a newspaper, etc.)"
"外相","がいしょう","Foreign Minister"
"晒す","さらす","to expose (to the sun, public, danger, etc.); to bleach, to refine; to rinse (vegetables), to soak; to doxx, to dox, to make someone's private information public without permission; to sentence (someone) to public humiliation"
"","シスター","sister (sibling); (Catholic) sister; sister (female partner in a homosexual relationship)"
"","ベース, ベイス","base, basis, theme, basic ingredient; base (e.g. military), depot; base, base bag"
"形容","けいよう","description, expression (in words), qualification (e.g. of a noun with an adjective), modification, figurative expression, figure of speech, metaphor; form, figure, appearance"
"支店長","してんちょう","branch manager, manager of a branch office"
"速やか","すみやか","quick, speedy, prompt, rapid, swift"
"武将","ぶしょう","military commander"
"仮定","かてい","assumption, supposition, hypothesis; supposition"
"一節","いっせつ","one passage, one paragraph, one stanza, one verse, one section (of a piece of music), one syllable"
"塞がる","ふさがる, ふたがる","to be closed, to be blocked, to be healed (e.g. wound), to be shut up; to be clogged, to be plugged up; to be occupied, to be taken (e.g. accommodation)"
"課題","かだい","subject, theme, issue, matter; homework, assignment; task, challenge, problem, question"
"糸口","いとぐち","beginning, start, first step; clue, lead, hint; thread end"
"起源","きげん","origin, beginning, source"
"夢想","むそう","dream, vision, reverie"
"","よろよろ, ヨロヨロ","tottering, staggering, faltering, reeling"
"阻む","はばむ","to keep someone from doing, to stop, to prevent, to check, to hinder, to obstruct, to oppose, to thwart"
"緒戦","しょせん, ちょせん","beginning of hostilities, beginning of competition; first match (in a series)"
"解除","かいじょ","termination (of a contract), cancellation, rescinding, rescission; lifting (of a ban, sanctions, etc.), removal, release (from obligations), cancellation (of a warning, alert, etc.), calling off (e.g. a strike), releasing (a lock)"
"飛行場","ひこうじょう","airfield, airport"
"","グラウンド, グランド","(sports) ground, (playing) field, playground, stadium"
"科学的","かがくてき","scientific"
"連ねる","つらねる","to line up, to put in a row; to add (to a group), to accept (as a member of an organization, etc.), to join (e.g. a list); to link, to put together, to string together (e.g. compliments), to enumerate; to take along with, to bring with"
"","ナイト","knight"
"投げ込む","なげこむ","to throw into"
"小島","こじま, しょうとう, おじま","small island, islet"
"活気","かっき","energy, vigour, vigor, liveliness, spirit, life, animation"
"","ダイヤモンド, ダイアモンド","diamond; diamond, infield; diamonds (suit)"
"卵","たまご","eggs, egg, spawn, roe; (hen's) egg; a ... in the making, future (lawyer, doctor, etc.), budding ...; beginning, origin, infancy"
"昆虫","こんちゅう","insect, bug"
"己","おのれ","oneself (itself, etc.); I, me; you; by oneself (itself, etc.); interjection expressing anger or chagrin"
"","ポスター, ポスタ","poster"
"好ましい","このましい","nice, likeable, desirable"
"直撃","ちょくげき","direct hit"
"遺憾","いかん","regrettable, unsatisfactory, deplorable, lamentable"
"就任","しゅうにん","assumption (of office), taking up (a post), inauguration, installation"
"鯨","くじら, クジラ","whale (Cetacea spp.)"
"四本","よんほん, しほん","four (long cylindrical things)"
"山荘","さんそう","mountain villa, mountain retreat, mountain cottage"
"残忍","ざんにん","brutal, cruel, merciless, ruthless, cold-blooded"
"お風呂","おふろ","bath"
"","カフェ, カフェー, キャフェ, カッフェー, カッフェ","café, cafe, coffeehouse; hostess bar (serving western alcoholic beverages; Taisho and Showa period)"
"墜落","ついらく","fall, crash (of an aircraft)"
"界隈","かいわい","neighborhood, neighbourhood, vicinity"
"製作","せいさく","manufacture, production; production (of a film, play, TV show, etc.)"
"","ラブ, ラヴ","love; love (in tennis, badminton, etc.)"
"牧野","ぼくや","pasture land, ranch"
"容疑","ようぎ","suspicion, charge"
"","ゲート","gate (for entry, boarding, etc.); gate; logic element"
"見学","けんがく","inspection, study by observation, field trip, tour, review; sitting out (e.g. PE class)"
"系統","けいとう","system; lineage, ancestry, family line; group (e.g. of colors) (colours), family (e.g. of languages), party, school (of thought); close (evolutionary) relationship; a population sharing a common ancestor (in genetics), strain (e.g. bacterial)"
"若々しい","わかわかしい","youthful, young, young-looking"
"火薬","かやく","gunpowder, powder"
"栄える","さかえる","to prosper, to flourish"
"無謀","むぼう","reckless, thoughtless, rash, ill-advised, impulsive, mad (e.g. scheme)"
"突き","つき","thrust, stab, lunge, pass (in fencing); tsuki, thrust to the throat (in kendo); tsuki, thrust to the chest"
"脱走","だっそう","escape, flight, breakout, fleeing, desertion"
"懇願","こんがん","pleading, entreaty, supplication, petition"
"引き離す","ひきはなす","to pull apart, to separate; to have a lead over, to pull ahead of, to outdistance"
"変態","へんたい","transformation; abnormality; sexual perversion, pervert; metamorphosis; transformation, transition, modification"
"仮","かり","temporary, provisional, interim, tentative; fictitious, assumed (name), alias; hypothetical, theoretical"
"追い込む","おいこむ","to herd, to drive, to chase, to corral; to corner, to force someone into doing; to go hard, to push yourself, to make a last charge; to run on (e.g. lines in printing); to have two strikes"
"休憩","きゅうけい","rest, break, recess, intermission"
"苦心","くしん","pains, hard work, effort, trouble, labour, labor"
"余分","よぶん","extra, excess, surplus"
"檸檬","レモン","lemon"
"迷宮","めいきゅう","labyrinth, maze; mystery; dungeon"
"広まる","ひろまる","to spread, to be propagated"
"消費","しょうひ","consumption, expenditure, spending"
"支援","しえん","support, backing, aid, assistance"
"体調","たいちょう","physical condition, state of health, shape"
"実戦","じっせん","combat, battle, action, active service, actual fighting"
"事務室","じむしつ","office (room)"
"","アトリエ","atelier, studio, workshop"
"華麗","かれい","splendid, magnificent, gorgeous"
"登場人物","とうじょうじんぶつ","character (in a play, novel, film, etc.), dramatis personae"
"西側","にしがわ","west side, west bank"
"料理屋","りょうりや","restaurant"
"つま先","つまさき","toes, tips of the toes, toe of a shoe, sock, etc."
"","モード","mode, manner, way; mode; mode"
"承認","しょうにん","recognition, acknowledgement, acknowledgment, approval, consent, agreement"
"回想","かいそう","recollection, retrospection, reflection, reminiscence"
"ひっくり返る","ひっくりかえる, ひっくりがえる","to be overturned, to be reversed, to turn over, to capsize; to fall down, to tumble down, to topple over, to lie on one's back"
"交代","こうたい, こうだい","change, alternation, rotation, replacement, substitution, shift, relief, taking turns"
"果てしない","はてしない","endless, boundless, everlasting"
"","トラップ","trap"
"釜","かま","iron pot, kettle"
"","ポスト","postbox, mailbox, mail box, pillar box; post, position; post (e.g. goalpost); post- (e.g. post-Cold War)"
"","ガウン","gown, elegant dress; dressing gown, bathrobe"
"各自","かくじ","each (person), everyone, individual, respective"
"蛍","ほたる, ホタル","firefly (Luciola cruciata), lightning bug, glowworm"
"閉鎖","へいさ","closing, closure; shutdown, lockout"
"遅刻","ちこく","lateness, tardiness, arriving late"
"家柄","いえがら","social standing of a family, lineage, parentage, pedigree; good family"
"小便","しょうべん, しょんべん, ションベン","urine, piss, pee, urination; breaking a contract"
"付け","つけ, ツケ","bill, bill of sale, payment invoice; tab (for later payment), credit; contact move, direct attack to an enemy stone; sound effect produced by striking a wooden board with clappers; letter; reason, motive, pretext; one's fortune, one's luck"
"立ち直る","たちなおる","to regain one's footing, to get back on one's feet; to recover, (of the market) to improve"
"差し伸べる","さしのべる","to hold out, to extend (e.g. one's hands), to stretch, to reach out for; to thrust (javelin); to offer (e.g. aid, help, etc.)"
"","ドライブ","drive, trip by car, driving; to (go for a) drive, to go on a trip by car; to drive (e.g. a car); to drive (innovation, change, etc.), to propel; drive"
"教官","きょうかん","teacher, instructor, professor"
"博物館","はくぶつかん","museum"
"西方","せいほう, さいほう, にしがた","western direction; Western Pure Land (Amitabha's Buddhist paradise); western fighter in a match (e.g. sumo)"
"潔い","いさぎよい","gracious (defeat, apology, etc.), graceful, honourable (e.g. death), noble, gallant, brave, manly, sportsmanlike; upright, righteous, honest, pure (heart), innocent; unspoiled (scenery, etc.), pure, clean"
"農場","のうじょう","farm (agriculture)"
"高山","こうざん","high mountain, alpine mountain"
"正反対","せいはんたい","exactly the opposite (of), completely opposite, quite contrary"
"斑","むら, ムラ","unevenness (of colour, paint, etc.), irregularity, nonuniformity, blotchiness; unevenness (of quality, results, behaviour, etc.), inconsistency, instability; fickleness, capriciousness, fitfulness"
"いつ頃","いつごろ","about when, about what time, how soon"
"","スケジュール","schedule, program, calendar"
"足場","あしば","scaffold, scaffolding; foothold, footing; foothold (e.g. in business), foundation, base; convenience for transportation, convenience of access (by road or rail)"
"治す","なおす","to cure, to heal"
"連合","れんごう","union, combination, alliance, confederation, coalition; association; RENGO (Japanese Trade Union Confederation)"
"走行","そうこう","running (of a car, bus, etc.), traveling, travelling; running (of a program)"
"抱き合う","だきあう","to embrace each other"
"回答","かいとう","reply, answer"
"顔見知り","かおみしり","acquaintance"
"使い方","つかいかた","way of using (something), way to use, how to use, usage, use; way of handling (employees, subordinates, etc.), way of treating, treatment, management"
"","ギター","guitar"
"露出","ろしゅつ","exposure, laying bare, baring (e.g. skin); exposure; (media) exposure, appearance (on TV, in magazines, etc.)"
"","チャイム","chime, bell (e.g. doorbell)"
"改まる","あらたまる","to be renewed, to change; to be improved, to be reformed, to be revised, to be corrected; to stand on ceremony, to be formal; to take a turn for the worse (of an illness), to take a serious turn"
"国土","こくど, くにつち","country, territory, domain, realm"
"空き地","あきち","vacant land, unoccupied ground, empty lot; empty point"
"進路","しんろ","route, course, path; one's future course (e.g. after graduating high school)"
"瑞西","スイス","Switzerland"
"毎月","まいつき, まいげつ","every month, each month, monthly"
"違反","いはん","violation, offense, offence, breach, transgression, infringement, contravention"
"婚約者","こんやくしゃ","fiance, fiancee"
"後世","こうせい","posterity, future generations, future life"
"丁重","ていちょう","polite, courteous, hospitable"
"騒々しい","そうぞうしい","noisy, loud, boisterous, clamorous, raucous; turbulent, unsettled, restless"
"客観的","きゃっかんてき, かっかんてき","objective"
"渇く","かわく","to be thirsty, to feel thirsty; to thirst for, to crave"
"性能","せいのう","ability, performance, efficiency"
"密室","みっしつ","locked room; secret room"
"明け方","あけがた","dawn, daybreak"
"若い頃","わかいころ","one's youth, early life, one's early days, one's early years"
"冷やかす","ひやかす","to banter, to make fun of, to jeer at; to cool, to refrigerate; to window-shop, to look at without buying"
"取り組む","とりくむ","to grapple with, to wrestle with, to engage in a bout, to be matched against; to tackle (e.g. a problem), to come to grips with, to work hard on"
"公開","こうかい","opening to the public, making available to the public, exhibiting, unveiling, release (of a film, information, etc.), disclosure, publication"
"吊るす","つるす","to hang, to hang up"
"回路","かいろ","circuit (electric); cycle (e.g. Krebs cycle)"
"面目","めんぼく, めんもく, めいぼく","face, honour, honor, reputation, prestige, dignity, credit; appearance, look"
"蝦夷","えみし, えぞ, エミシ","Emishi, Ezo, non-Yamato peoples in northern Japan; Yezo, Hokkaido, Sakhalin and the Kuril Islands"
"弛む","たるむ, たゆむ","to slacken, to loosen, to relax, to droop (e.g. loose or flabby skin), to sag (ceiling); to slack off (e.g. one's work, attention), to not put one's heart in"
"酸化","さんか","oxidation, oxidization"
"主題","しゅだい","subject, theme, motif"
"動員","どういん","mobilization, mobilisation"
"上部","じょうぶ","top part, surface"
"やり切れない","やりきれない","unable to finish (on time, etc.); unbearable, intolerable, beyond endurance, too much"
"合間","あいま","interval, break, pause, spare moment"
"磯","いそ","(rocky) beach, seashore"
"","モール","(shopping) mall, shopping centre; mall (pedestrianized street)"
"尊重","そんちょう","respect, esteem, regard"
"特権","とっけん","privilege, special right"
"典型的","てんけいてき","typical, representative, archetypal, quintessential, stereotypical, model"
"葱","ねぎ, ネギ","Welsh onion (Allium fistulosum), Japanese bunching onion, green onion, spring onion, scallion"
"人間的","にんげんてき","human, human-like, as a person"
"無知","むち","ignorance, innocence, stupidity"
"海老","えび, エビ","prawn, shrimp, lobster"
"並木","なみき","roadside trees, row of trees"
"屏風","びょうぶ","folding screen"
"絶好","ぜっこう","best, ideal, perfect"
"砂利","じゃり, ざり","gravel, ballast, pebbles; child, rugrat, ankle-biter"
"居合わせる","いあわせる","to happen to be present"
"古風","こふう","old-fashioned, archaic, antique, antiquated"
"","プレイ, プレー","play, recreation; playing (a sport), play, game; playing (a musical instrument), musical performance; play (theatrical performance); play ball, starting a match"
"保管","ほかん","charge, custody, safekeeping, deposit, storage"
"芸人","げいにん","(TV) comedian; performer (esp. of a traditional art), entertainer; talented person, accomplished person"
"","しないのではないか, ないのではないか","I think (something) won't (something), probably (something) isn't (something)"
"大規模","だいきぼ","large-scale"
"純","じゅん","innocent, chaste, naive; pure, unmixed, genuine, unalloyed"
"鑑定","かんてい","judgement, judgment, expert opinion, appraisal"
"趣","おもむき","meaning, tenor, gist; effect, influence; appearance, aspect; grace, charm, refinement, taste, elegance"
"天候","てんこう","weather"
"地平線","ちへいせん","horizon (related to land)"
"","こそこそ, コソコソ","sneakily, secretly, stealthily, on the sly"
"","マット","mat; canvas (in boxing or wrestling)"
"気がかり","きがかり","worry, anxiety, concern"
"気違い","きちがい, キチガイ, キチゲェ","madness, madman; enthusiast, freak, junkie"
"気温","きおん","(air) temperature"
"暴走","ぼうそう","acting rashly, running wildly, behaving recklessly, rampaging; runaway (process); reckless baserunning"
"停車","ていしゃ","stopping (of a train, car, etc.), stop"
"お早うございます","おはようございます, おはよーございます","good morning"
"","ちょっぴり, ちょぴり","a tiny bit, just a smidgin, a wee bit, very slightly"
"異議","いぎ","objection, dissent, protest"
"粘る","ねばる","to be sticky, to be adhesive; to persevere, to persist, to stick to, to hold out, to linger"
"四季","しき","the four seasons"
"側近","そっきん","close aide (of a powerful person), close associate, entourage, attendant, retainer"
"要領","ようりょう","point, gist, essentials, tenets, outline; knack, trick, the ropes"
"","さらさら, サラサラ","with a rustling sound; rippling (of a stream, etc.), murmuring, purling; slurping down (ochazuke); quickly and easily (e.g. write a letter), with ease, smoothly, fluently; smooth and dry (hair, sand, etc.), silky, powdery (e.g. snow), free-flowing (e.g. blood)"
"領土","りょうど","territory, domain, dominion, possession"
"手記","しゅき","note, memorandum, memo; memoirs, personal account"
"奥地","おくち, おうち","interior, backwoods, hinterland, back regions"
"","イベント, イヴェント, エベント","event"
"総督","そうとく","governor-general, governor, viceroy"
"家政婦","かせいふ","housekeeper, maid"
"悲痛","ひつう","grief, sorrow, extreme sadness, heartbreak"
"伯剌西爾","ブラジル","Brazil"
"素材","そざい","ingredient, (raw) material, resource; unprocessed timber, raw timber; subject matter, topic"
"入社","にゅうしゃ","joining a company, getting a job with a company, starting work at a company"
"雑木林","ぞうきばやし, ざつぼくりん","grove of miscellaneous trees, copse, coppice, thicket"
"震動","しんどう","shock, tremor, impact, vibration"
"仙人","せんにん","immortal mountain wizard (in Taoism), mountain man (esp. a hermit); person not bound by earthly desires"
"解答","かいとう","answer, solution"
"教団","きょうだん","religious organization, religious organisation"
"","パルス","pulse"
"景気","けいき","business conditions, the market, economic activity, economic climate; good (economic) times, prosperity, boom; liveliness, energy, vigour, vigor, spirit"
"腐敗","ふはい","decomposition, putrefaction, putrescence, spoilage; corruption, degeneracy, decay, depravity"
"野獣","やじゅう","wild beast, wild animal, brute"
"四国","しこく","Shikoku (smallest of the four main islands of Japan)"
"会談","かいだん","talks (i.e. formal discussions), conference, meeting"
"混雑","こんざつ","congestion, crush, crowding, jam; confusion, disorder"
"後日","ごじつ, ごにち","in the future, another day, later"
"退却","たいきゃく","retreat, withdrawal, retirement"
"","ぎっしり, ギッシリ, ぎっちり, ギッチリ","tightly (packed), densely, closely, crammed"
"","ビクビク, びくびく","being afraid of, being fearful, being timid, being nervous; trembling, shivering"
"人材","じんざい","capable person, talented person; human resources, personnel"
"一遍","いっぺん","once, one time; exclusively, only, alone"
"","エリート","elite"
"社内","しゃない","within a company, in-house; within a shrine, shrine precincts"
"","ニック","nick"
"寿命","じゅみょう","lifespan, life, lifetime; life (of a battery, lightbulb, etc.), service life, end of an object's (useful) life"
"中途半端","ちゅうとはんぱ","halfway, half measures, unfinished, incomplete, by halves, half-baked, half-cocked, half-hearted, half-arsed, half-assed"
"","チーズ","cheese; tee (piping), T-joint; cheese (said when taking a photograph)"
"臨時","りんじ","temporary, provisional, interim; special, extraordinary, extra"
"","バター, バタ","butter"
"店舗","てんぽ","shop, store, establishment, restaurant"
"空虚","くうきょ","emptiness, hollowness, vacancy, void; inanity, pointlessness, meaninglessness"
"相互","そうご","mutual, reciprocal"
"花びら","はなびら","petal"
"切り離す","きりはなす","to cut off (from), to separate, to detach, to sever, to uncouple"
"忌まわしい","いまわしい","abhorrent, abominable, detestable, disgusting, horrid, repugnant; ominous, inauspicious, unlucky"
"引き止める","ひきとめる","to detain, to check, to restrain, to stop"
"供給","きょうきゅう","supply, provision"
"如し","ごとし","like, as if, the same as"
"見っともない","みっともない","shameful, disgraceful, unsightly, indecent, unseemly, unbecoming, improper"
"揉める","もめる, モメる","to disagree, to dispute, to fight (over)"
"風俗","ふうぞく, フーゾク","manners, customs; public morals; sex service, sex industry, sex-oriented entertainment"
"保温","ほおん","retaining warmth, keeping heat in, heat insulation"
"年生","ねんせい","nth-year student, nth-year pupil"
"威嚇","いかく","threat, intimidation, menace"
"奮って","ふるって","energetically, strenuously, heartily"
"連日","れんじつ","day after day, every day"
"憤り","いきどおり","resentment, indignation, anger"
"疑念","ぎねん","doubt, suspicion, misgivings, scruples"
"反感","はんかん","antipathy, antagonism, animosity, revulsion, ill feeling"
"和らげる","やわらげる","to soften, to moderate, to relieve"
"逸らす","そらす","to turn away (one's eyes, face, etc.), to avert, to divert (e.g. one's attention), to evade (e.g. a question), to change (e.g. the subject); to displease, to annoy, to offend, to upset; to miss (the target, ball, etc.)"
"詐欺","さぎ","fraud, swindle, graft, cheating, trick, scam; saying you're going to do something but in the end not doing it, making promises without keeping them, flaking out"
"先週","せんしゅう","last week, the week before"
"","ロード","road"
"町内","ちょうない","neighborhood, neighbourhood, street, block, town"
"略","りゃく","abbreviation, omission; outline, gist; plan, strategy, scheme"
"心理的","しんりてき","psychological, mental"
"料亭","りょうてい","ryotei, traditional Japanese restaurant (esp. a luxurious one)"
"救出","きゅうしゅつ","rescue, extricate, reclaim, deliverance"
"融資","ゆうし","financing, loan"
"白羽","しらは","white feather"
"講師","こうし","speaker, lecturer; lecturer (at a university or college), instructor; part-time teacher; tutor (at a cram school)"
"解消","かいしょう","cancellation, liquidation, resolution, reduction (e.g. of stress)"
"警護","けいご","bodyguard, escort"
"宿命","しゅくめい","fate, destiny, predestination"
"改革","かいかく","reform, reformation, reorganization"
"第三者","だいさんしゃ","third party, third person, outsider, disinterested person"
"切腹","せっぷく","seppuku, harakiri, ritual suicide by disembowelment; seppuku as a death penalty (where the convict is decapitated by a second as they make the motions to disembowel themself; Edo period)"
"断","だん","decision, judgment, resolution"
"","ブレーキ","brake; (a) stop (to a development, behavior, etc.), (the) brakes"
"誰にでも","だれにでも","anyone, anybody, everyone, whoever"
