"錦","にしき","brocade; fine dress, fine clothes"
"対照的","たいしょうてき","contrastive"
"","オレンジ","orange (fruit, colour)"
"一遍に","いっぺんに","(all) at once, at the same time, in one go, in one sitting; right away, in an instant"
"漆黒","しっこく","jet-black, pitch-dark, raven-black, stygian"
"前髪","まえがみ","forelock, bangs"
"火災","かさい","conflagration, fire"
"激怒","げきど","rage, fury"
"縮む","ちぢむ, ちじむ","to shrink, to contract, to diminish (in size)"
"株式会社","かぶしきがいしゃ","stock company, corporation, kabushiki kaisha, KK"
"","カーブ","curve, turn, bend; curveball, curve ball"
"雑談","ざつだん","chatting, idle talk"
"腿","もも","thigh"
"身元","みもと","(one's) identity, background, upbringing, birth (and parentage); (one's) character"
"","シティ, シティー","city"
"","パニック","panic"
"生存","せいぞん","existence, being, life, survival"
"","パチパチ, ぱちぱち","crackling, cracking, snapping, popping, clicking; clapping; incessantly (blinking)"
"会議室","かいぎしつ","conference room, council room"
"鋼鉄","こうてつ","steel"
"勇む","いさむ","to be in high spirits, to be encouraged, to be lively, to cheer up"
"冷淡","れいたん","cool, indifferent, apathetic, half-hearted; cold, cold-hearted, heartless, unkind"
"煙突","えんとつ","chimney, smokestack, funnel (of a ship), stovepipe; carrying a passenger without turning on the taximeter"
"奏でる","かなでる","to play an instrument (esp. string instruments); to dance"
"不当","ふとう","unfair, unjust, wrongful, improper, unreasonable, unwarranted, unjustified, undeserved, undue"
"前もって","まえもって","in advance, beforehand, previously, ahead of time"
"信ずる","しんずる","to believe, to believe in, to place trust in, to confide in, to have faith in"
"儲かる","もうかる","to be profitable, to yield a profit"
"に際して","にさいして","on the occasion of, at the time of, when, during"
"瓦","かわら","tile (e.g. roof)"
"割り込む","わりこむ","to cut into (a line, conversation, etc.), to force oneself into (e.g. a crowd), to wedge oneself into, to squeeze oneself into, to intrude on, to interrupt; to fall below (of stock prices, sales, etc.), to drop below"
"福岡","ふくおか","Fukuoka (city, prefecture)"
"お気に入り","おきにいり","favorite, favourite, pet (e.g. teacher's pet); bookmark (in a web browser)"
"公表","こうひょう","official announcement, proclamation"
"背丈","せたけ, せいたけ","stature, height"
"終戦","しゅうせん","end of war, cessation of hostilities"
"指名","しめい","naming, nominating, designating; calling on, asking for, requesting"
"小指","こゆび","little finger, pinky; little toe"
"","ランチ","lunch; (Western-style) single-plate lunch set, plate lunch, lunch set"
"便り","たより, だより","news, tidings, information, correspondence, letter"
"花壇","かだん","flower bed"
"地形","ちけい, じぎょう","terrain, geographical features, topography"
"仕事場","しごとば","place where one works, construction site, working area"
"","このため","because of this"
"出産","しゅっさん","childbirth, (giving) birth, delivery, parturition; production (of goods)"
"御目出度う","おめでとう","congratulations!, well done!, best wishes!, all the best!"
"痛手","いたで","serious wound; hard blow"
"長女","ちょうじょ","eldest daughter, first-born daughter"
"身震い","みぶるい","shivering (with cold), trembling (with fear), shuddering"
"交差点","こうさてん","crossing, intersection"
"","コーラ","cola (carbonated soft drink); kola tree (Cola acuminata, etc.), cola tree"
"","ぎこちない, ぎごちない","awkward, clumsy, stiff, crude, unrefined, constrained"
"","キット","kit"
"差し支える","さしつかえる","to interfere (with), to hinder, to be hindered (from doing), to become impeded, to have difficulty, to suffer inconvenience"
"幼稚園","ようちえん","kindergarten (in Japan, non-compulsory education from age 3 until primary school), preschool"
"裁判官","さいばんかん","judge"
"聖地","せいち","sacred place, holy ground, the Holy Land; real-life location used as a setting in a novel, film, anime, etc."
"定か","さだか","definite, sure"
"基づく","もとづく","to be based (on), to be founded (on), to be grounded (on), to be in accordance (with); to be due to, to come (from), to arise (from), to originate (in)"
"組み立てる","くみたてる","to assemble, to put together, to set up, to construct, to build, to compose (a story, poem, etc.); to form (words, sentences, etc.)"
"区切る","くぎる","to divide, to separate, to partition, to demarcate, to delimit, to mark off; to punctuate, to mark off (with a comma), to insert pauses (between words or phrases when reading aloud), to space one's words"
"","ドーム","dome"
"到来","とうらい","arrival, coming, advent"
"破裂","はれつ","bursting, rupture, explosion; breakdown (of talks, negotiations, etc.), breaking off"
"清らか","きよらか","clean, clear; pure, honest, clean, innocent, platonic, chaste"
"初代","しょだい","first generation, founder"
"合計","ごうけい","sum total, total amount"
"","チップ","tip, gratuity; foul tip; tip (of a ballpoint pen)"
"漁る","あさる, すなどる, いさる","to fish; to look for, to search for, to hunt for, to scavenge, to scrounge, to look through, to rummage through; to go on a spree (spending, reading, etc.), to binge"
"買い手","かいて","buyer"
"八千代","やちよ","very long period, forever; eight thousand years"
"代償","だいしょう","compensation, reparation, indemnification; price (of achieving a goal), cost; paying compensation on someone's behalf; compensation; compensation, substitution"
"企み","たくらみ","plot, scheme, trick, design, intrigue, artifice, conspiracy"
"","パネル","panel"
"夕刊","ゆうかん","evening edition (of a daily newspaper), evening paper"
"同居","どうきょ","living together, coexistence"
"","がっちり, ガッチリ","solid, robust, well-built; tight, taut; shrewd, calculating, astute"
"屋台","やたい","cart (esp. a food cart), stall, stand; festival float, portable shrine dedicated to a god and shaped like a house, dancing platform; stage prop fashioned after a large building; framework (of a building), foundation; house (esp. a small and miserable one)"
"撒く","まく","to scatter, to sprinkle, to strew; to distribute (flyers, etc.), to give out, to hand out; to shake off (a pursuer, companion, etc.), to give the slip, to throw off, to lose, to get rid of"
"","ストーリー, ストーリ, ストリー","story, tale, legend; plot, storyline"
"躍り","おどり","leaping, jumping, spring, exciting"
"観音","かんのん","Avalokiteshvara (Bodhisattva), Avalokitesvara, Kannon, Kwannon, Guanyin, Buddhist deity of compassion"
"戒める","いましめる","to warn against, to caution against; to admonish, to scold, to rebuke; to prohibit, to forbid, to ban; to be cautious; to detest, to loathe; to punish"
"お菜","おかず, オカズ","small dish (usu. one of several accompanying rice), side dish; fill, fill-in (drumming); jack-off material, something to masturbate to"
"解体","かいたい","demolition, taking down, dismantling, disassembly, taking apart; dissolution (of an organization, company, etc.), breaking up; dissection (of a body), dismemberment"
"航行","こうこう","cruise, navigation, sailing"
"戸外","こがい","open air, outdoors, outside"
"対峙","たいじ","standing facing each other (e.g. mountains, buildings), standing opposite each other; confrontation, squaring off against (adversaries, armies, forces), standing off against, holding one's own with"
"値打ち","ねうち","value, worth, merit; estimation, evaluation, appraisal"
"","サッカー","soccer, (association) football"
"謝罪","しゃざい","apology"
"経由","けいゆ, けいゆう","going through, going via, going by way of"
"人相","にんそう","looks, countenance, facial features; physiognomy"
"取り除く","とりのぞく","to remove, to deinstall, to take away, to set apart"
"","ステッキ","(walking) stick, cane, wand"
"知事","ちじ","prefectural governor"
"寝息","ねいき","breathing of a sleeping person"
"農業","のうぎょう","agriculture, farming"
"焦げる","こげる","to burn, to scorch, to char, to singe"
"不意","ふい","sudden, abrupt, unexpected, unforeseen"
"独","どく","Germany"
"卑劣","ひれつ","mean, contemptible, despicable, dirty, foul, cowardly, base"
"致命的","ちめいてき","fatal, lethal"
"鎌","かま","sickle; leading question, trick question; sickle-and-chain (weapon); spear with curved cross-blades; gooseneck tenon and mortise joint; noisiness; part of a fish around the gills"
"射殺","しゃさつ","shooting to death"
"消耗","しょうもう, しょうこう","exhaustion, consumption, using up, dissipation, waste"
"希臘","ギリシャ, ギリシア, ギリシヤ","Greece"
"軍医","ぐんい","military physician or surgeon"
"前途","ぜんと","future, prospects, outlook; journey ahead, distance yet to cover"
"","スパーク","spark"
"","クロス, クロース","cloth; tablecloth; wallpaper, wall fabric"
"徹夜","てつや","staying up all night"
"夜間","やかん","night, nighttime"
"知覚","ちかく","perception, sensation, awareness"
"条約","じょうやく","treaty, pact, convention, agreement"
"垂直","すいちょく","vertical; perpendicular"
"炸裂","さくれつ","violent explosion, bursting"
"大笑い","おおわらい","great laughter, burst of laughter"
"後部","こうぶ","rear, stern"
"番地","ばんち","house number, address"
"各種","かくしゅ","every kind, all sorts"
"視覚","しかく","(sense of) sight, eyesight, vision"
"執行","しっこう, しゅぎょう, しゅうぎょう, しぎょう","execution, carrying out, performance, enforcement, exercise, service, conduct; execution; lead monk performing various tasks in a temple"
"","サイレン","siren"
"担任","たんにん","being in charge of (esp. a class or subject), taking charge of; class teacher, homeroom teacher, form teacher"
"娼婦","しょうふ","prostitute"
"ぶっきら棒","ぶっきらぼう","curt, blunt, brusque"
"延長","えんちょう","extension, elongation, prolongation, lengthening; (total) length; extension (e.g. of one's work), continuation; extension (of a line segment); extension (property of occupying space); Enchō era (923.4.11-931.4.26)"
"蕾","つぼみ","(flower) bud; promising young person, budding beauty"
"書記","しょき","clerk, secretary; writing down, putting on record"
"母子","ぼし, ははこ, おやこ","mother and child"
"催促","さいそく","pressing, urging, demanding, demand"
"","ね, ねー, ねえ, ねぇ","right?, isn't it?, doesn't it?, don't you?, don't you think?; hey, say, listen, look, come on; you know, you see, I must say, I should think; will you?, please; so, ..., well, ..., you see, ..., you understand?; I'm not sure if ..., I have my doubts about whether ..."
"不正","ふせい","injustice, unfairness, wrongdoing, iniquity, impropriety, irregularity, dishonesty, illegality, fraud"
"亀裂","きれつ","crack, crevice, fissure, chap, rift"
"船員","せんいん","sailor, seaman, seafarer"
"平等","びょうどう","equality, impartiality, evenness"
"調和","ちょうわ","harmony, accord, reconciliation, agreement"
"執念","しゅうねん","tenacity, persistence, obsession, implacability"
"頂","いただき","crown (of head), summit (of mountain), spire; easy win for one; something received"
"帰り道","かえりみち","the way back, the way home, return trip"
"故意","こい","intent, intention, bad faith; mens rea (guilty mind)"
"今ひとつ","いまひとつ","one more, another (one); (not) quite, (not) entirely, (not) enough, somewhat (lacking)"
"安らぐ","やすらぐ","to feel at ease"
"大空","おおぞら","wide open sky, the blue, heavens, firmament"
"高らか","たからか","loud, sonorous, ringing"
"積み重ねる","つみかさねる","to pile up, to accumulate"
"伊","い","Italy"
"","ブーム","boom, craze, fad; (economic) boom; boom (of a boat); (microphone) boom"
"図々しい","ずうずうしい, ずーずーしい","impudent, shameless, brazen, forward, audacious, cheeky"
"蒸気","じょうき","steam, vapour, vapor; steamboat, steam locomotive"
"実施","じっし","enforcement, implementation, putting into practice, carrying out, operation, working (e.g. working parameters), enactment"
"出動","しゅつどう","mobilization, going into action, being dispatched, being sent out, being called in, turning out"
"絆","きずな, きづな","bond (between people), (emotional) ties, bonds, relationship, connection, link; tether, fetters"
"お祝い","おいわい","congratulation, congratulations, celebration, festival; congratulatory gift, present"
"任命","にんめい","appointment, nomination, ordination, commission, designation"
"口紅","くちべに","lipstick"
"事実上","じじつじょう","as a matter of fact, actually, effectively, in reality, in effect"
"劇団","げきだん","troupe, theatrical company"
"参照","さんしょう","reference (e.g. to a dictionary, passage, footnotes), consultation, comparison; browsing (to a file or folder)"
"","アリア","aria"
"再婚","さいこん","second marriage, remarriage"
"船室","せんしつ","stateroom, cabin"
"","クッション","cushion; cushion (to soften the blow), mitigation"
"三味線","しゃみせん, さみせん","shamisen, samisen, three-stringed Japanese lute"
"","パンチ","punch (with the fist); punching (a hole), hole punch; punch (drink); punch (in a song, speech, etc.), impact"
"統治","とうち, とうじ","rule, reign, government, governing"
"隣人","りんじん","neighbour, neighbor, (people in the) neighbourhood, neighborhood"
"浴槽","よくそう","bathtub"
"没頭","ぼっとう","immersing oneself in, being absorbed in, devoting oneself to, giving oneself up entirely to"
"正門","せいもん","main gate, main entrance"
"境界","きょうかい","boundary, border, limit, bounds, frontier"
"分裂","ぶんれつ","split, division, break up"
"功績","こうせき","achievement, meritorious deed, distinguished service, contribution"
"登録","とうろく","registration, accession, register, entry, record, subscription"
"語彙","ごい","vocabulary, lexicon, lexis, terminology"
"総統","そうとう","supreme ruler, generalissimo; president (of Taiwan); führer, fuehrer"
"店主","てんしゅ","shopkeeper, storekeeper, proprietor of a shop"
"和服","わふく","Japanese clothes"
"常務","じょうむ","managing director, executive director; routine business, regular business"
"分類","ぶんるい","classification, categorization, sorting"
"お土産","おみやげ, おみあげ","local specialty or souvenir bought as a gift while traveling (travelling); present brought by a visitor; something unpleasant that one is given (e.g. an illness while on vacation), unwelcome gift, disservice"
"","ジャングル","jungle; jungle, jungle music"
"欠陥","けっかん","defect, fault, flaw, deformity, deficiency, shortage, gap"
"","レール","rail (track); (curtain) rail, track (for a sliding door); groundwork, spadework, preparations, arrangements"
"全面的","ぜんめんてき","total, complete, all-out, general, extensive, full-scale"
"供述","きょうじゅつ","affidavit, deposition, testimony"
"取り替える","とりかえる","to exchange, to swap, to barter; to replace, to substitute"
"現れ","あらわれ","embodiment, manifestation, materialization, materialisation, expression, indication"
"見直し","みなおし","review, reconsideration, revision"
"社会党","しゃかいとう","Socialist Party"
"決算","けっさん","settlement of accounts, closing accounts, financial results, reporting (of accounts)"
"冷戦","れいせん","cold war, the Cold War"
"現行","げんこう","present, current, in operation"
"定数","ていすう, じょうすう","fixed number, quorum (for an assembly); constant, invariable; literal; fate"
"党首","とうしゅ","party leader"
"変わった","かわった","unusual, abnormal, strange, odd, peculiar, weird, different"
"理","り","reason, principle, logic; general principle (as opposed to individual concrete phenomenon); the underlying principles of the cosmos (in neo-Confucianism)"
"下院","かいん","lower house, lower legislative chamber"
"原発","げんぱつ","nuclear power plant, nuclear power generation; primary (e.g. primary immunodeficiency syndrome)"
"国民投票","こくみんとうひょう","national referendum"
"債務","さいむ","debt, liabilities, obligation to a person or party (usu. legal or contractual)"
"最高裁","さいこうさい","Supreme Court"
"低迷","ていめい","hanging low (of clouds); remaining low (of sales, stock prices, etc.), remaining sluggish (of the economy, market, etc.), hovering (around a low level), floundering, slump, depression"
"同月","どうげつ","the same month"
"年内","ねんない","remainder of the year, rest of the year"
"保全","ほぜん","preservation, conservation, maintenance, integrity"
"包括","ほうかつ","inclusion, complete coverage, comprehensiveness"
"連勝","れんしょう","consecutive victories, series of victories, winning streak"
"里","り","Japanese league, ri, old Japanese unit of distance, approx. 3.927 km or 2.44 miles; neighbourhood (under the ritsuryō system; orig. of 50 homes); unit of area (approx. 654 m by 654 m)"
"終値","おわりね","closing price"
"盛り込む","もりこむ","to incorporate, to include; to fill (a vessel) with"
"税率","ぜいりつ","tariff; tax rate"
"中小企業","ちゅうしょうきぎょう","small and medium-sized enterprises, small and medium-sized businesses"
"満塁","まんるい","bases loaded"
"利用者","りようしゃ","user, end-user, consumer, patron, customer, client"
"連敗","れんぱい","consecutive defeats, series of defeats"
"無所属","むしょぞく","independent (esp. in politics), non-partisan"
"公約","こうやく","public commitment, public promise, campaign pledge, official vow"
"発電","はつでん","generation of electricity, power generation; sending a telegram, telegraphing"
"供与","きょうよ","giving, provision, furnishing"
"財務","ざいむ","financial affairs"
"終盤","しゅうばん","endgame, final stage"
"令","れい","command, order, dictation; nth year in the Reiwa era (May 1, 2019-)"
"速球","そっきゅう","fastball"
"経","きょう","sutra, Buddhist scriptures"
"強気","つよき","confident, assured, self-assured, firm, strong, cocksure; bullish"
"参議院","さんぎいん","House of Councillors (upper house of the National Diet of Japan)"
"冬季","とうき","winter season, winter"
"法学","ほうがく","law, jurisprudence"
"憲章","けんしょう","charter"
"債券","さいけん","bond, debenture"
"商法","しょうほう","business practice, business method, commerce; commercial law"
"先制","せんせい","head start, initiative, preemption"
"選挙戦","せんきょせん","election campaign"
"贈賄","ぞうわい","giving a bribe, bribery"
"届け出","とどけで","report, notification"
"労使","ろうし","labour and management, labor and management"
"離党","りとう","secession from a political party"
"売り","うり","sale, selling; selling point, gimmick; seller, vendor; prostitution"
"円安","えんやす","depreciation of the yen, weak yen"
"検定","けんてい","official certification, official approval, inspection, verification, examination; certification examination, licensing examination, proficiency test; hypothesis testing"
"古典","こてん","classic (work, esp. book), the classics"
"五分","ごぶ","half, 50%, tie, evenness; 5 parts, 5%"
"控訴","こうそ","appeal to a higher court, intermediate appeal"
"遵守","じゅんしゅ","observance (of laws, rules, etc.), adherence, obeying, following, abiding by, compliance"
"両面","りょうめん","both sides, two sides, double-sided"
"一票","いっぴょう","one vote, one ballot"
"解任","かいにん","dismissal (from a post), discharge, removal"
"核実験","かくじっけん","nuclear (bomb) test"
"慣行","かんこう","customary practice, habit, traditional event"
"広がり","ひろがり","spread, span, expanse, extent"
"控除","こうじょ","subtraction, deduction (e.g. of tax)"
"国務","こくむ","affairs of state"
"今夏","こんか","this summer, next summer, last summer"
"需給","じゅきゅう","supply and demand"
"総合的","そうごうてき","comprehensive, composite, all-round, all-embracing, general, overall, combined, synthetic (e.g. language)"
"駐日","ちゅうにち","resident in Japan (of a foreign ambassador, government official, etc.)"
"内訳","うちわけ","itemization (of expenses), the items, breakdown, classification"
"民族主義","みんぞくしゅぎ","nationalism"
"賛否","さんぴ","yes and no, for and against"
"米価","べいか","rice price"
"代替","だいたい, だいがえ","substitution; alternative, substitute"
"解禁","かいきん","lifting a ban, raising an embargo, opening a season (hunting, fishing, etc.); publishing contents, revealing information"
"教材","きょうざい","teaching materials"
"打率","だりつ","batting average"
"貸付","かしつけ","loan"
"内定","ないてい","tentative decision, unofficial offer (esp. job offer), informal offer"
"皮切り","かわきり","beginning, start"
"小売り店","こうりてん","retail store, retail shop"
"自主的","じしゅてき","independent, autonomous, voluntary, of one's own initiative"
"組閣","そかく","formation of a cabinet"
"一因","いちいん","one cause, one reason, one factor"
"歌劇","かげき","opera"
"規約","きやく","agreement, rules, code, protocol, convention, bylaw"
"給付","きゅうふ","provision (of money or goods), furnishing, conferral, payment, delivery, benefit"
"自由化","じゆうか","liberalization, liberalisation, freeing"
"生態系","せいたいけい","ecosystem"
"草の根","くさのね","roots of grass, places hidden from sight; grassroots (e.g. of a political party), rank and file"
"糖尿病","とうにょうびょう","diabetes, diabetes mellitus"
"年次","ねんじ","annual, yearly; year (e.g. of graduation), nth year (e.g. student), order by year"
"部数","ぶすう","number of copies, circulation"
"申し入れ","もうしいれ","proposal, offer, report, proposition, notice, request"
"課程","かてい","course, curriculum"
"均等","きんとう","equal (distribution, treatment, level, etc.), even, uniform"
"人道的","じんどうてき","humane"
"単一","たんいつ","single, simple, sole, individual, unitary"
"定価","ていか","list price, regular price, established price"
"液晶","えきしょう","liquid crystal"
"国際法","こくさいほう","international law, law of nations"
"混戦","こんせん","confused fight, free-for-all, melee; close contest, close match"
"消息筋","しょうそくすじ","informed circles"
"上告","じょうこく","final appeal to the highest court"
"弾み","はずみ","bounce, spring, rebound; momentum, impetus, impulse, stimulus, inertia; moment, instant, impulse, chance"
"陳情","ちんじょう","petition, appeal"
"内線","ないせん","phone extension, indoor wiring, inner line"
"相乗り","あいのり","riding together, sharing a car (taxi, etc.), ridesharing; doing in collaboration; backing of the same candidate by different political parties"
"催し","もよおし","event, festivities, function, social gathering, auspices, opening, holding (a meeting)"
"社説","しゃせつ","editorial, leading article, leader"
"飾り","かざり","decoration, ornament, trimmings"
"出国","しゅっこく, しゅつごく","departure from a country, leaving a country"
"案件","あんけん","matter (to discuss), item (on the agenda), issue, topic, case; (court) case; project, enterprise; advertisement, sponsorship spot, promotional"
"健康保険","けんこうほけん","health insurance"
"台頭","たいとう","rise (e.g. of a movement), emergence, rearing one's head, gaining prominence, coming to the fore, gaining power, gathering strength"
"盗塁","とうるい","base stealing, steal, stolen base"
"陪審","ばいしん","jury"
"躍進","やくしん","making rapid progress, making great advances, rush, dash, onslaught"
"上方","じょうほう","upper part, upper region, region above"
"年率","ねんりつ","annual rate (of interest)"
"政治犯","せいじはん","political offense, political offence, political crime; political offender, political prisoner, prisoner of conscience"
"時限","じげん","(school) period; period or division of time, time limit"
"給水","きゅうすい","water supply, supplied water, water refill"
"綱引き","つなひき","tug of war; forward puller (of a rickshaw)"
"高水準","こうすいじゅん","high level"
"差額","さがく","balance, difference (in price, cost), margin"
"産卵","さんらん","egg-laying, spawning"
"磁気","じき","magnetism"
"声楽","せいがく","vocal music"
"替え玉","かえだま","stand-in, proxy, substitute, double, ringer; second serving of noodles (to add to one's remaining ramen broth)"
"反体制","はんたいせい","anti-establishment"
"不可分","ふかぶん","atomic, indivisibility"
"履行","りこう","performance (of a duty), fulfillment (of a promise), fulfilment, execution (of a contract), discharge, implementation"
"一色","いっしょく","one color; one kind; one tendency, being the sole mood, sentiment, focus of attention, etc."
"割安","わりやす","economical, comparatively cheap"
"投与","とうよ","administration (of medicine), giving medication"
"融和","ゆうわ","harmony, reconciliation"
"禁錮","きんこ","imprisonment (without forced labour), incarceration, confinement"
"前売り","まえうり","advance sale, booking"
"間接税","かんせつぜい","indirect tax"
"帰属","きぞく","belonging, ascription, attribution, imputation, possession, jurisdiction; reversion, return, restoration"
"凶作","きょうさく","bad harvest, poor crop"
"空前","くうぜん","unprecedented, record-breaking"
"公私","こうし","public and private matters, official and personal affairs, professional and personal lives"
"時期尚早","じきしょうそう","premature"
"贈呈","ぞうてい","presentation (of a gift, prize, etc.)"
"毒性","どくせい","toxicity, virulence; toxic, virulent, poisonous"
"独走","どくそう","running alone, running solo; having a large lead (over the others), being far ahead (of everyone else); having one's own way, ignoring others' opinions and acting as one wishes, arbitrary action"
"冷害","れいがい","cold-weather damage (to crops)"
"感染症","かんせんしょう","infectious disease, infection"
"多角的","たかくてき","multilateral, many-sided, diversified"
"水位","すいい","water level"
"救い","すくい","help, rescue, aid, relief; salvation, solace, (source of) comfort, saving grace; (religious) salvation, (Christian) grace"
"最小","さいしょう","smallest (in size, degree, etc.), least, minimum, minimal"
"水害","すいがい","water damage, flood disaster"
"低温","ていおん","low temperature"
"圧勝","あっしょう","overwhelming victory, crushing victory, sweeping victory, landslide victory"
"格安","かくやす","(very) cheap, (very) inexpensive, cut-price, bargain (price)"
"啓発","けいはつ","enlightenment, development, edification, public awareness, illumination, education, inspiration"
"古都","こと","ancient city, former capital"
"交響楽団","こうきょうがくだん","symphony orchestra"
"公民権","こうみんけん","civil rights, franchise, citizenship"
"仕上がり","しあがり","finish, end, completion, result"
"就学","しゅうがく","entering school, school attendance"
"随時","ずいじ","whenever necessary, as needed, as required, as occasion demands; at any time, at all times"
"政情","せいじょう","political situation, political affairs"
"脱却","だっきゃく","ridding oneself, freeing oneself of, growing out of, overcoming, outgrowing"
"同数","どうすう","same number"
"覇権","はけん","hegemony"
"頻度","ひんど","frequency (of occurrence)"
"埋蔵","まいぞう","burying in the ground; having underground deposits"
"落選","らくせん","failing to be elected, election defeat, losing an election; not being accepted (for a prize, exhibition, etc.), rejection, failing to win a prize"
"国勢調査","こくせいちょうさ","(national) census"
"最年少","さいねんしょう","youngest"
"悔い","くい","regret, repentance"
"税務署","ぜいむしょ","tax office"
"密売","みつばい","illicit sale, smuggling, bootlegging, trafficking"
"振込","ふりこみ","payment made via bank deposit transfer; discarding a tile that becomes another player's winning tile"
"干潟","ひがた","tidal flat, tideland"
"企業家","きぎょうか","industrialist, entrepreneur"
"議事録","ぎじろく","record of proceedings, minutes"
"急務","きゅうむ","urgent business, pressing need, imperative"
"最高峰","さいこうほう","highest peak, highest mountain; greatest authority, most prominent person, pinnacle (e.g. of art), peak"
"最盛期","さいせいき","golden age, prime, heyday, height of prosperity; season (for fruit, vegetables, etc.), best time"
"使用者","しようしゃ","user, consumer; employer"
"視聴","しちょう, してい","looking and listening, (television) viewing, watching; (public) attention, interest; (signal) reception"
"選別","せんべつ","selection, classification, sorting, screening, triage"
"認証","にんしょう","certification, attestation, authentication, confirmation; Imperial attestation"
"寝","ね, しん, い","sleep"
"大病","たいびょう","serious illness, dangerous disease"
"衰え","おとろえ","weakening, emaciation, decline"
"生息地","せいそくち","habitat, home (e.g. of the tiger)"
"驚かす","おどろかす","to surprise, to frighten, to create a stir"
"献血","けんけつ","blood donation"
"常用","じょうよう","habitual use, daily use"
"水増し","みずまし","dilution, watering down; inflation (of budget, claim, etc.), padding"
"未然","みぜん","before it happens, previously"
"有意義","ゆういぎ","significant, useful, meaningful, worthwhile, valuable, of interest"
"王手","おうて","check"
"既婚","きこん","married"
"穴埋め","あなうめ","filling (up) a hole; filling in (for a gap, vacancy, etc.), stopgap, filler (e.g. article); making up (for a loss, damage, etc.), covering (a deficit), compensation; cloze deletion (test format)"
"充電","じゅうでん","charging (electrically); electrification"
"盛況","せいきょう","success, prosperity, boom"
"暖冬","だんとう","mild winter, warm winter"
"平泳ぎ","ひらおよぎ","breaststroke (swimming)"
"模擬","もぎ","imitation"
"盲導犬","もうどうけん","guide dog, seeing-eye dog"
"力点","りきてん","emphasis, stress, main point, importance; point of a lever where force is applied"
"振り出し","ふりだし","shaking (something) out; starting point, beginning, outset; drawing (e.g. of a bill), issue, draft; throw (of dice); infusion (remedy); shaker (e.g. saltshaker)"
"国家試験","こっかしけん","state examination, national examination"
"冬場","ふゆば","wintertime, winter season"
"記録的","きろくてき","record, record-setting, record-breaking"
"美術展","びじゅつてん","art exhibition"
"労働基準法","ろうどうきじゅんほう","Labor Standards Act"
"乾電池","かんでんち","dry cell battery"
"植物園","しょくぶつえん","botanical garden"
"請願","せいがん","petition"
"地質","ちしつ","geological features"
"防火","ぼうか","fire prevention, fire control, fireproofing"
"容積","ようせき","capacity, volume"
"愛犬","あいけん","pet dog, beloved dog; love of dogs, fondness for dogs"
"核家族","かくかぞく","nuclear family"
"見本市","みほんいち","trade fair"
"合金","ごうきん","alloy"
"最短","さいたん","shortest"
"殺菌","さっきん","sterilization, sterilisation, disinfection, pasteurization"
"邪","よこしま","wicked, evil, wrong, bad"
"手書き","てがき","handwriting; handwritten, hand-drawn, hand-painted"
"水死","すいし","death by drowning"
"生育","せいいく","birth and growth, giving birth and raising, development, breeding"
"裏方","うらかた","someone working behind-the-scenes, scene shifter; lady consort (to a high personage)"
"清新","せいしん","fresh, new"
"好成績","こうせいせき","good results"
"社会科","しゃかいか","social studies"
"小冊子","しょうさっし","booklet, pamphlet"
"精彩","せいさい","brilliance, luster, lustre, colorfulness, colourfulness; vividness, life"
"立ち往生","たちおうじょう","being brought to a standstill, being stranded, getting stuck, stalling, deadlock; being stumped, being in a dilemma, stopping in one's tracks, standing speechless; dying while standing (and remaining standing), dying on one's feet"
"文化遺産","ぶんかいさん","cultural heritage"
"漢方薬","かんぽうやく","Chinese herbal medicine"
"値下がり","ねさがり","price decline, fall in price"
"日帰り","ひがえり","day trip"
"安らぎ","やすらぎ","peace (of mind), tranquility, tranquillity, serenity"
"一打","いちだ","stroke, blow"
"花粉症","かふんしょう","hay fever, pollinosis (allergy to pollen)"
"核武装","かくぶそう","nuclear arms"
"骨抜き","ほねぬき","boning (fish or meat), deboning; watering down (a plan, bill, etc.), dilution, emasculation; taking the backbone out of, weakening"
"薬剤師","やくざいし","pharmacist, chemist"
"零細","れいさい","insignificant, trifling, paltry, cottage (industry), tiny (company)"
"水鳥","みずとり, みずどり, すいちょう","waterfowl, water bird, shorebird"
"原価","げんか","cost price"
"長雨","ながあめ, ながめ","long spell of rain"
"省エネルギー","しょうエネルギー","energy conservation, economical use of energy, energy-saving"
"出題","しゅつだい","setting a question (for an exam, quiz, etc.); setting a theme (for composition of poetry)"
"直通","ちょくつう","direct line, direct communication, connecting directly, through service, nonstop service"
"表裏","ひょうり, おもてうら","front and back, inside and outside, two sides, both sides; duplicity, double-dealing, being two-faced"
"餅","もち","mochi, small rice cake made from glutinous rice"
"一文","いちもん","tiny amount of money, a penny, a cent, a farthing; one letter, one character; one mon (unit of currency)"
"員数","いんずう, いんず, いんじゅ","(total) number (of people or things), count, quota"
"栄冠","えいかん","laurels, garland"
"休止","きゅうし","pause, suspension, rest, stoppage"
"高品質","こうひんしつ","high quality"
"譲り渡す","ゆずりわたす","to hand over, to turn over, to cede"
"職権","しょっけん","one's (official) authority, ex-officio authority, power"
"発電機","はつでんき","dynamo, power generator"
"足がかり","あしがかり","foothold, footing, toehold, stepping stone"
"梁","はり","beam, joist"
"延滞","えんたい","arrears, (being) overdue, delay (e.g. in payment), procrastination"
"家計簿","かけいぼ","household account book"
"海水浴場","かいすいよくじょう","swimming area (in the ocean), swimming beach, seawater baths"
"義務教育","ぎむきょういく","compulsory education"
"球技","きゅうぎ","ball game (e.g. baseball, tennis, soccer); billiards"
"張り紙","はりがみ","paper patch attached to something, paper backing, sticker, label; notice, poster"
"年功序列","ねんこうじょれつ","seniority by length of service"
"不確実","ふかくじつ","uncertain, unreliable, inauthentic, insecure"
"満場一致","まんじょういっち","unanimity, unanimous consent, unanimous agreement"
"裏切り","うらぎり","treachery, betrayal, perfidy"
"飛球","ひきゅう","fly (ball)"
"修士","しゅうし","master's (degree)"
"大根","だいこん, だいこ, ダイコン","daikon (variety of large white Oriental radish, Raphanus sativus var. longipinnatus); ham actor"
"安上がり","やすあがり","cheap, economical"
"校歌","こうか","school song"
"直接税","ちょくせつぜい","direct tax"
"熱帯魚","ねったいぎょ","tropical fish"
"半値","はんね","half price"
"搬送","はんそう","transportation, conveyance, delivery; hospitalization, transfer to hospital"
"北極圏","ほっきょくけん","Arctic Circle, the Arctic"
"劣悪","れつあく","poor (quality, conditions, etc.), bad, inferior, poor-quality"
"国際連合","こくさいれんごう","United Nations, UN"
"無利子","むりし","(earning or paying) no interest"
"断水","だんすい","suspension of water supply, water outage"
"減退","げんたい","decline, ebb, failure, decay, decrease, loss"
"市場調査","しじょうちょうさ","market research"
"手提げ","てさげ","handbag, purse"
"収量","しゅうりょう","yield, size of harvest"
"触媒","しょくばい","catalyst"
"進み","すすみ","progress"
"入党","にゅうとう","joining a political party"
"未熟児","みじゅくじ","premature baby"
"翌月","よくげつ","following month"
"何にも","なんにも","(not) anything, (nothing) at all, (not) any"
"管制官","かんせいかん","(air traffic) controller"
"利害関係","りがいかんけい","interests, stake"
"艶","つや, ツヤ","gloss, luster, lustre, shine, sheen, polish; mellowness (of a voice), youthfulness (e.g. of skin); interest, appeal, charm, color, colour, feeling; romance, love, sexiness"
"天災","てんさい","natural calamity, disaster"
"電卓","でんたく","calculator (electronic), pocket calculator"
"発声","はっせい","utterance, speaking, vocalization, vocalisation; leading a group of people (in cheering, singing, etc.)"
"必修","ひっしゅう","required (subject)"
"亜鉛","あえん","zinc (Zn)"
"異口同音","いくどうおん, いこうどうおん","(saying) with one voice, unanimously, in chorus, in unison, as one"
"果樹","かじゅ","fruit tree"
"花盛り","はなざかり","flowers in full bloom, time of year in which flowers are in full bloom; the age at which someone (esp. a woman) is at the peak of their beauty; booming or peaking (in popularity)"
"駆除","くじょ","extermination (of pests), eradication, stamping out (e.g. a social evil)"
"言質","げんち, げんしつ, げんしち","commitment, pledge, promise"
"作柄","さくがら","crop (conditions), harvest, yield; quality (of an artistic work)"
"使い分け","つかいわけ","proper use, using (different things) for different purposes"
"大勝","たいしょう","great victory, decisive victory, overwhelming victory, landslide victory"
"秒速","びょうそく","speed per second, velocity per second; instant, moment, a few seconds"
"楼閣","ろうかく","multistoried building, castle, palace, shrine"
"遅々","ちち","slow, lagging, tardy"
"入荷","にゅうか","arrival of goods, goods received"
"百姓","ひゃくしょう","farmer, peasant, farm laborer, farmhand; farming; country bumpkin, yokel; the common people"
"一番乗り","いちばんのり","first rider in a charge; first (person) to arrive"
"充てる","あてる","to assign, to set aside"
"重責","じゅうせき","heavy responsibility"
"走り高跳び","はしりたかとび","(running) high jump"
"利潤","りじゅん","profit, returns"
"社屋","しゃおく","company office building"
"立ち消え","たちぎえ","going out (before burning completely), dying out; fizzling out (e.g. of a plan), falling through, coming to nothing, dying away (e.g. of a rumour)"
"真髄","しんずい","essence, quintessence, spirit, soul, heart, pith (and marrow)"
"着替え","きがえ","changing clothes, change of clothes"
"転嫁","てんか","imputation, shifting (blame, responsibility, etc.), passing the buck; second marriage, remarriage"
"管制塔","かんせいとう","control tower"
"空欄","くうらん","blank column, blank space"
"定款","ていかん","articles of incorporation, company statute"
"年鑑","ねんかん","yearbook, almanac, annual"
"販路","はんろ","market (for goods, services, etc.), outlet (for selling), opening"
"現住所","げんじゅうしょ","(present) address"
"梅雨入り","つゆいり, にゅうばい, ついり","entering the rainy season, beginning of the rainy season"
"海産物","かいさんぶつ","marine products"
"祝電","しゅくでん","congratulatory telegram"
"体積","たいせき","capacity, volume"
"脈拍","みゃくはく","pulse, pulse rate, pulsation, stroke of pulse"
"逆説","ぎゃくせつ","paradox"
"託児所","たくじしょ","creche, day nursery, day-care center"
"特長","とくちょう","strong point, forte, merit, strength"
"副産物","ふくさんぶつ","by-product; spin-off, outgrowth, side effect, consequence"
"追突","ついとつ","rear-end collision"
"不慣れ","ふなれ","inexperienced, unfamiliar (with), unversed, lacking experience"
"強国","きょうこく","strong nation, powerful country"
"粛清","しゅくせい","(political) purge"
"糖分","とうぶん","amount of sugar, sugar content"
"帆走","はんそう","sailing"
"倫理学","りんりがく","ethics, moral philosophy"
"斬新","ざんしん","novel, original, new, innovative"
"実話","じつわ","true story"
"人文科学","じんぶんかがく","humanities, arts"
"中和","ちゅうわ","neutralization, neutralisation; neutralization (e.g. of a poison), counteraction"
"蚕","かいこ, カイコ","silkworm (Bombyx mori)"
"詩情","しじょう","poetic sentiment; poetic interest, poetic inspiration"
"自画像","じがぞう","self-portrait"
"時間割","じかんわり","timetable (esp. a weekly school timetable), schedule"
"共通語","きょうつうご","common language, lingua franca; standard language (language variety understood throughout a country)"
"白菜","はくさい, ハクサイ","napa cabbage (Brassica rapa subsp. pekinensis), nappa cabbage, Chinese cabbage"
"敷金","しききん","(security) deposit, caution money"
"一倍","いちばい","multiplying by one, original amount; (even) more; double, twice (as much), twofold"
"鋳造","ちゅうぞう","casting, founding, minting"
"麦芽","ばくが","malt"
"妙案","みょうあん","ingenious idea, excellent plan, bright idea"
"適量","てきりょう","proper quantity, suitable amount, proper dose, optimal dose"
"敢然","かんぜん","boldly, bravely, resolutely, determinedly"
"常軌","じょうき","normal course (of action), proper course, regular way"
"軟骨","なんこつ","cartilage; nankotsu, (dish of) gristle (usu. of chicken, deep-fried)"
"白身","しろみ","egg white; white-fleshed fish (e.g. tai, hirame, karei), white meat, fatty meat; sapwood"
"釣り銭","つりせん","change (for a purchase)"
"月謝","げっしゃ","monthly tuition fee"
"頭金","あたまきん","down payment, deposit"
"抜粋","ばっすい","extract, excerpt, selection"
"飽き","あき","weariness, boredom, tedium, tiresomeness"
"握力","あくりょく","grip (of hand), grip strength"
"荘厳","そうごん","solemn, sublime, grand, magnificent, impressive"
"見分け","みわけ","distinction"
"陰性","いんせい","negative (result); gloomy, negative (e.g. attitude), pessimistic"
"出典","しゅってん","source (e.g. quotation), authority"
"舌戦","ぜっせん","war of words"
"簿記","ぼき","bookkeeping"
"人造","じんぞう","artificial, man-made, imitation, synthetic"
"出廷","しゅってい","appearance in court"
"木片","もくへん","block (of wood), chip, splinter"
"盲腸","もうちょう","cecum, caecum, blind gut; (vermiform) appendix; appendicitis"
"欲張る","よくばる","to be greedy, to be avaricious, to want badly, to desire intensely, to covet"
"風邪薬","かぜぐすり, かざぐすり","remedy for a cold, cold medicine"
"寝返り","ねがえり","turning over in bed, rolling over, tossing and turning; betrayal, double-crossing"
"揮発","きはつ","volatilization, volatilisation"
"驚嘆","きょうたん","wonder, admiration, being struck with admiration"
"厚紙","あつがみ","cardboard, thick paper"
"力添え","ちからぞえ","help, assistance, service"
"擦り傷","すりきず, さっしょう","scratch, graze, abrasion"
"下書き","したがき","draft, rough copy"
"体温計","たいおんけい","(clinical) thermometer"
"拘留","こうりゅう","custody, detention, confinement"
"麦畑","むぎばたけ","wheat field, barley field, cornfield"
"音痴","おんち","tone deafness, amusia, having no ear for music; having no sense of (e.g. direction), being hopeless when it comes to (e.g. computers), -illiterate"
"近視","きんし","myopia, shortsightedness, nearsightedness"
"水入らず","みずいらず","(being) by oneself, with no outsiders present"
"干満","かんまん","ebb and flow"
"貫徹","かんてつ","accomplishment, realization, attainment, fulfillment, achievement; penetration, pervasion"
"醜聞","しゅうぶん","scandal"
"洗髪","せんぱつ","washing one's hair, having a shampoo"
"二枚舌","にまいじた","double-dealing, duplicity, equivocation, double-tongued"
"摩天楼","まてんろう","skyscraper"
"月食","げっしょく","lunar eclipse"
"定休日","ていきゅうび","regular holiday, fixed day off, regular closing day"
"痔","じ, ぢ","hemorrhoids, piles"
"産児制限","さんじせいげん","birth control"
"星占い","ほしうらない","astrology, horoscope"
"休講","きゅうこう","cancellation (of a lecture, class, etc.)"
"利己主義","りこしゅぎ","egoism, egotism, selfishness"
"貨幣価値","かへいかち","currency value"
"概略","がいりゃく","outline, summary, gist, in brief"
"満潮","まんちょう, みちしお","high tide, high water, full tide"
"未決","みけつ","pending, undecided; unconvicted, awaiting judgement"
"絹糸","きぬいと, けんし","silk thread, silk yarn; corn silk"
"瓶詰め","びんづめ","bottling; bottled"
"払い込む","はらいこむ","to deposit, to pay in"
"欲張り","よくばり","greed, avarice, covetousness, greedy person"
"硬度","こうど","hardness, solidity"
"分冊","ぶんさつ","separate volume, fascicle, fascicule"
"憂い","うれい","sorrow, grief, anguish, distress; anxiety, worry, trouble, affliction, fear, misgivings"
"音符","おんぷ","musical note, note symbol; phonetic symbol (incl. the kanji and kana-doubling symbols, vowel-lengthening symbol, etc.); part of a kanji for which the role is primarily to represent the pronunciation (as opposed to the meaning)"
"絹織物","きぬおりもの","silk goods"
"美辞麗句","びじれいく","flowery words, rhetorical flourishes"
"魔法瓶","まほうびん, マホービン","thermos bottle, vacuum flask"
"妙技","みょうぎ","exquisite skill, wonderful performance"
"羅針盤","らしんばん","compass"
"不相応","ふそうおう","unsuited, inappropriate, improper, undeserved"
"洒落","しゃれ, シャレ","joke, pun, jest, witticism, wordplay; smartly dressed, stylish, fashion-conscious, refined"
"飾り気","かざりけ","affectation, showiness, pretence"
"嘆かわしい","なげかわしい","lamentable, deplorable, regrettable, sad, wretched"
"敏速","びんそく","quickness, agility, activity"
"早熟","そうじゅく","precocity, early ripening, premature development"
"四捨五入","ししゃごにゅう","rounding (off; a number), rounding half away from zero; rounding off (views), converging to a common opinion"
"洗い物","あらいもの, あらいもん","things to be washed, (dirty) dishes, laundry, washing"
"軟派","なんぱ, ナンパ","seducer, smooth talker, ladies' man, playboy, playgirl; picking up women, hitting on women; moderate party, moderate; social story (in a newspaper, etc.), society columnist (of a newspaper); bearish trader, bear"
"釣り針","つりばり","fish hook"
"経度","けいど","longitude"
"不釣合い","ふつりあい","imbalance, disproportion, disparity, mismatch, asymmetry"
"甘言","かんげん","sweet words, smooth talk, cajolery, flattery, sycophancy"
"七五三","しちごさん","shichi-go-san, 7-5-3 day, festival day for children aged 7, 5 and 3 held on or around November 15; lucky numbers 7, 5 and 3"
"縄跳び","なわとび","skipping rope, jump rope; skipping, rope-jumping"
"零点","れいてん","zero (points, marks), no marks; zero (of a function), root; zero degrees (Celsius), freezing point"
"払い戻す","はらいもどす","to repay, to pay back, to refund, to reimburse"
"楽天家","らくてんか","optimist, easy-going person"
"遊び相手","あそびあいて","playmate, playfellow"
"釣り合い","つりあい","balance, equilibrium"
"耳より","みみより","welcome (news), inviting, encouraging, tempting, hopeful"
"親バカ","おやばか","over-fond parent, doting parent"
"著す","あらわす","to write, to publish"
"読みにくい","よみにくい","hard to read, illegible"
"探し物","さがしもの","looking for something, searching for something; object being sought"
"ひな祭り","ひなまつり","Hinamatsuri (March 3), Girls' Festival, Dolls' Festival"
"","アイス","ice; ice cream; ice pop, ice lolly, popsicle; cold, iced (e.g. iced tea, iced coffee); ice (stimulant drug); usurer, usury, loansharking"
"アキレス腱","アキレスけん","Achilles tendon, calcaneal tendon; Achilles' heel, vulnerable point"
"","エチケット","politeness, good manners, courtesy, etiquette; (wine) label"
"","オートメーション","automation"
"","カテゴリ, カテゴリー, カテゴリィ","category"
"","ゴールデンウィーク, ゴールデン・ウィーク, ゴールデンウイーク, ゴールデン・ウイーク, ゴルデンウィーク","Golden Week, string of public holidays in late April-early May"
"","テンポ","tempo"
"","ドーナツ, ドーナッツ","doughnut, donut"
"","ヒンドゥー, ヒンズー, ヒンドゥ, ヒンズ","Hindu"
"","ピーナッツ, ピーナツ","peanut"
"","ふわふわ, フワフワ","lightly (floating, drifting, etc.), buoyantly; soft, fluffy, spongy; unsteadily, flightily, fickly, frivolously"
"","ブレーカー, ブレーカ","(circuit) breaker"
"","マネジメント, マネージメント, メネジメント","management"
"","ミシン","sewing machine"
"","レジャー","leisure"
"煙たい","けむたい, けぶたい","smoky; awkward, uncomfortable, ill at ease"
"音読","おんどく","reading aloud; reading (a kanji) by its Chinese-derived pronunciation"
"開ける","ひらける","to open out (of a view, scenery, etc.), to spread out, to become clear (of a road, visibility, etc.), to open up; to improve (of luck, prospects, etc.), to get better; to develop (of a town, civilization, etc.), to become civilized, to modernize, to grow, to advance (of knowledge, ideas, etc.); to be sensible, to be understanding, to be enlightened; to open (of a new road, railway, etc.), to be opened to traffic; to become populous, to become densely built, to become bustling"
"割り引く","わりびく","to discount, to reduce (the price), to take off (a percentage); to take with a grain of salt, to not take at face value, to discount"
"丸め込む","まるめこむ","to coax, to cajole, to wheedle, to win over, to seduce; to roll up and put into (something), to bundle up"
"気障","きざ, キザ","affected, smug, pompous, conceited, snobby, pretentious"
"吃る","どもる","to stammer, to stutter"
"後天的","こうてんてき","acquired (e.g. characteristic), learned (e.g. behaviour); a posteriori"
"裁つ","たつ","to cut (cloth)"
"山葵","わさび, ワサビ","wasabi (Wasabia japonica), Japanese horseradish; horseradish (or any blend of wasabi and horseradish)"
"女子高","じょしこう","girls' high school"
"紹介者","しょうかいしゃ","person who introduces someone, introducer"
"塵","ちり","dust; trash, garbage, rubbish, dirt; negligible amount, tiny bit; hustle and bustle (of life), worldly cares, impurities of the world; ritual gestures indicating that a fight will be clean"
"前借り","まえがり","getting an advance (on one's salary)"
"多様性","たようせい","diversity, variety"
"打算的","ださんてき","calculating, mercenary, selfish, self-interested"
"段落","だんらく","paragraph; end, stopping place, conclusion"
"椎茸","しいたけ, シイタケ","shiitake mushroom (Lentinula edodes), shitake"
"綴じる","とじる","to bind, to file; to finish (a dish) by pouring beaten egg into the broth; to sew up, to stitch together"
"品詞","ひんし","part of speech"
"保育園","ほいくえん","nursery school, day nursery, day care center"
"本箱","ほんばこ","bookcase"
"面子","メンツ","face, honour, honor; meld; lineup (of players participating in a mahjong game); attendees (e.g. at a meeting), members, participants"
"模擬試験","もぎしけん","mock exam, practice exam, practice test"
"立ち上げる","たちあげる","to start (something), to start up, to boot (a computer), to launch (a business)"
"冷凍食品","れいとうしょくひん","frozen food"
"箒","ほうき","broom"
"宛先","あてさき","address, destination"
"引き算","ひきざん","subtraction"
"一重","ひとえ","one layer, single layer; monopetalous; unlined kimono; single-edged eyelid, eyelid with an epicanthic fold, upper eyelid with no fold"
"１１０番","ひゃくとおばん","110 (police emergency telephone number in Japan)"
"やり直し","やりなおし","redoing"
"イスラム教","イスラムきょう","Islam"
"筆記用具","ひっきようぐ","writing implement, writing tool"
"不燃物","ふねんぶつ","non-inflammables, incombustible (usu. waste)"
"お歳暮","おせいぼ","year-end gift; end of the year, year end"
"ちり紙","ちりがみ, ちりし","tissue paper, toilet paper"
"行けません","いけません","wrong, not good, of no use; hopeless, past hope; must not do; cannot go"
"アカデミー賞","アカデミーしょう","Academy Award"
"定番","ていばん","standard item, usual thing, (a) classic, go-to choice, staple, regular fixture, standard procedure, convention; basic item (with stable demand), staple goods"
"年中無休","ねんじゅうむきゅう","open every day of the year, open year-round, operating 365 days a year"
"虫除け","むしよけ","insecticide, insect repellent"
"飲み会","のみかい","drinking party, get-together"
"朝一番","あさいちばん","first thing in the morning"
"コピー機","コピーき","copier, copy machine, photocopier"
"解決方法","かいけつほうほう","way of solving (a problem), solution"
"米","べい","(United States of) America, USA"
"競合他社","きょうごうたしゃ","competing companies, rival companies"
"品","ひん","elegance, grace, refinement, class, dignity; article, item; counter for items (of food, etc.), counter for dishes or courses (at a restaurant)"
"早々","はやばや","early, quickly, promptly"
"お店","おみせ","store, shop, establishment, restaurant"
"縦横","たてよこ","length and breadth, length and width; warp and weft, warp and woof"
"","イントネーション","intonation"
"","クリスマスイブ, クリスマスイヴ, クリスマス・イブ, クリスマス・イヴ","Christmas Eve"
"","そそっかしい","careless, thoughtless, hasty, rash"
"","アクシデント","accident"
"","アスパラガス","asparagus"
"","アドバイザー, アドバイザ, アドヴァイザー, アドバイサー","adviser, advisor"
"","アンコール","encore"
"","アンティーク, アンティック, アンチック, アンチーク","antique"
"","エキサイティング, エクサイティング","exciting"
"","エンジョイ","enjoying, enjoyment"
"","エンディング","ending"
"","オゾンホール, オゾン・ホール","ozone hole"
"","オハイオ","Ohio"
"","オプション","option, choice; optional extra; individual item, separate item, service supplied on its own, without accompanying services; option"
"","オンライン, オン・ライン","online; on the line (of a ball; in tennis, volleyball, etc.)"
"","オンリー, オンリ","only, just, solely; prostitute attached to a single member of the post-WWII occupation forces"
"","カーニバル, カルナバル","carnival"
"","カセットテープ, カセット・テープ","cassette tape"
"","カラフル","colorful, colourful"
"","ガッツポーズ, ガッツ・ポーズ","triumphant pose (assumed by an athlete, etc.)"
"Γ","ガンマ, ガンマー","gamma"
"","キープ","to keep (e.g. the lead), to maintain (a standard, situation, etc.); to put aside (for someone), to save (e.g. a seat); to keep (the ball; in soccer, rugby, etc.), to retain possession; to hold service (in tennis); person one is dating while hoping for someone better"
"","キャビア","caviar, caviare"
"玖馬","キューバ","Cuba"
"","ギャンブラー","gambler"
"","クエーサー, クェーサー","quasar, quasi-stellar object, QSO"
"","クリオール","creole"
"","クリスマスツリー, クリスマス・ツリー","Christmas tree"
"","クレイジー, クレージー","crazy"
"","クロール","crawl (swimming), front crawl, forward crawl; web crawling"
"","グラフィック, グラフイック","graphics, graphic; graphic magazine, pictorial magazine"
"臥児狼徳","グリーンランド","Greenland"
"","グレープフルーツ","grapefruit"
"","ケチャップ","ketchup, catsup"
"","コーラス","chorus"
"","コペルニクス","Copernicus (1473-1543)"
"","コロラド","Colorado"
"","コンサルタント","consultant"
"","コンセプト","concept, general idea, notion; intention, aim, design, philosophy, plan, plot, theme"
"","コンセンサス","consensus"
"","コンディション, コンデション","condition"
"","サイド","side"
"","サンディエゴ, サン・ディエゴ","San Diego"
"","ザンビア","Zambia"
"","シーフード","seafood"
"舎路","シアトル","Seattle"
"","シェーバー, シェイバー","shaver"
"","シック","chic, stylish, smart"
"","シャットアウト, シャット・アウト","shutout, shutting out, locking out, excluding; shutout, allowing no runs (goals, etc.)"
"","シャトルバス, シャトル・バス","shuttle bus"
"","シュート","shooting (a ball), shot (on basket, at goal, etc.); shuuto (type of pitch commonly used in Japan), shootball; shoot (of a tree or plant)"
"","ショートパンツ, ショート・パンツ","shorts"
"","シルクロード, シルク・ロード","Silk Road, Silk Route"
"","シロップ","syrup"
"","シンナー","(paint) thinner"
"牙買加","ジャマイカ","Jamaica"
"","ジューンブライド, ジューン・ブライド","June bride"
"寿府","ジュネーブ, ジュネーヴ","Geneva"
"","スーパーボウル, スーパー・ボウル","Super Bowl (championship game of the National Football League)"
"","スーパーマン","superman, superhuman person; Superman (superhero)"
"","スイマー","swimmer"
"","スカッシュ","squash (drink); squash (sport)"
"","スケーター","skater"
"","ストライク","strike (e.g. in baseball, bowling)"
"","スパッツ","leggings (stretchy skin-tight trousers); spats (footwear accessory); gaiters"
"","スピードアップ, スピード・アップ","speeding up, speed-up"
"","スポークスマン","spokesman"
"","スランプ","slump"
"","スリム","slim"
"","セクション","section"
"","タイマー, タイマ","timer, time switch; stopwatch; time keeper; self-timer, (delay) timer"
"","タグ, タッグ","tag, label; game of tag; tag-team match; working together as a team"
"","ダイビング, ダイヴィング","diving"
"","ダウンロード","download"
"","チームワーク","teamwork"
"","チアガール, チア・ガール","cheerleader"
"","チャーミング","charming"
"","チャレンジ","taking on (a challenge), attempt, try, tackling, challenging (someone to a contest); requesting a video review (of a referee's call)"
"","テーマパーク, テーマ・パーク","theme park"
"","テネシー","Tennessee"
"","テロリズム","terrorism"
"","ディーゼル, ジーゼル","diesel"
"","ディベート","debate"
"","デメリット","disadvantage, drawback, demerit, bad point, minus"
"","デモンストレーション","demonstration, protest; (giving a) demo, demonstration, presentation; exhibition game, exhibition match"
"","トイレットペーパー, トイレット・ペーパー","toilet paper, lavatory paper"
"","トピック","topic"
"","トライ","try, attempt; try (rugby)"
"","トランジスタ, トランジスター","transistor"
"","ナンバーワン, ナンバー・ワン","number one"
"","ニックネーム","nickname"
"","ニュー","new"
"","ノータッチ, ノー・タッチ","without touching, no touching; not participating in, not being concerned by, without being involved in"
"","ノルディック","Nordic"
"","ハードディスク, ハード・ディスク","hard disk (drive), hard drive"
"","ハーブ","herb"
"","ハーモニカ, ハモニカ","harmonica, mouth organ; cunnilingus; hypodermic syringe"
"","ハイテク, ハイテック","high-tech"
"","ハイファイ","hi-fi"
"","ハッピーエンド, ハッピー・エンド, ハピーエンド, ハッピエンド","happy ending"
"","ハンディキャップ, ハンデキャップ, ハンディーキャップ","handicap"
"","ハンドボール","handball"
"","バーゲンセール, バーゲン・セール","bargain sale"
"","バージニア","Virginia"
"","バーチャル, ヴァーチャル, バーチュアル","virtual"
"","バイオテクノロジー","biotechnology"
"","バイキング, ヴァイキング","Viking; smorgasbord, buffet; smorgasbord (of things), hodge-podge, wide range of something"
"","バウンド","bounce, bound"
"","バッティング","batting"
"","バドミントン, バトミントン","badminton"
"","バリエーション, ヴァリエーション","variation"
"","バレンタイン, ヴァレンタイン","(Saint) Valentine"
"","バロメーター, バロメータ","barometer (instrument); measure (e.g. of one's health), indicator, index, barometer"
"晩香波","バンクーバー","Vancouver"
"","バンパー","bumper"
"","パートタイマー","part-timer"
"","パスタ","pasta"
"","パフォーマンス, パーフォーマンス","performance (e.g. music, dance, drama); something done (just) for show, theatre, theater, showy action, (empty) gesture, playing to the gallery; performance (of a computer, car, investment, etc.)"
"","パラダイス","paradise"
"","パレット","palette; pallet"
"","パンジー","pansy (Viola tricolor var. hortensis), garden pansy"
"","ビート","beet"
"","ビーバー","beaver"
"","ビュッフェ, ブッフェ, ビュフェ","buffet, self-service meal"
"","ピーマン, ぴーまん","bell pepper (esp. green), green pepper, sweet pepper, capsicum"
"","ピル","pill; birth-control pill, oral contraceptive, the pill"
"","ファウル, ファール","foul; foul ball"
"","ファストフード, ファーストフード, ファスト・フード, ファースト・フード","fast food"
"","フェスティバル, フェスティヴァル","festival (esp. music, film, etc.)"
"","フェミニスト","feminist; man who indulges women, gentleman"
"","フォーマル","formal"
"","フライング","flying; false start; doing something before the arranged time, breaking a street date"
"","フロッピー, フロッピ, フロッピィ","floppy (disk)"
"","ブイ","buoy; lifebuoy"
"","ブレスレット","bracelet"
"","プッシュホン","push-button telephone"
"","プランクトン","plankton"
"","プロフィール, プロフィル","profile"
"","プロフェッショナル, プロフェショナル","professional"
"","ヘビースモーカー, ヘビー・スモーカー, ヘビースモカー","heavy smoker"
"","ホームステイ, ホームステー","homestay"
"","ボーイスカウト, ボーイ・スカウト","Boy Scouts"
"","ボイラー, ボイラ","boiler"
"","ボスニア","Bosnia"
"","マイルド","mild"
"","マスタード","mustard"
"","マスメディア, マス・メディア","mass media"
"芒果","マンゴー, マンゴ","mango (Mangifera indica)"
"","マンネリ","becoming stereotyped, becoming tedious, becoming repetitive, becoming routine, getting stuck in a rut, humdrum, mannerism (art, etc.)"
"","ミスプリント","misprint"
"","ムスタング, マスタング","mustang"
"","メインストリート, メイン・ストリート, メーンストリート, メーン・ストリート","main street"
"","メモリー, メモリ","memory; memory, recollection, remembrance"
"","メンタル","mental; mental health, mental state, mental resolve, mentality"
"","ユーゴスラビア, ユーゴスラヴィア, ユーゴースラヴィア, ユーゴースラビア","Yugoslavia"
"","ユーロ","euro (currency), EUR; Euro-, European"
"","ライフワーク","lifework, life's work"
"","ラテンアメリカ, ラテン・アメリカ","Latin America"
"","ラブソング, ラブ・ソング","love song"
"","ランドリー, ランドリ","laundry"
"","リクルート","recruit"
"","リサイクル","recycling"
"","リサイタル","recital"
"","リベート","rebate; commission, kickback"
"","リリース","release (of a film, product, etc.), publication; release, liberation, setting free; release (of a previously pressed mouse button)"
"","レパートリー, レパートリ","repertoire, repertory"
"","レフェリー, レフリー","referee"
"","レンジャー, レインジャー, レーンジャー","ranger"
"","ワールドシリーズ, ワールド・シリーズ","World Series (baseball)"
"","ワゴン","wagon; tea wagon, teacart, tea trolley; station wagon, estate car"
"団栗","どんぐり, ドングリ","acorn"
"浮き浮き","ウキウキ, うきうき, ウッキウキ","cheerfully, buoyantly, happily, in high spirits"
"負んぶ","おんぶ, オンブ","carrying (someone) on one's back (esp. a child), piggyback ride; relying on (someone), being (financially) dependent on"
"尤も","もっとも","but then, although, though; reasonable, natural, just"
"籤","くじ, クジ","lottery, lot, raffle, draw"
"有耶無耶","うやむや, ウヤムヤ","indefinite, hazy, vague, unsettled, undecided"
"","ソフトドリンク, ソフト・ドリンク","soft drink"
"","ウェブサイト, ウェブ・サイト, ウエブサイト, ウェッブサイト, ウエブ・サイト, ウェッブ・サイト","website, web site"
"","ほっといてくれ","back off!, leave me alone!"
"","ノルマ","(one's) quota, assignment"
"","ガシガシ, がしがし","boisterously, roughly, briskly"
"","バスツアー, バス・ツアー","bus tour"
"","もうすっかり","already completed (arrived, happened, etc.)"
"","パー, ぱー, ぱあ","paper (in rock-paper-scissors); disappearing completely, coming to nought, becoming worthless, losing everything; foolishness, stupidity"
"波乱万丈","はらんばんじょう","stormy and full of drama, full of ups and downs, with many vicissitudes"
"給料日","きゅうりょうび","payday, pay day"
"追加料金","ついかりょうきん","additional fee, extra charge"
"梳かす","とかす","to comb out, to brush, to untangle, to unravel"
"","キャラ","(fictional) character; character, personality, persona"
"行事","ぎょうじ","event, function"
"壁面","へきめん","surface of a wall"
"総裁","そうさい","president (of an organization), director general, governor (of a central bank), party leader (esp. LDP)"
"共感","きょうかん","sympathy, empathy, response, identification (with someone)"
"桐","きり, キリ","paulownia (Paulownia tomentosa), empress tree, foxglove tree"
"皇太子","こうたいし","crown prince"
"皆無","かいむ","nonexistent, nil, none, nothing (at all), bugger-all"
"反転","はんてん","rolling over, turning over; turning around (the other way), reversal (of direction, course, etc.), inversion, flipping; producing a positive from a negative, producing a negative from a positive; circle inversion, plane inversion"
"隣室","りんしつ","next or adjoining room"
"","レポート, リポート","report, paper; reportage"
"釦","ボタン","button (clothing); push-button, button"
"","パトロール","patrol"
"無責任","むせきにん","irresponsibility"
"褪せる","あせる","to fade, to discolor, to discolour; to diminish, to fade (e.g. of a memory)"
"王位","おうい","the throne, the crown"
"吟味","ぎんみ","close examination, careful investigation, close inspection, careful selection, inquiry, enquiry, scrutiny, testing; investigation of a crime, inquiry into someone's guilt; winner (of the most rounds, i.e. a full game); reciting and appreciating traditional poetry"
"話し声","はなしごえ","speaking voice, talking voice"
"高原","こうげん","tableland, plateau"
"作動","さどう","operation, functioning, running"
"畝り","うねり","undulation, winding, meandering; swell (of waves), ground swell, surge, billow, roller"
"","サイト","site; website"
"氏族","しぞく","clan, family"
"部門","ぶもん","division (of a larger group), branch, field, class (subclass), group, category, department"
"反映","はんえい","reflection (of light); reflection (of society, attitudes, etc.); application (of an update, changes, etc.), taking effect"
"割合","わりあい","rate, ratio, percentage, proportion; comparatively; contrary to expectations"
"禅","ぜん","dhyana (profound meditation); Zen (Buddhism)"
"損ねる","そこねる","to harm, to hurt, to injure, to wreck; to miss one's chance to (do something), to fail to (do what one ought to have done)"
"守衛","しゅえい","(security) guard, caretaker, janitor, doorkeeper, gatekeeper"
"噛み付く","かみつく","to bite (at), to snap at; to snap at (someone), to flare up at, to jump down (someone's) throat"
"果実","かじつ","fruit, nut, berry; fruits, profit"
"歌声","うたごえ, かせい","singing voice, (sound of) singing"
"不敵","ふてき","daring, fearless, intrepid, bold, tough"
"工業","こうぎょう","(manufacturing) industry"
"理不尽","りふじん","unreasonable, irrational, outrageous, absurd"
"重量","じゅうりょう","weight"
"哀れむ","あわれむ","to pity, to feel sympathy for, to sympathize with, to sympathise with, to commiserate with, to have mercy on; to enjoy the beauty of, to appreciate, to admire"
"何時に無く","いつになく","unusually, unwontedly, uncharacteristically"
"","バッハ","Bach (German composer, 1685-1750)"
"相場","そうば","market price; speculation (e.g. on stocks); reputation (according to conventional wisdom), estimation, esteem"
"主体","しゅたい","main constituent, core, nucleus; subject"
"","アスファルト","asphalt"
"仕切り","しきり","partition, division, boundary, compartment; settlement of accounts; preliminary warm-up ritual, toeing the mark; directing, controlling, managing, taking responsibility for"
"文面","ぶんめん","contents of a document (esp. of a letter)"
"原則","げんそく","principle, general rule; as a rule, in principle, in general"
"強請る","ねだる","to beg, to pester, to plead, to coax, to hound, to importune"
"酒屋","さかや","liquor store, wine shop, bottle shop; sake dealer, liquor-store owner, brewer"
"予想外","よそうがい","unexpected, unforeseen, strange"
"液","えき","liquid, fluid"
"","バスルーム","bathroom"
"断固","だんこ","firm, determined, resolute, conclusive"
"","ライバル, ライヴァル","rival, competitor, competition"
"浦","うら","inlet; seashore, beach"
"阪神","はんしん","Osaka-Kobe; Hanshin (company name: railway, dept. store, baseball team, etc.)"
"真意","しんい","real intention, true motive, true meaning"
"一国","いっこく","one country; the whole nation, the whole country; stubborn, obstinate"
"喪失","そうしつ","loss, forfeit"
"大喜び","おおよろこび","great joy, delight, jubilation"
"人妻","ひとづま","married woman; another's wife"
"待ち構える","まちかまえる","to lie in wait (for), to be on the watch (for), to wait (for), to watch (for)"
"仏像","ぶつぞう","statue of Buddha, image of Buddha, Buddhist statue, Buddhist image"
"四肢","しし","the (four) limbs, arms and legs"
"呉れ呉れも","くれぐれも","sincerely, earnestly, wholeheartedly; repeatedly, over and over, again and again"
"年配","ねんぱい","(approximate) age, years; elderly, old, aged; older (than), senior"
"結晶","けっしょう","crystal, crystallization, crystallisation; fruits (of labor, union, etc.)"
"頭髪","とうはつ","hair (on the head)"
"","ビジネス","business"
"本国","ほんごく, ほんこく","home country, one's own country, country of origin; suzerain country (from the perspective of the vassal state), colonizing country; country of one's ancestors; this country"
"省略","しょうりゃく","omission, leaving out; abbreviation, abridgment, abridgement, shortening (e.g. of a name)"
"荷台","にだい","(truck) load-carrying tray, (bicycle) luggage carrier, roof rack"
"外界","がいかい","outside world, physical world"
"彼氏","かれし","boyfriend; he, him"
"浅黒い","あさぐろい","dark (skin, complexion, etc.), swarthy, tanned"
"","ストレス","stress"
"冒頭","ぼうとう","beginning, opening, start, outset"
"進展","しんてん","progress, development"
"人間関係","にんげんかんけい","human relations, personal relationships"
"被告人","ひこくにん","accused, defendant, prisoner at the bar"
"物置","ものおき","storage room, storeroom, lumber room"
"張り切る","はりきる","to be in high spirits, to be full of vigor (vigour), to be enthusiastic, to be eager, to stretch to breaking point"
"","タイル","tile"
"狩猟","しゅりょう","hunting"
"","スーツケース","suitcase"
"","ブーツ","boots"
"","フィン","(diving) fin, swim fin, flipper; fin (on a surfboard, aircraft, etc.)"
"転換","てんかん","conversion, diversion, changeover, commutation, switchover"
"晴れ","はれ","clear weather, fine weather; formal, ceremonial, public; cleared of suspicion"
"有り触れた","ありふれた","common, commonplace, ordinary, familiar, everyday, garden-variety, trite, stale, hackneyed, stereotyped"
"騒音","そうおん","noise, din"
"置き去り","おきざり","leaving behind, desertion, abandonment"
"","オドオド, おどおど","timidly, nervously, hesitantly, trembling (with fear), fearfully, anxiously"
"部族","ぶぞく","tribe"
"邸宅","ていたく","(large) house, residence, mansion"
"貿易","ぼうえき","(foreign) trade, (international) commerce, importing and exporting"
"昼寝","ひるね","(afternoon) nap, sleeping during the day, siesta"
"心がける","こころがける","to keep in mind, to bear in mind, to try, to aim to do, to endeavor, to endeavour"
"北京","ペキン, ペイチン","Beijing (China), Peking"
"群集","ぐんしゅう","crowd, community, group, herd, gathering, assembly"
"","ストレート","straight; straightforward, direct, blunt, candid; straight (wins, sets, etc.); straight (liquor), neat, black (tea or coffee); entering university right after graduating high school; (four-seam) fastball; straight (punch); straight (in poker); straight (i.e. heterosexual), straight person"
"補う","おぎなう","to supplement, to make up for, to compensate for, to cover (a shortage, loss, etc.), to fill (e.g. a vacancy)"
"お弁当","おべんとう","bento, Japanese box lunch"
"関節","かんせつ","joint"
"粗い","あらい","coarse, rough"
"俺","おれ, オレ, おらあ, おり","I, me"
"書き上げる","かきあげる","to finish writing, to complete; to write down (e.g. a list), to write out"
"","ベスト","best"
"代金","だいきん","price, cost, charge, payment, bill, fee"
"出所","しゅっしょ","source, origin, provenance; birthplace; release from prison, discharge from prison"
"眩暈","めまい","dizziness, giddiness, vertigo"
"風","ふう","method, manner, way, style; appearance, air; tendency; folk song (genre of the Shi Jing); wind (one of the five elements)"
"","フリー","free (of restraint, controls, etc.); free (of charge); freelance, independent; freelancer; one-size-fits-all; free skating, long program"
"放火","ほうか","arson, setting fire"
"山頂","さんちょう","summit (of a mountain)"
"茎","くき","stalk, stem"
"陣営","じんえい","camp (supporters of a doctrine, party, etc.), faction (of a party); military camp, encampment, cantonment"
"下品","げひん","vulgar, indecent, coarse, crude"
"虐め","いじめ, イジメ","bullying, teasing"
"","アルバム","album"
"暮れ","くれ","sunset, sundown, nightfall, dusk; end, close; year-end, end of the year"
"独占","どくせん","monopoly, monopolization, exclusivity; hogging, keeping to oneself"
"膨大","ぼうだい","huge, vast, enormous, colossal, extensive, large; swelling, expansion"
"傾げる","かしげる, かたげる","to tilt (esp. head), to lean, to incline, to slant"
"桟橋","さんばし, さんきょう","wharf, bridge, jetty, pier"
"集会","しゅうかい","meeting, assembly, gathering, congregation, convention, rally"
"地価","ちか","the price of land"
"日中","にっちゅう","daytime, during the day; Japan and China, Japanese-Chinese, Sino-Japanese"
"坊さん","ぼうさん","Buddhist priest, monk; boy"
"","シーズン","season (period in which regulated games are played); season (division of the year); season (of a TV show, etc.); season (for doing something, e.g. ski season, entrance examination season)"
"名目","めいもく, みょうもく","name, title, appellation, (something) nominal; (under the) pretext (of), pretense"
"真上","まうえ","right above, just above, directly above, directly overhead"
"","ロッカー","locker"
"落ち","おち, オチ","slip, omission; upshot, denouement, outcome, final result; punch line (of a joke)"
"官吏","かんり","government official, public servant, civil servant"
"","ピース","peace; peace sign, V sign"
"甚だしい","はなはだしい","extreme, excessive, terrible, intense, severe, serious, tremendous, heavy (damage)"
"土台","どだい","foundation, base, basis; from the beginning, from the outset, by nature"
"腹部","ふくぶ","abdomen, abdominal region, belly; middle part"
"見破る","みやぶる","to see through (a plot, lie, etc.), to penetrate into, to discover, to find out"
"","スリッパ, スリッパー","slipper, slippers"
"琉球","りゅうきゅう","Ryukyu, chain of southwestern Japanese islands comprising Okinawa Prefecture"
"","リアル","real, realistic, true to life; serious, non-joking, earnest; realtime blog; real world (cf. online games or social networking services)"
"華盛頓","ワシントン","Washington, D.C. (United States); Washington (US state)"
"満面","まんめん","the whole face; (wearing an expression) all over one's face"
"論理的","ろんりてき","logical"
"扱い","あつかい","treatment, service, dealing (with), handling, management; handling (of a machine, tool, etc.), operation, use; treating as, treating like"
"前者","ぜんしゃ","the former, the first"
"病死","びょうし","death from disease, death from illness"
"織る","おる","to weave"
"","レジ","(cash) register; checkout (counter), cashier"
"自白","じはく","confession, admission"
"満月","まんげつ","full moon"
"一大","いちだい","one large ..., a great ..."
"見下す","みくだす","to look down (on), to condescend (to)"
"試練","しれん","test, trial, ordeal, tribulation"
"腸","ちょう","intestine, bowel"
"使途","しと","purpose for which money is spent, the way money is spent, how goods are used"
"重たい","おもたい","heavy, weighty; heavy (feeling, atmosphere, etc.), serious, gloomy, depressing"
"","トール","toll"
"武力","ぶりょく","armed might, military power, the sword, force"
"守備","しゅび","defense, defence; fielding"
"活用","かつよう","practical use, application, making good use of, putting to good use, capitalizing on; conjugation, inflection"
"神秘的","しんぴてき","mysterious, mystical"
"研究者","けんきゅうしゃ","researcher"
"","オーナー, オーナ","owner (esp. of a business)"
"","ショット","shot; shot, hit, strike; shooting (a basketball); shot (of a gun); shot (of alcohol)"
"好都合","こうつごう","convenient, favorable, favourable, expedient, expedience"
"温める","あたためる, あっためる","to warm (up), to heat (up); to sit on (an idea, plan, etc.), to keep to oneself, to nurse, to mull over; to renew (an old friendship); to take for oneself"
"","インディアン, インデアン","(American) Indian, Native American; Indian"
"稀","まれ","rare, seldom"
"行儀","ぎょうぎ","manners, behavior, behaviour"
"変貌","へんぼう","transfiguration, transformation, change of appearance"
"","ガソリン","gasoline, petrol"
"業務","ぎょうむ","business, work, operations, service, duties"
"半身","はんしん","half the body, half length"
"喪","も, そう","mourning; calamity, misfortune"
"太子","たいし","crown prince; Prince Shōtoku"
"昇進","しょうしん, しょうじん","promotion, advancement, rising in rank"
"北側","きたがわ, ほくそく","north side, north bank"
"発動","はつどう","putting into operation; invocation"
"分解","ぶんかい","disassembly, dismantling, disaggregating, taking apart, breaking up, analysis, parsing; decomposition, resolution, disintegration, degradation; factorization"
"断片","だんぺん","fragment, scrap, piece, shred"
"省みる","かえりみる","to reflect on (oneself, past conduct, etc.), to contemplate, to examine, to think over, to introspect"
"深める","ふかめる","to deepen, to heighten, to intensify"
"裏返す","うらがえす","to turn inside out, to turn the other way, to turn (something) over"
"未だしも","まだしも","rather, better"
"杭","くい","stake, post, pile, picket; stump"
"","ヒソヒソ, ひそひそ","in a whisper, in a low voice, in undertones"
"未熟","みじゅく","unripe, green, immature; immature, inexperienced, unskilled, green"
"括る","くくる","to tie up, to tie together, to bind, to bundle, to fasten; to hang (oneself); to summarize, to put (it all) together, to consolidate; to estimate, to expect; to tie-dye; to detain, to check, to restrain"
"繁栄","はんえい","prosperity, thriving, flourishing"
"","わくわく, ワクワク, ワックワク","to be excited, to be nervous, to be thrilled"
"上田","じょうでん","high rice field, very fertile rice field"
"壇","だん","platform, podium, rostrum, pulpit; (ceremonial) mound; world (of haiku, art, etc.), (literary) circles; mandala"
"予告","よこく","(advance) notice, preliminary announcement, warning; trailer (for a film, TV show, etc.)"
"銀貨","ぎんか","silver coin"
"無我","むが","selflessness, self-effacement, self-renunciation; anatta, anatman, doctrine that states that humans do not possess souls"
"思い当たる","おもいあたる","to suddenly understand (esp. on basis of experience or memory), to come to mind, to recall (in a flash), to be reminded of, to call to mind, to think of, to strike on, to hit on an answer, to seize the crux of a problem"
"","ソフト","soft; software; soft hat, felt hat; soft serve ice cream; softball"
"","ダメージ","damage"
"","レッド, レット","red"
"に加えて","にくわえて","in addition"
"","むっつり","sullenly, taciturnly, morosely, gloomily, silently; taciturn person, uncommunicative person"
"河口","かこう, かわぐち","mouth of river, estuary"
"先月","せんげつ","last month"
"大嫌い","だいきらい","hating, strongly disliking"
"床屋","とこや","barbershop, barber shop, barber"
"煩う","わずらう","to worry (about), to be concerned (about); to have trouble doing ..., to struggle to ..."
"表明","ひょうめい","declaration, indication, representation, manifestation, demonstration, expression, announcement, assertion"
"教訓","きょうくん","lesson, precept, teachings, moral"
"一目","ひとめ","glance, look, glimpse; complete view, bird's-eye view"
"人事","ひとごと, たにんごと","other people's affairs, someone else's problem"
"","オペラ","opera"
"懲役","ちょうえき","penal servitude, imprisonment with hard labor (hard labour)"
"日差し","ひざし","sunlight, rays of the Sun"
"衰弱","すいじゃく","weakness, debility, breakdown, prostration"
"燃え上がる","もえあがる","to flare up, to burst into flames"
"店先","みせさき","storefront, shopfront"
"乳首","ちくび, ちちくび","nipple, teat"
"","ベテラン, ヴェテラン","veteran (in a particular field), person with a lot of experience, old hand"
"義母","ぎぼ","mother-in-law; foster mother; step mother"
"手順","てじゅん","process, procedure, sequence, protocol, instruction"
"静止","せいし","stillness, rest, being stationary, standing still, coming to a standstill"
"臍","へそ, ほぞ, ヘソ","navel, belly button; protrusion or depression in the middle of an object; center, centre, most important part, main point"
"当面","とうめん","current, urgent, pressing, impending; to confront (an issue), to face (up to something); for the meantime, at present"
"反発","はんぱつ","opposition, rebellion, revolt, resistance, backlash, refusal; rebounding, recoiling, repulsion; rally (e.g. in stock prices), recovery"
"自称","じしょう","self-proclaimed, self-professed, self-styled, would-be; professing oneself to be, calling oneself, describing oneself as; first person"
"充満","じゅうまん","being filled with, being full of, permeation"
"材木","ざいもく","wood (for building), lumber, timber"
"制止","せいし","control, check, restraint, inhibition"
"快適","かいてき","pleasant, agreeable, comfortable"
"木製","もくせい","wooden, made of wood"
"炬燵","こたつ, コタツ","kotatsu, table over an electric heater, with a hanging quilt to retain heat (orig. over a charcoal brazier in a floor well)"
"べきでは無い","べきではない","should not, must not"
"家賃","やちん","rent"
"確定","かくてい","decision, settlement, confirmation, establishment"
"偏見","へんけん","prejudice, bias, distorted view"
"存分","ぞんぶん","to one's heart's content, as much as one likes, without reserve, freely, to the full"
"及ぼす","およぼす","to exert (influence), to exercise, to cause (e.g. damage), to do (e.g. harm), to bring about (e.g. benefits), to extend, to have an effect (on)"
"","デビュー, デビュウ","debut, doing something for the first time; starting anew, starting afresh"
"行進","こうしん","march, parade"
"逸れる","それる","to turn away, to bear off, to veer away, to swerve from, to miss (e.g. a target); to deviate (e.g. of a conversation), to digress, to go astray, to wander"
"針金","はりがね","wire"
"成就","じょうじゅ","fulfillment, fulfilment, realization, realisation, completion"
"家庭教師","かていきょうし","(home) tutor, private tutor, private teacher"
"豪","ごう","Australia"
"号令","ごうれい","order (esp. to a number of people), command; ritual of bowing at start and end of school class"
"","にゃー, にゃあ, にゃお, にゃあご","meow, miaow"
"桑","くわ, クワ","mulberry (tree)"
"盲","めくら, メクラ","blindness, blind person; illiteracy, illiterate person; ignorance, ignorant person"
"畝","うね","ridge (in field), row of raised earth when planting crops; rib (cloth, mountains, sea), cord (e.g. corduroy)"
"出番","でばん","one's turn, one's shift; one's turn on stage, screen time; one's time (to act), one's chance, one's part (to play)"
"魚雷","ぎょらい","torpedo"
"野生","やせい","wild; growing wild, living in the wild; I, me"
"奪取","だっしゅ","usurpation, taking back, dispossession"
"誇張","こちょう","exaggeration"
"初版","しょはん","first edition"
"念入り","ねんいり","careful, scrupulous, thorough, conscientious, elaborate, deliberate, attentive"
"","トランプ, トラムプ","(Western) playing cards"
"価格","かかく","price, value, cost"
"人体","じんたい","human body"
"民家","みんか","private house"
"的確","てきかく, てっかく","accurate, precise, exact, appropriate, apt, right"
"構内","こうない","premises, grounds, campus, compound, precincts"
"辞退","じたい","declining, refusal, nonacceptance, turning down, withdrawal (e.g. of candidacy), pulling out (e.g. of a race), excusing oneself"
"叶う","かなう","to come true (of a wish, prayer, etc.), to be realized, to be fulfilled; to suit (e.g. a purpose), to meet (wishes, ideals, etc.), to conform to (standards, rules, etc.), to be consistent with; to match (implies competition), to rival, to bear (e.g. the heat)"
"暖簾","のれん, のうれん, のんれん","(short) curtain hung at shop entrance, split curtain used to divide spaces in a house; reputation (of a store), good name, credit; goodwill"
"渡来","とらい","visit (from abroad); introduction (from abroad), importation"
"","そわそわ, ソワソワ","restlessly, nervously, uneasily, in a fidget"
"権限","けんげん","power, authority, jurisdiction"
"順番","じゅんばん","order, turn"
"自惚れる","うぬぼれる","to be conceited"
"成人","せいじん","adult, grown-up; becoming an adult, coming of age, growing up (to be a man, woman)"
"著書","ちょしょ","(written) work, book, writings"
"見受ける","みうける","to catch sight of, to see, to suppose, to assume from appearances"
"","ペース","pace"
"円形","えんけい, まるがた","round shape, circle, circular form"
"危うい","あやうい","dangerous, in danger, facing imminent danger; precarious (situation), perilous (state, balance, etc.), in doubt, in jeopardy, uncertain, insecure, concerning, worrying"
"木綿","もめん, きわた","cotton (material); red silk-cotton tree (Bombax ceiba)"
"主義者","しゅぎしゃ","advocate (of a theory or principle), ideologist, ideologue; -ist (i.e. adherent to a belief system); socialist, communist, anarchist"
"市街","しがい","urban areas, the streets, town, city"
"","パチンコ, ぱちんこ","pachinko, mechanical gambling game superficially resembling pinball; slingshot, catapult; pistol"
"待合室","まちあいしつ","waiting room"
"放浪","ほうろう","wandering, roaming, drifting"
"一方通行","いっぽうつうこう","one-way traffic; one-way (e.g. communication), one-sided"
"太陽系","たいようけい","solar system"
"","ナウ, なう","trendy, in, now; currently at ..., now doing ..., in the middle of ..."
"石炭","せきたん, いしずみ","coal"
"潜る","くぐる","to go under, to pass under, to go through, to pass through; to dive (into or under the water); to evade, to get around, to slip past; to survive, to surmount"
"評","ひょう","criticism, commentary, review"
"瓦礫","がれき, がりゃく","rubble, debris, wreckage, tiles and pebbles; trash, rubbish"
"顧みる","かえりみる","to look back on (the past), to reflect on, to reminisce about; to look behind (at), to turn round (and look), to look over one's shoulder; to consider, to concern oneself about, to take notice of, to pay attention to, to take into consideration"
"意気","いき","spirit, heart, disposition"
"設立","せつりつ","establishment, founding; incorporation (of a business)"
"告発","こくはつ","indictment, prosecution, complaint"
"請求","せいきゅう","claim, demand, charge, application, request, billing (for a service)"
"栄養","えいよう","nutrition, nourishment"
"助言","じょげん, じょごん","advice, counsel, suggestion, tip, hint"
"苔","こけ, コケ","moss; short plants resembling moss (incl. other bryophytes, lichens, very small spermatophytes, etc.)"
"家事","かじ","housework, domestic chores; family affairs, household matters"
"文献","ぶんけん","literature, books (reference), document"
"包み込む","つつみこむ","to wrap up"
"お使い","おつかい","errand, mission, going on an errand; messenger, bearer, errand boy, errand girl; familiar spirit"
"前年","ぜんねん","the preceding year, the previous year, last year"
"","うとうと, ウトウト, うとっと, ウトッと, ウトっと","falling into a doze, dozing off, nodding off"
"警報","けいほう","alarm, warning"
"午","うま","the Horse (seventh sign of the Chinese zodiac); hour of the Horse (around noon, 11am-1pm, or 12 noon-2pm); south; fifth month of the lunar calendar"
"流れ込む","ながれこむ","to flow into, to pour into, to stream into"
"崇拝","すうはい","worship, adoration, admiration, cult"
"","いそいそ, イソイソ","cheerfully, joyously, joyfully, happily, lightheartedly, excitedly, eagerly"
"家屋","かおく","house, building"
"","ミニ","mini-; miniskirt"
"発散","はっさん","emission, emanation, radiation, diffusion, dispersion; letting out (feelings), venting; divergence (of light); divergence"
"肉親","にくしん","blood relationship, blood relative"
"吹雪","ふぶき","snow storm, blizzard"
"芽","め","sprout, shoot, bud; germinal disk (in an egg)"
"推薦","すいせん","recommendation, referral, endorsement"
"総理","そうり","prime minister (as the head of a cabinet government), premier; leading, overseeing, leader, overseer, president"
"同調","どうちょう","conformity, alignment, agreement, sympathy, following suit; tuning; same tone, same pitch"
"妥協","だきょう","compromise, giving in"
"備わる","そなわる","to be furnished with, to be provided with, to be equipped with; to be possessed of, to be endowed with, to be gifted with; to be among, to be one of"
"送り込む","おくりこむ","to send in"
"潜水艦","せんすいかん","submarine"
"宿題","しゅくだい","homework, assignment; pending issue, unresolved problem, open question"
"瘤","こぶ","bump, lump, protuberance, swelling"
"","おろおろ, オロオロ","in confusion, in a fluster, in bewilderment, in a dither, in a panic, all shook up, helplessly; sobbing, tearfully, trembling (voice)"
"復帰","ふっき","return, reversion, comeback, reinstatement; carriage return"
"水田","すいでん","(water-filled) paddy field"
"洪水","こうずい","flood, flooding"
"乾燥","かんそう","dryness, aridity, drying (e.g. clothes), dehydration, desiccation; insipidity"
"軽々","かるがる, かろがろ","lightly, easily, carelessly"
"片側","かたがわ","one side"
"毛糸","けいと","knitting wool, woolen yarn, woollen yarn"
"本性","ほんしょう, ほんせい","true character, real nature"
"","ソース","sauce; Worcestershire sauce"
"捕まる","つかまる","to be caught, to be arrested; to hold on to, to grasp; to find (e.g. proof), to get (e.g. a taxi); to be detained by"
"疑義","ぎぎ","doubt"
"日向","ひなた","sunny place, in the sun"
"取り込む","とりこむ","to take in, to bring in, to adopt (e.g. behaviour), to introduce; to capture (e.g. image), to import; to win over, to please, to curry favour with, to flatter; to defraud of, to swindle, to embezzle; to be busy, to be in confusion, to have trouble"
"各国","かっこく, かくこく","each country, every country, various countries, all countries"
"遠征","えんせい","(military) expedition, campaign; expedition (for exploration, research, etc.), travelling (a long way), tour (by a sports team, performer, etc.), visit"
"畏まりました","かしこまりました","certainly!"
"嘴","くちばし, はし, クチバシ","beak, bill"
"盲目","もうもく","blindness; blind (e.g. love, faith), reckless"
"閉口","へいこう","to be stumped, to be at a loss, to be at one's wits' end, to be nonplussed; to be fed up, to be tired (of), to be unable to bear, to be annoyed"
"女らしい","おんならしい","womanly, ladylike, feminine"
"炭","すみ","charcoal; charred remains"
"徹する","てっする","to penetrate, to sink in; to devote oneself (to), to do intently and exclusively; to do throughout (e.g. the night)"
"若手","わかて","young person"
"匹敵","ひってき","to be a match for, to rival, to equal, to compare with, to be equivalent to"
"砲兵","ほうへい","artillery, gunner"
"恩人","おんじん","benefactor, patron, person to whom one owes a great deal, person to whom one is (deeply) indebted"
"優美","ゆうび","grace, refinement, elegance, daintiness"
"色気","いろけ","colouring, coloring, shade of colour (color); sex appeal (esp. of women), sexiness, sexual allure, seductiveness; interest in the opposite sex, sexual feelings, sexual urge; charm, elegance, romance, graciousness; feminine presence; desire, interest, ambition, inclination"
"調達","ちょうたつ","supply, provision, raising, procurement"
"虚無","きょむ","nihility, nothingness"
"手招き","てまねき","beckoning"
"","ペット","pet; trumpet"
"題名","だいめい","title, caption, heading"
"水平線","すいへいせん","horizon (related to bodies of water)"
"鼓","つづみ","hand drum"
"","ストリート","street"
"どこにも無い","どこにもない","nowhere"
"水上","すいじょう","on the water, aquatic; waterside, water's edge"
"引き渡す","ひきわたす","to deliver, to extradite, to stretch across, to hand over"
"洗面所","せんめんじょ","washroom, bathroom"
"悪事","あくじ","evil deed, wrongdoing, crime, vice; misfortune, calamity"
"一条","いちじょう","one line, one streak, one stripe, one ray (of light), one wisp (of smoke); one item (in an itemized form), one clause, one passage (in a book); one matter (affair, event, case, incident)"
"長閑","のどか","tranquil, calm, quiet, peaceful, serene; mild (weather), balmy"
"地主","じぬし","landowner, landlord, landlady"
"お化け","おばけ, オバケ","ghost, apparition; goblin, monster, demon; something unusually large"
"心当たり","こころあたり","having in mind, happening to know (of), idea (of), inkling"
"無し","なし","without; unacceptable, not alright, unsatisfactory; nonexistent, not being (there)"
"人情","にんじょう","humanity, empathy, kindness, sympathy; human nature, common sense, customs and manners"
"追撃","ついげき","pursuit (of a fleeing enemy), chase, follow-up attack"
"意欲","いよく","will, desire, eagerness, interest, drive, motivation, urge, ambition"
"転倒","てんとう","fall, falling down, tumbling, toppling (over); inversion, reversal, turning upside-down; getting upset, losing one's presence of mind"
"蔑む","さげすむ","to scorn, to despise, to hold in contempt, to look down on, to disdain"
"放出","ほうしゅつ","release, emission, ejection"
"雄大","ゆうだい","grand, magnificent, majestic, great, sublime"
"","ウッド","wood; wood (club)"
"報じる","ほうじる","to report, to inform; to repay, to return, to requite"
"専念","せんねん","absorption, giving undivided attention, devoting oneself (to)"
"","ムード","mood, atmosphere; mood"
"ないと行けない","ないといけない","have to (verb), must (verb); is indispensable, absolutely necessary"
"迷信","めいしん","superstition, superstitious belief"
"火鉢","ひばち","brazier, hibachi"
"税金","ぜいきん","tax, duty"
"詩集","ししゅう","poetry anthology, collection of poems, collected poems"
"侵略","しんりゃく","invasion (e.g. of a country), raid, aggression"
"丘陵","きゅうりょう","hill, hillock; rolling hills, foothills"
"接続","せつぞく","connection, attachment, union, join, joint, link; changing trains; conjunction"
"一ヶ月","いっかげつ","one month"
"人出","ひとで","crowd, turnout"
"熱烈","ねつれつ","ardent, passionate, vehement"
"織り","おり","weave, weaving, woven item"
"味噌汁","みそしる","miso soup"
"来客","らいきゃく, らいかく","visitor, caller"
"","ダイヤル, ダイアル","dial (e.g. telephone, radio, clock, gauge)"
"","リード","lead, leading, taking the lead; leading (in points, goals, etc.), getting ahead; lead (from a base); lead (of an article), lede; lead (wire); leash, lead; (sales) lead, prospective client"
"週末","しゅうまつ","weekend"
"低下","ていか","fall, decline, lowering, deterioration, degradation"
"伝承","でんしょう","handing down (information), legend, tradition, folklore, transmission"
"破綻","はたん","failure, collapse, breakdown, break-up, bankruptcy; tear (in clothing, etc.), rip, split"
"天然","てんねん","nature, spontaneity; natural airhead"
"口上","こうじょう","vocal message, speech, statement; prologue at the start of a kabuki performance"
"男たち","おとこたち","men, males"
"","カーン","kern; Kahn"
"現役","げんえき","active duty, active service; student taking (university) entrance exams while still enrolled in school, student who passed their university entrance exams on the first try"
"投入","とうにゅう","throwing in, inserting, depositing (e.g. a ballot); investment, commitment (of funds, personnel, etc.), injection, infusion; launching (a product into the market), introduction; submitting (a job to a computer), issuing (a command)"
"海中","かいちゅう","in the sea"
"二号","にごう","number two; mistress, concubine"
"過剰","かじょう","excess, surplus, superabundance, overabundance"
"何回","なんかい","how many times"
"見物人","けんぶつにん","spectator, sightseer, onlooker"
"腫れる","はれる","to swell (from inflammation), to become swollen"
"灘","なだ","open sea"
"","サンドイッチ, サンドウィッチ","sandwich"
"問い合わせる","といあわせる","to enquire, to inquire, to seek information"
"","バイオリン, ヴァイオリン","violin"
"","ヘリコプター, ヘリコプタ","helicopter"
"受賞","じゅしょう","winning (a prize), receiving (an award), being awarded"
"出入り口","でいりぐち","exit and entrance"
"投影","とうえい","projection"
"合理的","ごうりてき","rational, reasonable, logical"
"資産","しさん","property, fortune, means, assets"
"異性","いせい","the opposite sex; isomerism"
"豪族","ごうぞく","powerful family, powerful clan"
"放射","ほうしゃ","radiation, emission"
"彫像","ちょうぞう","(carved) statue, sculpture"
"お出かけ","おでかけ","about to start out, just about to leave or go out; outing, trip"
"効果的","こうかてき","effective, successful"
"夕日","ゆうひ, せきじつ","evening sun, setting sun"
"決着","けっちゃく","conclusion, decision, end, settlement"
"","あの, あのー, あのう","say, well, um, er"
"他国","たこく","foreign country, another country; another province; strange land, alien land"
"東側","ひがしがわ","east side, east bank"
"表向き","おもてむき","outward appearance, ostensible, public, official"
"遮断","しゃだん","isolation, cut off, blockade, quarantine, interception, deprivation"
"真心","まごころ, まこころ","sincerity, true heart, devotion"
"生き返る","いきかえる","to revive, to come to oneself, to be restored to life"
"","コーチ","coach"
"","ジャンパー, ジャンパ, ジャンバー","(short) jacket, blouson, windbreaker, jumper; ski jumper, jumping event athlete; jumper lead, jumper wire"
"垣根","かきね","hedge, fence; border, limit"
"式部","しきぶ","(Meiji era) official responsible for court ceremonies"
"誤魔化す","ごまかす","to deceive, to cheat, to swindle; to falsify, to misrepresent, to lie about, to tamper with, to fiddle, to doctor, to cook; to evade (a question, taxes, etc.), to dodge, to gloss over (a mistake, fault, etc.), to smooth over, to get one's way out of (a difficult situation), to explain away; to embezzle, to pocket"
"","イラスト","illustration, picture, sketch, drawing, figure"
"挑発","ちょうはつ","provocation, stirring up, arousal, excitement, stimulation"
"宿泊","しゅくはく","accommodation, lodging"
"明朝","みょうちょう, みょうあさ","tomorrow morning"
"","ターン","turn; turn (melodic ornament); turn (in a game)"
"古来","こらい","from ancient times, from old times, from time immemorial"
"離脱","りだつ","withdrawal, secession, separation, breakaway"
"交通事故","こうつうじこ","traffic accident"
"雷鳴","らいめい","thunder, thunderclap, crash of thunder"
"","ユーモア, ヒューモア","humor, humour, joke"
"発売","はつばい","sale, offering for sale, putting on sale, putting on the market, release (for sale)"
"推理小説","すいりしょうせつ","mystery novel, detective novel, whodunit"
"一泊","いっぱく","(staying) one night, overnight stay; overnight rental, per-night rental"
"日常生活","にちじょうせいかつ","everyday life, daily life"
"","デブ, でぶ","fat, chubby; fatso, fatty, fat person"
"様相","ようそう","aspect, phase, condition; modality"
"何日","なんにち","what day; how many days"
"異質","いしつ","different (quality, nature), heterogeneous"
"毒殺","どくさつ","killing by poisoning, killing with poison, poisoning (to death)"
"触れ合う","ふれあう","to come into contact with, to touch (each other), to have a brush with"
"口論","こうろん","quarrel, argument, row, (verbal) dispute"
"喧しい","やかましい","noisy, loud, clamorous, boisterous; much talked of, much-discussed, vexed; strict, severe, stern; particular, fussy, fastidious, fault-finding, carping"
"大国","たいこく","large country, major nation, great power; province of the highest rank (ritsuryō system)"
"厳格","げんかく","strict, severe, stern, rigid, rigorous, tough"
"特異","とくい","unique, peculiar, singular"
"紅潮","こうちょう","flush, blush"
"胎児","たいじ","fetus, foetus, embryo, baby in the womb, unborn baby"
"服従","ふくじゅう","obedience, submission, resignation"
"縞","しま","stripe, bar, streak; (weaved) stripe pattern (of 2 or more different colors)"
"取り調べ","とりしらべ","investigation (e.g. by police or prosecutors), examination, inquiry, enquiry"
"自動的","じどうてき","automatic"
"語気","ごき","tone, manner of speaking"
"合併","がっぺい","merger (of companies, towns, etc.), combination, union, amalgamation, consolidation, coalition, fusion, annexation, affiliation, incorporation"
"項目","こうもく","item, heading, category, clause; headword (in a dictionary, encyclopedia, etc.), entry"
"冷や","ひや","cold water; cold sake; cold, cool, chilled, unheated"
"首領","しゅりょう","head, chief, boss, leader"
"裏腹","うらはら","opposite, reverse, contrary"
"三代","さんだい","three generations, three periods; third generation"
"身振り","みぶり","gesture, gesticulation, motion"
"","クリーム","cream; ice cream"
"贔屓","ひいき","favour, favor, patronage, favouritism, favoritism, partiality; favourite, favorite; patron, supporter, backer"
"際立つ","きわだつ","to be prominent, to be conspicuous, to stand out, to be outstanding, to be remarkable, to be striking, to be notable"
"噴水","ふんすい","water fountain"
"別途","べっと","separate, special, another; separately"
"引き締まる","ひきしまる","to become tense, to be tightened, to become firm (e.g. body)"
"任す","まかす","to entrust (to someone), to leave (in someone's hands)"
"投じる","とうじる","to throw, to cast (e.g. vote, light, shadow); to devote oneself (e.g. to a cause); to invest, to put in; to administer (medicine), to give; to abandon, to surrender; to take advantage of, to make full use of; to fit well with, to match with, to be in tune with; to stay (at a lodging)"
"沿岸","えんがん","coast, shore; coastal waters, inshore waters, coastal area"
"合唱","がっしょう","singing together, singing in union, chorus; ensemble singing, choral singing, chorus"
"事務員","じむいん","clerk, office worker, office staff"
"","シルエット","silhouette"
"博","はく, ばく","doctor, PhD; exposition, fair, exhibition"
"抱擁","ほうよう","embrace, hug, holding in one's arms"
"輝かしい","かがやかしい","brilliant, glorious, glittering, bright, splendid (e.g. achievement, success), promising (e.g. future)"
"","ボトル","bottle"
"歌舞伎","かぶき","kabuki, traditional form of drama and music performed by male actors wearing makeup mainly in white and red"
"家主","やぬし, いえぬし, いえあるじ","landlord, landlady; house owner, home owner, head of the household"
"義兄","ぎけい, あに","brother-in-law (spouse's older brother or older sister's husband); older stepbrother"
"抹殺","まっさつ","erasure, obliteration; denial, ignoring (an opinion)"
"","プレイヤー, プレーヤー, プレイヤ, プレーヤ","player"
"","パートナー, パートナ","(dance) partner; (work) partner; partner, spouse"
"草履","ぞうり, じょうり","zori, traditional Japanese thonged sandals"
"に就いて","について","about, on, regarding, concerning; per, for every"
"ドイツ語","ドイツご","German (language)"
"","クール","cool (temperature, color, etc.); cool (i.e. calm and collected), cool-headed, cold-hearted; cool (i.e. fashionable or stylish)"
"日夜","にちや","day and night, around the clock, always, constantly"
"判定","はんてい","judgement, judgment, decision, ruling, finding, adjudication, verdict, call"
"深まる","ふかまる","to deepen, to heighten, to intensify"
"乗っ取る","のっとる","to take possession of (forcibly), to take over (a company, account, etc.), to capture (a castle, enemy position, etc.), to seize, to occupy, to usurp; to hijack (a plane, ship, etc.)"
"間際","まぎわ","the point just before ..., the point of (doing), the verge (of), the eve (of); (just before the) edge"
"面倒くさい","めんどくさい, めんどうくさい","bothersome, tiresome, bother to do"
"水平","すいへい","horizontal, level, even"
"宰相","さいしょう","prime minister, premier, chancellor"
"情け","なさけ","pity, sympathy, compassion, mercy; affection, love"
"隈なく","くまなく","all over, everywhere, in every nook and cranny; brightly, clearly"
"","プラスチック, プラスティック, プラッチック, プラスティク, プラチック","plastic"
"論争","ろんそう","dispute, controversy, debate, argument, taking issue"
"凶悪","きょうあく","atrocious, heinous, fiendish, brutal, vicious"
"結合","けつごう","combination, union, joining, linking, coupling; bond; join (in relational algebra)"
"多難","たなん","full of troubles, difficulties"
"寝かす","ねかす","to put to bed, to let sleep; to lay (something) down, to put on its side; to let (money, goods, etc.) lie idle, to set aside unused, to let (stock) lie unsold; to (let) ferment, to (let) age, to let (dough) rise, to lay down (wine)"
"","ハラハラ, はらはら","to feel anxious, to feel nervous, to be kept in suspense, to feel excited, to feel thrilled; fluttering down, trickling down (e.g. tears); hanging untidily (of hair), straggling"
"苦情","くじょう","complaint, troubles, objection, grievance"
"一隅","いちぐう, ひとすみ","corner, nook"
"麻雀","マージャン, まーじゃん, まあじゃん","mahjong, mah-jongg"
"","エリア, エリヤ, エアリア","area"
"黒っぽい","くろっぽい","dark, blackish"
"水路","すいろ","waterway, canal, channel, watercourse, aqueduct; swimming pool lane"
"螺子","ネジ, ねじ","screw; key (of a clock, watch, etc.), spring"
"","ブランド","brand"
"初夏","しょか, はつなつ","early summer; fourth month of the lunar calendar"
"悔やむ","くやむ","to mourn, to lament; to be sorry, to regret, to repent"
"爆破","ばくは","destructive blast, blowing up, explosion"
"相続","そうぞく","succession; inheritance"
"思い直す","おもいなおす","to re-think, to think back upon, to change one's mind"
"打ち切る","うちきる","to stop, to abort, to discontinue, to close"
"","ブランデー, ブランディ, ブランディー, ブランデ","brandy"
"害する","がいする","to injure, to damage, to harm, to hurt; to kill; to hinder, to obstruct"
"通話","つうわ","telephone call, speaking over the telephone, (Internet) voice call, videoconference call; counter for telephone calls of a set duration"
"刺繍","ししゅう","embroidery"
"様式","ようしき","style, form, pattern"
"直線","ちょくせん","straight line"
"本文","ほんぶん, ほんもん","text (of a book, document, etc.), body (of a letter); this passage, this sentence"
"巡礼","じゅんれい","pilgrimage, pilgrim"
"最新","さいしん","latest, newest, late-breaking (news)"
"木星","もくせい","Jupiter (planet)"
"近辺","きんぺん","neighbourhood, neighborhood, vicinity"
"職務","しょくむ","professional duties"
"同胞","どうほう, どうぼう, はらから","brethren, brothers, fellow countrymen, fellowman, compatriot"
"奇襲","きしゅう","surprise attack"
"貧弱","ひんじゃく","poor, meagre, meager, feeble, scanty, shabby, insubstantial"
"物理的","ぶつりてき","physical"
"","プラン","plan, scheme; (payment) plan, package, deal, offer"
"全世界","ぜんせかい","the whole world"
"","ぼーっと, ボーっと, ボーッと, ぼうっと, ぼおっと, ボウッと, ボウっと, ボオッと","in a daze, absent-mindedly, vacantly, abstractedly, blankly, idly; dimly, hazily, faintly, vaguely, indistinctly; with a roar (of flames), with a whoosh, flaring up"
"苺","いちご, イチゴ","strawberry (esp. the garden strawberry, Fragaria x ananassa); 15,000 yen"
"床の間","とこのま","tokonoma, alcove where art or flowers are displayed"
"記入","きにゅう","entry (in a form, register, diary, etc.), filling in, filling out"
"紋章","もんしょう","crest, coat of arms"
"一心に","いっしんに","wholeheartedly, single-mindedly, fervently, intently"
"内外","ないがい, うちそと","inside and outside, interior and exterior; inside and outside the country, home and abroad, domestic and foreign; around, about, approximately"
"不服","ふふく","dissatisfaction, discontent, disapproval, objection, complaint, protest, disagreement"
"余人","よじん, よにん","others, other people"
"事による","ことによる","depending on the circumstances; due to (with modifying verb)"
"","とく, どく","to do something in readiness for, to get something (needful) done"
"健全","けんぜん","healthy, sound, wholesome"
"見比べる","みくらべる","to compare with the eye, to judge by comparison; to take into consideration, to bear in mind"
"","カプセル","capsule"
"","ギルド","guild"
"","ステップ","step (of a staircase, etc.), running board (of a bus, train); step (movement), pace; (dance) step; step (in a process), stage"
"孤児","こじ, みなしご","orphan; person without friends"
"裕福","ゆうふく","wealthy, rich, affluent, well-off"
"双眼鏡","そうがんきょう","binoculars, field glasses"
"登校","とうこう","attendance (at school), going to school"
"診断","しんだん","diagnosis, medical examination"
"三角","さんかく","triangle, triangular shape"
"戦況","せんきょう","war situation, progress of a battle"
"等々","とうとう","etc., et cetera, and so on"
"","ハンサム","handsome"
"","ヒット","hit, base hit, safe hit, single; hit, success; hit, blow; hit (i.e. a successful match in a search)"
"厳か","おごそか","solemn (ceremony, atmosphere, etc.), austere, grave, majestic, dignified, stately, impressive"
"","ゆとり","elbowroom, leeway, room, reserve, margin, allowance, latitude, time (to spare)"
"提示","ていじ","presentation (of a passport, ID, etc.), showing, production (e.g. of documents); presentation (of a plan, response, etc.), bringing up, citing (an example)"
"長期","ちょうき","long-term"
"風土","ふうど","natural features, topography, climate, spiritual features"
"平安","へいあん","peace, tranquility, tranquillity; Heian period (794-1185)"
"","サンダル","sandal"
"","あっての","which can exist solely due to the presence of, whose existence is determined entirely by, which owes everything to"
"音声","おんせい, おんじょう","voice, speech, sound of a voice; sound (e.g. of a TV)"
"疎開","そかい","evacuation (to the country); spreading out (troops), deployment, dispersal"
"怪談","かいだん","ghost story, tale of the supernatural"
"突き上げる","つきあげる","to push up, to force up, to toss; to pressure one's superiors; to burst out (of emotions, etc.), to fill one's heart"
"山奥","やまおく","deep in the mountains, mountain recesses"
"合わす","あわす","to match (rhythm, speed, etc.); to join together, to unite, to combine, to add up; to face, to be opposite (someone); to compare, to check with; to cause to meet (e.g. an unpleasant fate); to place together, to connect, to overlap; to mix, to combine; to put blade to blade, to fight"
"狡い","ずるい, こすい, ズルイ, ズルい","sly, cunning, sneaky, crafty, unfair, dishonest; miserly, mean, stingy"
"追加","ついか","addition, supplement, appending, appendix"
"画廊","がろう","art gallery (esp. artworks for sale), picture gallery"
"浜辺","はまべ","beach, foreshore"
"発車","はっしゃ","departure (of a train, car, etc.), starting, leaving"
"慰問","いもん","visit to console someone, giving comfort (to the sick, injured, etc.), expressing condolences (sympathy, concern, etc.), sympathy call"
"長生き","ながいき","longevity, long life"
"議長","ぎちょう","chair, chairman, chairperson, speaker (of an assembly), president (of a council, senate, etc.)"
"待遇","たいぐう","treatment, reception, service; working conditions, salary, pay, remuneration"
"外観","がいかん","outward appearance, exterior appearance, outward show, looks"
"鰻","うなぎ, むなぎ, ウナギ","eel (esp. the Japanese eel, Anguilla japonica)"
"","クルー","crew"
"養父","ようふ","foster father, adoptive father"
"書簡","しょかん","letter, note, epistle, correspondence"
"因果","いんが","cause and effect, causality; karma, fate; unfortunate, unlucky, ill-fated"
"少なからず","すくなからず","considerably, not a little, in no small numbers"
"温もり","ぬくもり","warmth"
"究極","きゅうきょく","ultimate, final, last, eventual"
"相対","あいたい","involving only the parties concerned, tete-a-tete"
"地球上","ちきゅうじょう","on Earth, on the earth"
"定義","ていぎ","definition"
"","パンフレット","pamphlet, brochure, leaflet"
"夜具","やぐ","bedding, bedclothes"
"","ジープ","jeep"
"関与","かんよ","participation, taking part in, participating in, being concerned in"
"舐める","なめる, ナメる","to lick, to lap, to suck; to taste; to experience (esp. a hardship); to underestimate, to make light of, to look down on (someone), to make a fool of, to treat with contempt, to disparage; to lick (at; of flames), to burn"
"伝達","でんたつ","transmission (e.g. news, chemical signals, electricity), communication, delivery, conveyance, transfer, relay, propagation, conduction"
"大火","たいか","large fire"
"荒っぽい","あらっぽい","wild, violent, rough-mannered, rude; rough (e.g. work), crude, coarse, careless"
"右翼","うよく, ウヨク","right wing; right wing (of a bird or aircraft); right wing (of an army, building, etc.), right flank; right field, right fielder; right wing (in soccer, rugby, etc.); high (academic) standing, high class ranking"
"単行本","たんこうぼん","standalone book (i.e. not part of an anthology, series, etc.), (book published as a) single volume; tankōbon, individual volume of a manga series"
"杏","あんず, アンズ","apricot (Prunus armeniaca)"
"眠気","ねむけ","sleepiness, drowsiness"
"国々","くにぐに","countries"
"新婚","しんこん","newly-wed, newly married"
"濠太剌利","オーストラリア","Australia"
"視察","しさつ","inspection, observation"
"敷居","しきい, しきみ, しき","threshold (esp. one with grooves for sliding doors), sill"
"風呂敷","ふろしき","furoshiki, wrapping cloth, cloth wrapper"
"一派","いっぱ","one school, one sect, one denomination; one party, one faction, one group"
"行き届く","いきとどく, ゆきとどく","to be scrupulous, to be attentive, to be prudent, to be complete, to be thorough"
"蜜柑","みかん, ミカン","mandarin (esp. the satsuma mandarin (Citrus unshiu)), mandarin orange, tangerine, clementine, satsuma; citrus (Citrus spp.)"
"丸まる","まるまる","to become rounded, to roll into a ball"
"濃厚","のうこう","rich (flavor, color, etc.), strong (e.g. odor), heavy, thick (soup, makeup, etc.), dense; probable, (very) likely, strong (suspicion, sense, etc.), pronounced; passionate, sensuous, hot"
"不穏","ふおん","disquieting, threatening, turbulent, restless, unsettled, disturbing"
"今時","いまどき, イマドキ","these days, nowadays, today, present age, modern times; at this time (of day), at this hour"
"折から","おりから","just then, at that time, at that moment; as it's a time of ..., in this time of ..."
"暴力団","ぼうりょくだん","bōryokudan, gangster organization (organisation), crime syndicate, yakuza"
"冷やす","ひやす","to cool (from room temperature), to chill, to refrigerate; to calm down, to cool off, to regain one's composure, to relax; to be frightened (at), to be scared (of)"
"旅行者","りょこうしゃ","traveller, traveler"
"冷笑","れいしょう","sneer, derision, scornful laugh, cold smile"
"躊躇う","ためらう","to hesitate, to waver"
"","くしゃくしゃ, クシャクシャ","crumpled, rumpled, wrinkled, creased, tousled, disheveled, dishevelled; to be annoyed, to be irritated, to be upset; noisily (chewing)"
"横断","おうだん","crossing (a road, river, etc.), cutting through (e.g. of a river through a town), cutting across, intersecting (e.g. a railway track); crossing (east-west), traversing, travelling across, flying across (e.g. the Pacific), sailing across; cutting horizontally, sectioning laterally"
"四畳半","よじょうはん","four and a half tatami mats, four-and-a-half-mat room; small room esp. for assignations"
"引き戻す","ひきもどす","to bring back, to restore"
"上演","じょうえん","performance (of a play, opera, etc.), staging, presentation"
"谷川","たにがわ","mountain stream"
"生理","せいり","physiology; menstruation, one's period"
"図る","はかる","to plan, to attempt, to devise; to plot, to conspire, to scheme; to aim for, to strive for, to work towards, to seek; to deceive, to trick, to take in"
"木乃伊","ミイラ","mummy"
"無実","むじつ","innocence, guiltlessness, false accusation, false charge; absence of the fact, insubstantiality, lacking substance; insincerity, dishonesty"
"","スナック","snack, light meal; snack bar (usu. an establishment that serves alcohol); snack food (esp. potato chips, popcorn, etc.), munchie"
"葡萄牙","ポルトガル","Portugal"
"甘美","かんび","sweet (taste), luscious; sweet (melody, dream, etc.), delightful, pleasant, mellow, mellifluous"
"補佐","ほさ","aid, help, assistance, assistant, counselor, counsellor, adviser, advisor"
"壮大","そうだい","magnificent, grand, majestic, splendid"
"手助け","てだすけ","a help, assistance"
"紡ぐ","つむぐ","to spin, to make yarn; to spin (a tale), to assemble (e.g. words), to put together"
"接待","せったい","entertainment (of guests; esp. in the corporate world), treating (to food and drinks), wining and dining"
"無能","むのう","incompetence, inefficiency, inability, incapacity; incompetent person"
"海路","かいろ, うみじ, うなじ","sea route"
"","ボディー, ボディ, ボデー, バディー, バディ","body; body blow"
"発砲","はっぽう","firing, discharge of gun"
"煮物","にもの","nimono, food cooked by boiling or stewing"
"当てはまる","あてはまる","to apply (of a rule), to be applicable (of standards, lessons, ideas, etc.), to hold true (e.g. of a description), to fit, to be suitable (e.g. of a word), to meet (requirements), to fulfill (conditions), to come under (a heading)"
"いつも通り","いつもどおり, いつもとおり, いつもどうり","as always, as usual"
"厳粛","げんしゅく","grave, solemn, serious; harsh (e.g. truth), hard, strict"
"引き継ぐ","ひきつぐ","to take over (someone's duties, business, etc.), to inherit, to succeed to, to carry on (a tradition), to continue; to hand over"
"就く","つく","to take (seat, position, course, office, etc.), to assume, to be hired, to be employed; to ascend (the throne), to accede; to start (on a journey), to commence, to depart; to study (under teacher), to be an apprentice"
"西欧","せいおう","Western Europe; the West, the Occident, Europe"
"配達","はいたつ, はいだつ","delivery"
"入浴","にゅうよく","bathing, going in the bath"
"やむを得ない","やむをえない","cannot be helped, unavoidable"
"","チェス","chess"
"粉砕","ふんさい","pulverization, pulverisation; reducing to pieces, crushing, smashing, demolishing"
"打ち消す","うちけす","to deny, to contradict; to negate (esp. a sound), to drown out"
"蕎麦","そば, そばむぎ, そまむぎ","buckwheat (Fagopyrum esculentum); soba, Japanese buckwheat noodles; Chinese-style wheat noodles"
"不動","ふどう","immovable, motionless, firm, unwavering, unshakable, steadfast; Acala (Wisdom King), Fudō, fierce Buddhist deity"
"比律賓","フィリピン, フィリッピン, フイリピン","Philippines"
"暴露","ばくろ","disclosure, exposure, revelation"
"部会","ぶかい","section meeting; division (of a larger organisation), department, section"
"短歌","たんか, みじかうた","tanka, 31-mora Japanese poem"
"椀","わん","bowl (wooden); counter for bowls of food or drink"
"買収","ばいしゅう","acquisition (esp. corporate), buy-out, takeover, purchase; bribery, buying off, corruption"
"","ややこしい, ややっこしい","complicated, complex, intricate, confusing, difficult, troublesome"
"保持","ほじ","retention, maintenance, preservation"
"出頭","しゅっとう","appearance, presence, attendance; surrender (e.g. to the police), turning oneself in"
"十字","じゅうじ","cross, cross shape"
"遠方","えんぽう","distant place, faraway location, far away"
"限度","げんど","limit, bounds"
"腕前","うでまえ","ability, skill, facility"
"水割り","みずわり","cutting an alcoholic beverage (usu. whisky or shōchū), diluting an alcoholic beverage, cut drink, diluted drink, watered-down drink"
"分子","ぶんし","molecule; numerator; element (of a group), member; particle"
"青銅","せいどう","bronze"
"","チンピラ, ちんぴら","(young) hoodlum, delinquent boy, delinquent girl, hooligan, punk; small-time yakuza; brat, little shit"
"段ボール","だんボール, ダンボール","(corrugated) cardboard"
"生まれつき","うまれつき","by nature, by birth, naturally, natural, innate"
"厨房","ちゅうぼう","kitchen, galley; (Internet) troll"
"勇者","ゆうしゃ, ゆうじゃ","hero, the brave, man of valour (valor)"
"前面","ぜんめん","front part, frontage, facade; initial pledge (e.g. election), opening slogan"
"行き来","ゆきき, いきき","coming and going, keeping in touch, visiting each other; street traffic, highway"
"大刀","だいとう","(Japanese) long sword, large sword; guandao, Chinese glaive"
"回目","かいめ","nth time"
"申し入れる","もうしいれる","to propose, to suggest"
"古今","ここん, こきん","ancient and modern times, all ages, past and present"
"猟師","りょうし","hunter, huntsman"
"","インチキ, いんちき","cheating, fraud, trickery, deception; fake, bogus, quack, sham, counterfeit"
"子息","しそく","(another's) son"
"割り切る","わりきる","to find a clear solution, to come to a clean decision, to give a clear explanation, to reason out, to conclude, to be pragmatic, to be practical; to divide exactly (without remainder), to divide evenly"
"勇ましい","いさましい","brave, valiant, gallant, courageous; stirring, vigorous, rousing"
"揺ら揺ら","ゆらゆら, ユラユラ","swaying, swinging, rocking, shaking, wavering, flickering"
"","ぱらぱら, パラパラ","sprinkling (of rain, salt, etc.), pattering; flipping (through a book, etc.), riffling; sparse, scattered, sporadic; crumbly (e.g. tofu, cheese), loose, non-sticky (e.g. rice)"
"当事者","とうじしゃ","person concerned, interested party, related party"
"不都合","ふつごう","inconvenient, inexpedient, unfavourable, troublesome, difficult; wrong, improper, objectionable, unjustifiable"
"増加","ぞうか","increase, rise, growth, addition, increment"
"架空","かくう, がくう","fictitious, imaginary, fanciful, fabricated; aerial, overhead"
"通称","つうしょう","popular name, common name, nickname, alias"
"書院","しょいん","drawing room, study, writing alcove; publishing house"
"気候","きこう","climate"
"持ち物","もちもの","one's property, personal effects, one's belongings"
"抑制","よくせい","control, restraint, suppression, constraint, curtailment, inhibition, check, curb"
"１０代","じゅうだい","the teens (10-19), teenage; the tenth generation"
"愛嬌","あいきょう, あいぎょう","charm, attractiveness, amiability, winsomeness; courtesy, ingratiating behaviour; entertainment, amusement, fun"
"理事","りじ","director, trustee"
"危惧","きぐ","apprehension, misgivings, uneasiness, fear, anxiety"
"中略","ちゅうりゃく","omission (of middle part of a text), ellipsis"
"","キャラクター, キャラクタ","character, personality, disposition; (fictional) character; letter, character, symbol"
"空","から, カラ","emptiness, being empty; not carrying anything, unburdened, empty-handed; dishonoured (bill, promise, etc.), false, no-show (reservation), put-on (cheeriness, courage, etc.), empty (compliments), insincere"
"地表","ちひょう","surface of the earth, ground surface"
"交差","こうさ","crossing, intersection; (genetic) crossing over"
"公然","こうぜん","open, public, official, overt"
"","リース","lease"
"同席","どうせき","being present (at the same meeting, occasion, etc.), attendance (with), sitting with, sitting next to; same (seating) precedence, same rank"
"市長","しちょう","mayor"
"素質","そしつ","makings (of), aptitude, talent, qualities; nature, character, temperament"
"垣","かき","fence, hedge, railing; barrier, wall"
"","ロング","long"
"断念","だんねん","abandoning (hope, plans), giving up"
"","テロ","terror, terrorism"
"民間","みんかん","private, non-governmental, non-official, civilian, civil; folk, popular"
"名門","めいもん","noted family, noble family; prestigious school, organization, business, etc."
"湖畔","こはん","lakeside, lakeshore, lakefront"
"悪臭","あくしゅう","bad smell, foul smell, offensive odor, stench, stink"
"挿絵","さしえ","illustration (in a book, newspaper, etc.), picture"
"教祖","きょうそ","founder of a religious sect"
"寂","さび","patina, antique look; elegant simplicity; well-trained voice"
"","にあっては, にあって","in, on, at, during, in the condition of"
"同年","どうねん","that year, same year, same age"
"辞書","じしょ","dictionary, lexicon; letter of resignation"
"建造","けんぞう","building, construction"
"無為","むい","idleness, inactivity"
"心身","しんしん, しんじん","mind and body"
"形見","かたみ","memento (esp. of a deceased person), keepsake, heirloom, remembrance, souvenir"
"記載","きさい","mention (in a document), record, entry, statement, listing"
"荒廃","こうはい","ruin, destruction, devastation, waste, decay"
"強情","ごうじょう","obstinate, stubborn, headstrong"
"柔道","じゅうどう","judo"
"柴","しば","brushwood, firewood"
"作法","さほう, さくほう","manners, etiquette, propriety; manner of production (esp. of prose, poetry, etc.), way of making"
"看病","かんびょう","nursing (a patient)"
"","コツコツ, こつこつ","steadily, unflaggingly, untiringly, laboriously, diligently; knocking, tapping, clicking, drumming"
"不要","ふよう","unnecessary, unneeded"
"班長","はんちょう","squad leader, group leader, team leader"
"国語","こくご","national language; Japanese language (esp. as a school subject in Japan); one's native language, mother tongue; native Japanese words (as opposed to loanwords and Chinese-derived words)"
"意識的","いしきてき","conscious, deliberate, intentional"
"厳密","げんみつ","strict, close, precise, scrupulous"
"成り行き","なりゆき","course (of events), development, progress, outcome, result; market order, order without limit"
"瓦","グラム","gram, gramme"
"繕う","つくろう","to mend, to patch up, to repair, to fix, to darn; to fix (hair, clothes, appearance, etc.), to adjust, to tidy up, to groom; to keep up appearances, to cover up (e.g. a mistake), to gloss over; to treat (illness, injury, etc.)"
"立証","りっしょう","establishing proof, demonstration, substantiation"
"","オーケストラ","orchestra"
"先行","せんこう","going ahead, going first; preceding, coming before, being ahead (e.g. of the times), occurring first, happening prior; scoring first, getting off to a lead; stalker"
"鉱山","こうざん","mine (ore)"
"台地","だいち","plateau, tableland, eminence"
"墓石","ぼせき, はかいし","tombstone, gravestone"
"川崎","かわさき","Kawasaki (city)"
"出場","しゅつじょう","participation (in a tournament, match, race, etc.), entry, taking part (in), competing (in), appearance; appearance (on the stage, television, etc.); exiting (a venue, train station, etc.), exit; being dispatched (of an ambulance, fire engine, etc.)"
"初日","しょにち, しょじつ","first day, opening day"
"市中","しちゅう, いちなか","in the city; in the community"
"最善","さいぜん","the very best, utmost"
"赤松","あかまつ, アカマツ","Japanese red pine (Pinus densiflora), Japanese umbrella pine, tanyosho pine"
"煩わしい","わずらわしい","troublesome, annoying, complicated"
"不潔","ふけつ","unclean, dirty, unsanitary, filthy; indecent, dirty (story, money, etc.), obscene, immoral"
"口笛","くちぶえ","whistle (sound made with the lips)"
"救済","きゅうさい","relief, aid, help, rescue; (religious) salvation, (Christian) grace"
"登山","とざん","mountain climbing, mountaineering, ascent of a mountain"
"分離","ぶんり","separation, partition, detachment, segregation, isolation"
"知己","ちき","acquaintance; close friend"
"","ドライバー, ドライバ","driver (of a vehicle), motorist; screwdriver; driver (club); (device) driver"
"歩調","ほちょう","pace, step, cadence"
"健在","けんざい","in good health, alive and well, going strong"
"野蛮","やばん","savage, barbarous, barbaric, uncivilized, uncivilised"
"損傷","そんしょう","damage, injury"
"新潟","にいがた","Niigata (city, prefecture)"
"多忙","たぼう","being very busy, busyness"
"振り切る","ふりきる","to shake off, to shake free from; to swing completely (bat, club, etc.), to take a full swing; to break off from (pursuer), to pull away; to reject (request), to ignore"
"","エア, エアー, エヤー","air"
"東部","とうぶ","eastern part, the east (of a region)"
"用語","ようご","term, terminology; wording, choice of words, phraseology"
"新聞紙","しんぶんし, しんぶんがみ","newsprint, newspaper used for wrapping, packing, etc.; newspaper"
"短編","たんぺん","short (e.g. story, film)"
"文体","ぶんたい","literary style; form of (written) language (e.g. classical, modern)"
"拉致","らち, らっち","taking captive, carrying away, kidnapping, kidnaping, abduction"
"あだ名","あだな, こんめい","nickname"
"訴訟","そしょう","lawsuit, suit, (legal) action, litigation"
"家人","かじん","occupant of a house, family member, household member (incl. servants)"
"気持ち悪い","きもちわるい","unpleasant, revolting, repulsive, gross, disgusting, disturbing, creepy; feeling sick, feeling unwell; uncomfortable, annoying, frustrating"
"西部","せいぶ","western part, the west (of a region); the West (United States)"
"真似","まね, マネ","imitating, copying, mimicry; behavior, behaviour, action, conduct"
"無名","むめい","nameless, unnamed, anonymous, unsigned; obscure, unknown, not famous; causeless, unjustifiable"
"献上","けんじょう","presenting (to)"
"","ぼやける, ボヤける","to become dim, to become blurred"
"興行","こうぎょう","show, performance, act; entertainment industry, show business"
"岸辺","きしべ","shore, bank (of a body of water)"
"所有者","しょゆうしゃ","owner"
"継続","けいぞく","continuation, continuance, going on"
"侵攻","しんこう","invasion"
"熱意","ねつい","zeal, enthusiasm, ardor, ardour"
"連行","れんこう","taking (a suspect to the police), dragging (someone) away"
"細部","さいぶ","details, particulars"
"宥める","なだめる","to soothe, to calm, to pacify"
"重視","じゅうし","regarding as important, attaching importance to, taking a serious view of, putting emphasis on"
"","ズバリ, ずばり","decisively, decidedly, boldly, once and for all, unreservedly, frankly; precisely, exactly"
"真新しい","まあたらしい","brand new"
"続々","ぞくぞく","successively, one after another"
"善意","ぜんい","virtuous mind; good intentions, good will; positive mindset; bona fides, good faith"
"探検","たんけん","exploration, expedition"
"家系","かけい","family lineage"
"","マニア, マニヤ","enthusiast; mania, enthusiasm"
"親族","しんぞく","relative, relation, kin"
"弾薬","だんやく","ammunition, ammo"
"焦燥","しょうそう","impatience, irritation, frustration, fretfulness"
"物腰","ものごし","manner, demeanour, demeanor, bearing"
"超越","ちょうえつ","transcendence, transcendency"
"窓口","まどぐち","counter, window, teller window, ticket window; contact person, point of contact"
"商事","しょうじ","commercial affairs"
"相応","そうおう","suitable, appropriate, befitting, becoming, adequate, reasonable, proper; conjoining, association, samprayukta"
"故人","こじん","the deceased, the departed; old friend, longtime acquaintance"
"小枝","こえだ","twig, spray"
"感染","かんせん","infection, contagion, becoming infected; being infected (e.g. with harmful ideas), being influenced (by)"
"暴行","ぼうこう","assault, outrage, act of violence; rape (by force), sexual assault"
"経理","けいり","accounting, administration (of money)"
"脱する","だっする","to escape from, to get out"
"片付く","かたづく","to be put in order, to be put to rights; to be disposed of, to be solved; to be finished; to be married (off)"
"行政","ぎょうせい","executive, government; administration, governance, the authorities, authority"
"来週","らいしゅう","next week"
"同棲","どうせい","cohabitation (esp. of an unmarried couple), living together"
"体育","たいいく, たいく","physical education, PE, gym (class)"
"","ミラー","mirror"
"連れ去る","つれさる","to take (someone) away, to carry off, to abduct, to kidnap"
"左足","ひだりあし, さそく","left foot; left leg"
"突く","つつく","to poke (repeatedly, lightly), to nudge; to peck at (one's food), to pick at; to peck at (someone's faults, etc.); to egg on, to put up to"
"妥当","だとう","valid, proper, right, appropriate, reasonable"
"富士山","ふじさん, ふじやま","Mount Fuji, Mt. Fuji, Fujiyama, Fuji-san"
"宮中","きゅうちゅう","imperial court"
"理想的","りそうてき","ideal"
"恋しい","こいしい","yearned for, longed for, missed"
"開催","かいさい","holding (a conference, exhibition, etc.), opening, hosting (e.g. the Olympics)"
"再建","さいけん","rebuilding, reconstruction, rehabilitation; protoform reconstruction"
"頑張り","がんばり","tenacity, endurance"
"定着","ていちゃく","sticking (in one place, position, etc.), settling, fixing, adherence; becoming established (of a custom, system, etc.), taking hold, taking root; fixation, fixing"
"森林","しんりん","forest, woods"
"生家","せいか, しょうか","house where one was born; one's parents' house"
"","ペンキ","paint"
"支障","ししょう","obstacle, hindrance, impediment, difficulty"
"志願","しがん","aspiration, volunteering, desire, application"
"仏壇","ぶつだん","Buddhist (household) altar"
"","インク","ink"
"一昨年","おととし, いっさくねん","year before last"
"当番","とうばん","being on duty, person on duty, one's turn"
"居眠り","いねむり","nodding off (while sitting), dozing"
"洗練","せんれん","refinement, polish"
"茸","きのこ, たけ, キノコ","mushroom"
"介入","かいにゅう","intervention"
"垢","あか","dirt, filth, grime"
"聖堂","せいどう","(Confucian) temple, church, sanctuary"
"運営","うんえい","management, administration, operation"
"稼業","かぎょう","trade, business, occupation, profession, job"
"蒸発","じょうはつ","evaporation; disappearance (of a person), vanishing without a trace"
"潜入","せんにゅう","infiltration, sneaking in, going undercover"
"","パーカー, パーカ","hooded sweatshirt, hoodie, hoody; hooded jacket, parka, anorak"
"名高い","なだかい","famous, noted, renowned, celebrated, well-known"
"資本","しほん","funds, capital"
"住","じゅう","dwelling, living"
"失敬","しっけい","rudeness, impoliteness, disrespect, impertinence; leaving, going (on one's way), saying goodbye; taking without permission, stealing, pinching, pilfering; my apologies, I must be going now, so long"
"猶予","ゆうよ","postponement, deferment, extension (of time)"
"題する","だいする","to be titled (e.g. a book), to be named"
"特性","とくせい","special characteristic, special quality, trait, idiosyncrasy, peculiarity"
"","スマート","smart (clothing, etc.), stylish; slim, slender; skilful, slick, clever, adroit"
"体育館","たいいくかん, たいくかん","gymnasium"
"理念","りねん","(Platonic) ideal (of how things ought to be, e.g. human rights), foundational principle, idea, conception (e.g. of the university), doctrine, ideology"
"放題","ほうだい","(doing) as one pleases, to one's heart's content, letting (something) go unchecked, leaving uncontrolled, leaving (something) to take its own course"
"保護者","ほごしゃ","guardian, protector, patron, parent"
"交易","こうえき","trade, commerce"
"煮込む","にこむ","to boil well, to stew, to simmer (for a long time); to cook (various ingredients) together"
"","ネオン","neon (Ne); neon sign"
"お医者さん","おいしゃさん","doctor"
"娯楽","ごらく","amusement, entertainment, recreation, pleasure, pastime, hobby"
"線香","せんこう","incense stick"
"一貫","いっかん","consistency, coherence, integration; one kan (approx. 3.75 kg); one piece of sushi"
"引きつける","ひきつける","to attract, to draw near; to charm, to attract, to fascinate, to entice; to have a convulsion"
"講堂","こうどう","auditorium, lecture hall"
"処罰","しょばつ","punishment, penalty"
"至急","しきゅう","urgent, pressing, immediate, prompt, express; urgently, promptly, at once, right away, without delay, as soon as possible"
"立て直す","たてなおす","to put back up, to stand back up; to restore (to former strength), to revive (e.g. the economy), to reorganize, to rearrange, to put right, to recover, to put back on its feet; to make again (a plan, policy, etc.), to reformulate, to revise"
"","シナリオ","script, screenplay; scenario"
"言い換える","いいかえる","to say in other words, to put another way, to express in different words, to reword, to rephrase"
"待ち伏せ","まちぶせ","ambush, lying in wait for an ambush"
"数ヶ月","すうかげつ","several months"
"博多","はかた","Hakata (old but still commonly used name for Fukuoka)"
"都心","としん","city centre (esp. of Tokyo), heart of a city, downtown area"
"開拓","かいたく","reclamation (e.g. of wasteland), cultivation, development; pioneering, opening up (e.g. of a new market), breaking new ground, trailblazing"
"代議士","だいぎし","parliamentarian, member of a congress"
"","チベット","Tibet"
"本番","ほんばん","performance (as opposed to practice), going before an audience or on-air, take; game, match; high of the season, height (of summer, etc.), actual event (or celebration, etc.), real deal; penetrative vaginal sex (with a prostitute), unsimulated sex (in an adult movie); production environment"
"泥々","どろどろ, ドロドロ","viscous, mushy, pulpy, thick, slushy, syrupy, sticky; muddy, dirty (with oil, grease, etc.); to be in an ugly state (of emotions, relations, etc.), to be murky, to be sordid"
"従事","じゅうじ","engaging in (work), pursuing (e.g. studies), following (a profession), being involved in"
"一門","いちもん","family, clan, kin; sect, school, adherents, followers, disciples; group of related sumo stables"
"","ビット, ビト","bit; bit (of a drill, screwdriver, etc.)"
"猟","りょう","hunting, shooting; game, quarry"
"","サボる, さぼる","to be truant, to slack off, to play hooky, to skip school, to cut class, to skip out"
"時として","ときとして","in some cases, sometimes, on occasions"
"貨幣","かへい","money, currency, coin"
"頑張る","がんばる","to persevere, to persist, to keep at it, to hang on, to hold out, to do one's best; to insist that, to stick to (one's opinion); to remain in a place, to stick to one's post, to refuse to budge"
"一部分","いちぶぶん","one part, one portion, one section"
"対等","たいとう","equality (esp. of status), equal footing, equal terms"
"及び","および","and, as well as"
"総合","そうごう","synthesis, combination, integration, putting together; general, combined, composite, mixed, integrated, comprehensive; synthesis, colligation"
"化学","かがく, ばけがく","chemistry"
"昨晩","さくばん","last night"
"説得力","せっとくりょく","persuasiveness, powers of persuasion, cogency"
"左翼","さよく, サヨク","left wing; left wing (of a bird or aircraft); left wing (of an army, building, etc.), left flank; left field, left fielder; left wing (in soccer, rugby, etc.)"
"山川","さんせん, やまかわ","mountains and rivers"
"無心","むしん","innocence; mind free of obstructive thoughts, detachment, no-mind; insentient; pestering (someone for money, etc.), asking, begging, request"
"","バナナ","banana"
"侮る","あなどる","to disdain, to look down on, to make light of, to hold in contempt, to scorn, to despise"
"簡潔","かんけつ","concise, brief, succinct, compact (style)"
"筆跡","ひっせき, ふであと","handwriting; calligraphy specimen, example of penmanship, holograph"
"どちらかと言うと","どちらかというと","if anything, if pushed I'd say, if I had to say"
"テレビ局","テレビきょく","television station"
"駆逐艦","くちくかん","destroyer (ship)"
"跳ね上がる","はねあがる","to jump up, to spring up; to jump (market, price, etc.), to rise sharply, to skyrocket; to act rashly, to jump the gun"
"","ピカピカ, ぴかぴか, ピッカピカ, ぴっかぴか, ビカビカ, びかびか","with a glitter, with a sparkle; brand new, shiny and new; cleaned (of a plate, etc.), finished"
"収集","しゅうしゅう","collecting, accumulating, gathering; collection (of art, stamps, insects, etc.); garbage collection, waste collection"
"収録","しゅうろく","recording (in a book, the minutes, etc.), printing, including; recording (audio or video)"
"自衛隊","じえいたい","Japan Self-Defense Forces, JSDF; self-defence force, self-defense force"
"演習","えんしゅう","practice, exercise, drill; military exercise, manoeuvres, maneuvers, drill; seminar"
"風習","ふうしゅう","custom"
"庁","ちょう","government office, agency, board"
"地蔵","じぞう","Kshitigarbha (bodhisattva who looks over children, travellers and the underworld), Ksitigarbha, Jizō"
"独りでに","ひとりでに","by itself, automatically, naturally"
"常連","じょうれん","regular customer, regular patron, regular visitor, frequenter; constant companion"
"饂飩","うどん, うんどん","udon, thick Japanese wheat noodles"
"","コメント","comment"
"怒号","どごう","angry roar, bellow"
"鈍る","にぶる, なまる","to become blunt, to grow dull; to become less capable, to weaken, to falter"
"やり過ごす","やりすごす","to let (something or someone) go past; to do too much"
"校門","こうもん","school gate"
"","サラダ, サラド","salad"
"無くてはいけない","なくてはいけない","cannot do without something, indispensable, absolutely necessary; have to do"
"貯金","ちょきん","putting money aside, savings, deposit (e.g. in a bank); accumulated surplus of wins, wins in the bank"
"翻る","ひるがえる","to flutter (in the wind), to wave, to flap, to fly; to turn over, to flip over; to suddenly change (attitude, opinion, etc.), to suddenly switch, to alter, to flip"
"中継","ちゅうけい","relay, hook-up; relay broadcasting"
"望遠鏡","ぼうえんきょう","telescope"
"運河","うんが","(navigable) canal, waterway"
"即死","そくし","instant death"
"推進","すいしん","propulsion, drive; promotion (of a policy, project, movement, etc.), furtherance, advancement, pushing forward"
"点滅","てんめつ","switching on and off (of a light), flashing, blinking, flickering"
"か否か","かいなか","whether or not"
"","キャップ","leader, chief, head, captain (of a team)"
"公衆電話","こうしゅうでんわ","public telephone, pay phone"
"羽目","はめ","panel, wainscoting, wainscotting; plight, fix, bind, awkward situation, difficult situation, mess"
"交流","こうりゅう","exchange (e.g. cultural), interchange, interaction, mingling, mixing, coming together; alternating current, AC"
"克服","こくふく","conquest (of a difficulty, illness, crisis, etc.), overcoming, surmounting, bringing under control"
"決め付ける","きめつける","to fix upon (one-sidedly), to (ignore someone's position and) arbitrarily decide something is the case; to scold, to take (a person) to task"
"飛び交う","とびかう","to fly about, to flutter about, to flit about, to fly past each other"
"保険","ほけん","insurance; guarantee, warranty"
"勲章","くんしょう","decoration, order, medal"
"改良","かいりょう","improvement, reform"
"","だらだら, ダラダラ","in drops, dripping, trickling, streaming, flowing; gently (sloping); sluggishly, endlessly, lengthily; leisurely, idly, slowly, slovenly"
"","コックピット, コクピット","cockpit"
"海辺","うみべ, かいへん","beach, seashore, seaside, coast"
"拘る","こだわる","to be obsessive (about), to be overly concerned (with), to fuss (over), to worry too much (about), to be picky (about), to be hung up (on), to stick to; to be particular (about), to pay special attention (to), to be fastidious (about), to insist (on), to be uncompromising; to get stuck, to be obstructed"
"真夏","まなつ","middle of summer, height of summer, midsummer"
"詰問","きつもん","cross-examination, close questioning, demanding an explanation"
"刺身","さしみ","sashimi (raw sliced fish, shellfish or crustaceans)"
"自負","じふ","pride, self-confidence, thinking highly of oneself, being proud of one's abilities or achievements"
"と言うことはない","ということはない","it is not possible (to, that), there is no such thing as"
"質量","しつりょう","mass; quality and quantity"
"未","ひつじ","the Sheep (eighth sign of the Chinese zodiac), the Ram, the Goat; hour of the Sheep (around 2pm, 1-3pm, or 2-4pm); south-southwest; sixth month of the lunar calendar"
"","ドック, ドッグ","dock; thorough physical examination"
"金魚","きんぎょ, キンギョ","goldfish (Carassius auratus)"
"衛星","えいせい","(natural) satellite, moon; (artificial) satellite"
"身軽","みがる","agile, nimble, light (of foot); casual (clothing), light (e.g. luggage); carefree, with limited responsibility"
"動じる","どうじる","to be perturbed, to be agitated"
"応用","おうよう","(practical) application, putting to practical use; applied (e.g. physics, linguistics, research)"
"救助","きゅうじょ","relief, aid, rescue"
"報復","ほうふく","retaliation, revenge, reprisal, retribution; retorsion, retortion"
"達人","たつじん","master, expert"
"大海","たいかい, おおうみ","ocean, large sea; fabric pattern"
"お休みなさい","おやすみなさい","good night"
"巡回","じゅんかい","going around, patrol, round, tour"
"荷揚げ","にあげ","unloading, landing"
"今月","こんげつ","this month"
"共同体","きょうどうたい","cooperative body, cooperative system, collective, community"
"統制","とうせい","regulation, control"
"梅雨","つゆ, ばいう","(East Asian) rainy season (in Japan, usu. from early June to mid-July); rain during the rainy season"
"血痕","けっこん","bloodstain"
"省く","はぶく","to omit, to leave out, to exclude, to eliminate; to curtail, to save, to cut down, to economize, to economise"
"普及","ふきゅう","diffusion, spread, popularization, promulgation, familiarization"
"移住","いじゅう","migration, move, emigration, immigration"
"石鹸","せっけん","soap"
"よろしくお願いします","よろしくおねがいします","please remember me, please help me, please treat me well, I look forward to working with you; please do, please take care of"
"筆頭","ひっとう, ふでがしら","brush tip; first on a list; head, chief"
"","モーター, モータ","motor"
"ＯＵＴ","アウト","out (of a ball; in tennis, etc.), outside the line; out, putout; outer, external, outside; exit, exit here; front nine; no good, unacceptable, out of line, over, finished, disqualified; check-out time"
"","ベタ","betta (esp. the Siamese fighting fish, Betta splendens)"
"運搬","うんぱん","transport, transportation, conveyance, carriage"
"水槽","すいそう","water tank, cistern; fish tank, aquarium"
"更ける","ふける","to get late, to advance, to wear on"
"ラテン語","ラテンご","Latin (language)"
"","バルコニー","balcony"
"嫌疑","けんぎ","suspicion"
"とは言うものの","とはいうものの","having said that, be that as it may"
"喫茶","きっさ","tea drinking; teahouse, tearoom, coffee lounge, coffee shop, (rather formal) cafe"
"薬品","やくひん","medicine, chemicals"
"音色","ねいろ, おんしょく","tone color, tone colour, tone quality, timbre"
"事項","じこう","matter, item, facts"
"人員","じんいん","number of persons, personnel"
"望月","もちづき, ぼうげつ","full moon, moon on the 15th day of the month (by the lunar calendar); full moon of the eighth lunar month"
"手応え","てごたえ","feeling in the hands (when striking, poking, etc.), (feeling of) resistance; response (to one's efforts), reaction, (having an) effect (on)"
"小学","しょうがく","elementary school, primary school, grade school; school for children over eight years old in ancient China; traditional Chinese philology"
"敵対","てきたい","hostility, antagonism, opposition"
"竹林","ちくりん, たけばやし","bamboo thicket, bamboo grove"
"洗濯物","せんたくもの, せんたくもん","laundry, the washing"
"宗家","そうけ, そうか","head of family, head house; sōke, founder (of a style, etc.), originator"
"錨","いかり","anchor"
"士気","しき","morale (of troops, team, etc.), esprit de corps"
"楽園","らくえん","paradise, Eden"
"貧乏人","びんぼうにん","poor person, the poor"
"思い描く","おもいえがく","to imagine, to picture, to figure, to see"
"選択肢","せんたくし","choices, alternatives, options"
"手口","てぐち","modus operandi, criminal technique, trick"
"曲線","きょくせん","curve"
"雪崩","なだれ","avalanche, snowslide"
"","チケット, ティケット, テケツ","ticket"
"好感","こうかん","good feeling, good will, favourable impression, favorable impression"
"遺伝","いでん","heredity, (genetic) inheritance"
"原子","げんし","atom"
"視力","しりょく","eyesight, vision, visual acuity"
"声高","こわだか","loud (of a voice)"
"湖水","こすい","lake"
"","ラスト","last, final; end, conclusion, last one"
"","となったら","where ... is concerned, when it becomes, if it becomes"
"退職","たいしょく","retirement, resignation"
"空洞","くうどう","cavity, hollow, cave, cavern; hollow"
"名物","めいぶつ","famous product, special product, speciality, specialty"
"","プロジェクト","project"
"宛名","あてな","name and address (on an envelope, etc.), (addressee's) name, addressee"
"用紙","ようし","blank form; sheets of paper, sheet of paper"
"激情","げきじょう","violent emotion, passion, fury"
"","ざわざわ, ザワザワ","noisily (from many people talking), in a commotion; with a rustling sound (of leaves, branches, etc.), with a rippling sound (of the surface of a lake, etc.); feeling a chill, with a chill (up one's spine)"
"指揮者","しきしゃ","(musical) conductor; commander, leader, director"
"抜群","ばつぐん, ばっくん, バツグン","outstanding, excellent, exceptional, distinguished, unrivaled, surpassing (e.g. beauty), beyond compare"
"報いる","むくいる","to reward, to recompense, to repay; to retaliate, to get revenge"
"上","かみ","upper reaches (of a river), upper stream; top, upper part, upper half (of the body); long ago; beginning, first; person of high rank (e.g. the emperor); government, imperial court; imperial capital (i.e. Kyoto), capital region (i.e. Kansai), region (or direction of) the imperial palace; head (of a table); wife, mistress (of a restaurant)"
"苦難","くなん","suffering, distress, hardship, trial"
"","オートバイ","motorcycle, motorbike"
"土曜","どよう","Saturday"
"","リーグ","league"
"切実","せつじつ","earnest, sincere, acute, keen, fervent; pressing, urgent, serious, severe; pertinent, appropriate"
"余波","よは, なごり, なごろ","waves that remain after the wind has subsided; after-effect, aftermath"
"尤もらしい","もっともらしい","plausible, believable; solemn, dignified, serious"
"輸出","ゆしゅつ, しゅしゅつ","export, exportation; efferent"
"脂肪","しぼう","fat, grease, blubber, lard, suet"
"発覚","はっかく","detection (of a plot, fraud, etc.), discovery, coming to light, being uncovered"
"考察","こうさつ","consideration, inquiry, enquiry, investigation, study"
"破棄","はき","tearing up and discarding (e.g. documents), destruction; annulment, cancellation, abrogation, voiding, breaking (e.g. a treaty); reversal (of an original ruling on appeal), quashing"
"焼酎","しょうちゅう","shōchū, Japanese spirit distilled from sweet potatoes, rice, etc."
"誠意","せいい","sincerity, good faith"
"私服","しふく","ordinary clothes (i.e. non-uniform), plain clothes, civilian clothes, casual wear, mufti; plainclothes police officer"
"無性に","むしょうに","very much, intensely, overwhelmingly, excessively, irresistibly, without any obvious reason"
"共々","ともども","together, in company"
"南側","みなみがわ","south side"
"原文","げんぶん","original text"
"一身","いっしん","oneself, one's body"
